cat: '/sys/devices/system/cpu/cpu*/cpufreq/scaling_governor': No such file or directory
[Warning] [simulation_app.simulation_app] Modules: ['omni.kit_app'] were loaded before SimulationApp was started and might not be loaded correctly.
[Warning] [simulation_app.simulation_app] Please check to make sure no extra omniverse or pxr modules are imported before the call to SimulationApp(...)
Loading user config located at: '/root/miniforge3/envs/coordex/lib/python3.11/site-packages/omni/data/Kit/Isaac-Sim/5.0/user.config.json'
[Info] [carb] Logging to file: /root/miniforge3/envs/coordex/lib/python3.11/site-packages/omni/logs/Kit/Isaac-Sim/5.0/kit_20260815_074257.log
2026-08-15T02:12:58Z [243ms] [Warning] [carb.windowing-glfw.plugin] GLFW initialization failed.
2026-08-15T02:12:58Z [243ms] [Warning] [carb] Failed to startup plugin carb.windowing-glfw.plugin (interfaces: [carb::windowing::IGLContext v1.0],[carb::windowing::IWindowing v1.5]) (impl: carb.windowing-glfw.plugin)
2026-08-15T02:12:58Z [260ms] [Warning] [omni.platforminfo.plugin] failed to open the default display.  Can't verify X Server version.

|---------------------------------------------------------------------------------------------|
| Driver Version: 570.211.01    | Graphics API: Vulkan
|=============================================================================================|
| GPU | Name                             | Active | LDA | GPU Memory | Vendor-ID | LUID       |
|     |                                  |        |     |            | Device-ID | UUID       |
|     |                                  |        |     |            | Bus-ID    |            |
|---------------------------------------------------------------------------------------------|
| 0   | NVIDIA L4                        | Yes: 0 |     | 23034   MB | 10de      | 0          |
|     |                                  |        |     |            | 27b8      | bd8abbfe.. |
|     |                                  |        |     |            | 6         |            |
|=============================================================================================|
| OS: 22.04.5 LTS (Jammy Jellyfish) ubuntu, Version: 22.04.5, Kernel: 5.15.0-187-generic
| Processor: AMD EPYC 7543 32-Core Processor
| Cores: 8 | Logical Cores: 8
|---------------------------------------------------------------------------------------------|
| Total Memory (MB): 32087 | Free Memory: 30823
| Total Page/Swap (MB): 0 | Free Page/Swap: 0
|---------------------------------------------------------------------------------------------|
2026-08-15T02:12:59Z [1,189ms] [Warning] [gpu.foundation.plugin] ECC is enabled on physical device 0
2026-08-15T02:12:59Z [1,191ms] [Warning] [gpu.foundation.plugin] PCIe link width current (8) and maximum (16) for device 0 don't match.
2026-08-15T02:12:59Z [1,566ms] [Error] [omni.ext._impl.custom_importer] Failed to import python module omni.kit.test. Error: /lib/x86_64-linux-gnu/libstdc++.so.6: version `CXXABI_1.3.15' not found (required by /root/miniforge3/envs/coordex/lib/python3.11/lib-dynload/../.././libicui18n.so.78). Traceback:
Traceback (most recent call last):
  File "/root/miniforge3/envs/coordex/lib/python3.11/site-packages/omni/kernel/py/omni/ext/_impl/custom_importer.py", line 85, in import_module
    return importlib.import_module(name)
           ^^^^^^^^^^^^^^^^^^^^^^^^^^^^^
  File "/root/miniforge3/envs/coordex/lib/python3.11/importlib/__init__.py", line 126, in import_module
    return _bootstrap._gcd_import(name[level:], package, level)
           ^^^^^^^^^^^^^^^^^^^^^^^^^^^^^^^^^^^^^^^^^^^^^^^^^^^^
  File "<frozen importlib._bootstrap>", line 1204, in _gcd_import
  File "<frozen importlib._bootstrap>", line 1176, in _find_and_load
  File "<frozen importlib._bootstrap>", line 1147, in _find_and_load_unlocked
  File "<frozen importlib._bootstrap>", line 690, in _load_unlocked
  File "<frozen importlib._bootstrap_external>", line 940, in exec_module
  File "<frozen importlib._bootstrap>", line 241, in _call_with_frames_removed
  File "/root/miniforge3/envs/coordex/lib/python3.11/site-packages/isaacsim/extscache/omni.kit.test-2.0.1+8131b85d.lx64.r.cp311/omni/kit/test/__init__.py", line 7, in <module>
    from . import unittests
  File "/root/miniforge3/envs/coordex/lib/python3.11/site-packages/isaacsim/extscache/omni.kit.test-2.0.1+8131b85d.lx64.r.cp311/omni/kit/test/unittests.py", line 21, in <module>
    from .async_unittest import AsyncTestSuite, AsyncTextTestRunner, OmniTestResult, AsyncTestCase
  File "/root/miniforge3/envs/coordex/lib/python3.11/site-packages/isaacsim/extscache/omni.kit.test-2.0.1+8131b85d.lx64.r.cp311/omni/kit/test/async_unittest.py", line 25, in <module>
    from .reporter import TestReporter
  File "/root/miniforge3/envs/coordex/lib/python3.11/site-packages/isaacsim/extscache/omni.kit.test-2.0.1+8131b85d.lx64.r.cp311/omni/kit/test/reporter.py", line 27, in <module>
    from .test_coverage import generate_coverage_report
  File "/root/miniforge3/envs/coordex/lib/python3.11/site-packages/isaacsim/extscache/omni.kit.test-2.0.1+8131b85d.lx64.r.cp311/omni/kit/test/test_coverage.py", line 10, in <module>
    import coverage
  File "/root/miniforge3/envs/coordex/lib/python3.11/site-packages/coverage/__init__.py", line 24, in <module>
    from coverage.control import (
  File "/root/miniforge3/envs/coordex/lib/python3.11/site-packages/coverage/control.py", line 28, in <module>
    from coverage.collector import Collector, HAS_CTRACER
  File "/root/miniforge3/envs/coordex/lib/python3.11/site-packages/coverage/collector.py", line 19, in <module>
    from coverage.data import CoverageData
  File "/root/miniforge3/envs/coordex/lib/python3.11/site-packages/coverage/data.py", line 24, in <module>
    from coverage.sqldata import CoverageData
  File "/root/miniforge3/envs/coordex/lib/python3.11/site-packages/coverage/sqldata.py", line 16, in <module>
    import sqlite3
  File "/root/miniforge3/envs/coordex/lib/python3.11/sqlite3/__init__.py", line 57, in <module>
    from sqlite3.dbapi2 import *
  File "/root/miniforge3/envs/coordex/lib/python3.11/sqlite3/dbapi2.py", line 27, in <module>
    from _sqlite3 import *
ImportError: /lib/x86_64-linux-gnu/libstdc++.so.6: version `CXXABI_1.3.15' not found (required by /root/miniforge3/envs/coordex/lib/python3.11/lib-dynload/../.././libicui18n.so.78)

2026-08-15T02:12:59Z [1,566ms] [Error] [carb.scripting-python.plugin] Exception: Extension python module: 'omni.kit.test' in '/root/miniforge3/envs/coordex/lib/python3.11/site-packages/isaacsim/extscache/omni.kit.test-2.0.1+8131b85d.lx64.r.cp311' failed to load.

At:
  /root/miniforge3/envs/coordex/lib/python3.11/site-packages/omni/kernel/py/omni/ext/_impl/_internal.py(222): startup
  /root/miniforge3/envs/coordex/lib/python3.11/site-packages/omni/kernel/py/omni/ext/_impl/_internal.py(337): startup_extension
  PythonExtension.cpp::startup()(2): <module>
  /root/miniforge3/envs/coordex/lib/python3.11/site-packages/isaacsim/exts/isaacsim.simulation_app/isaacsim/simulation_app/simulation_app.py(466): _start_app
  /root/miniforge3/envs/coordex/lib/python3.11/site-packages/isaacsim/exts/isaacsim.simulation_app/isaacsim/simulation_app/simulation_app.py(230): __init__
  /root/IsaacLab/source/isaaclab/isaaclab/app/app_launcher.py(793): _create_app
  /root/IsaacLab/source/isaaclab/isaaclab/app/app_launcher.py(127): __init__
  /root/coordex/scripts/rsl_rl/play_weld.py(63): <module>

2026-08-15T02:12:59Z [1,567ms] [Error] [omni.ext.plugin] [ext: omni.kit.test-2.0.1] Failed to startup python extension.
2026-08-15T02:13:00Z [2,074ms] [Warning] [carb.windowing-glfw.plugin] GLFW initialization failed.
2026-08-15T02:13:00Z [2,074ms] [Warning] [carb] Failed to startup plugin carb.windowing-glfw.plugin (interfaces: [carb::windowing::IGLContext v1.0],[carb::windowing::IWindowing v1.5]) (impl: carb.windowing-glfw.plugin)
2026-08-15T02:13:00Z [2,099ms] [Warning] [carb.windowing-glfw.plugin] GLFW initialization failed.
2026-08-15T02:13:00Z [2,099ms] [Warning] [carb] Failed to startup plugin carb.windowing-glfw.plugin (interfaces: [carb::windowing::IGLContext v1.0],[carb::windowing::IWindowing v1.5]) (impl: carb.windowing-glfw.plugin)
2026-08-15T02:13:00Z [2,108ms] [Warning] [carb.windowing-glfw.plugin] GLFW initialization failed.
2026-08-15T02:13:00Z [2,108ms] [Warning] [carb] Failed to startup plugin carb.windowing-glfw.plugin (interfaces: [carb::windowing::IGLContext v1.0],[carb::windowing::IWindowing v1.5]) (impl: carb.windowing-glfw.plugin)
2026-08-15T02:13:00Z [2,133ms] [Warning] [carb.windowing-glfw.plugin] GLFW initialization failed.
2026-08-15T02:13:00Z [2,133ms] [Warning] [carb] Failed to startup plugin carb.windowing-glfw.plugin (interfaces: [carb::windowing::IGLContext v1.0],[carb::windowing::IWindowing v1.5]) (impl: carb.windowing-glfw.plugin)
2026-08-15T02:13:00Z [2,135ms] [Warning] [carb.windowing-glfw.plugin] GLFW initialization failed.
2026-08-15T02:13:00Z [2,135ms] [Warning] [carb] Failed to startup plugin carb.windowing-glfw.plugin (interfaces: [carb::windowing::IGLContext v1.0],[carb::windowing::IWindowing v1.5]) (impl: carb.windowing-glfw.plugin)
2026-08-15T02:13:00Z [2,137ms] [Warning] [carb.windowing-glfw.plugin] GLFW initialization failed.
2026-08-15T02:13:00Z [2,137ms] [Warning] [carb] Failed to startup plugin carb.windowing-glfw.plugin (interfaces: [carb::windowing::IGLContext v1.0],[carb::windowing::IWindowing v1.5]) (impl: carb.windowing-glfw.plugin)
2026-08-15T02:13:00Z [2,312ms] [Warning] [omni.log] Source: omni.hydra was already registered.
2026-08-15T02:13:00Z [2,650ms] [Error] [omni.graph.tools._impl.internal.extension_contents_1_18] Exception while importing test omni.graph.scriptnode.ogn.tests.TestOgnScriptNode: Traceback (most recent call last):
  File "/root/miniforge3/envs/coordex/lib/python3.11/site-packages/isaacsim/extscache/omni.graph.tools-1.79.2+8131b85d/omni/graph/tools/_impl/internal/extension_contents_1_18.py", line 394, in do_import_test_definition
    test_module = load_module_from_file(test_module_name, test_file)
                  ^^^^^^^^^^^^^^^^^^^^^^^^^^^^^^^^^^^^^^^^^^^^^^^^^^
  File "/root/miniforge3/envs/coordex/lib/python3.11/site-packages/isaacsim/extscache/omni.graph.tools-1.79.2+8131b85d/omni/graph/tools/_impl/internal/file_utils.py", line 239, in load_module_from_file
    spec.loader.exec_module(module)
  File "<frozen importlib._bootstrap_external>", line 940, in exec_module
  File "<frozen importlib._bootstrap>", line 241, in _call_with_frames_removed
  File "/root/miniforge3/envs/coordex/lib/python3.11/site-packages/isaacsim/extscache/omni.graph.scriptnode-1.50.0+107.3.0/omni/graph/scriptnode/ogn/tests/TestOgnScriptNode.py", line 4, in <module>
    import omni.graph.core.tests as ogts
  File "/root/miniforge3/envs/coordex/lib/python3.11/site-packages/isaacsim/extscache/omni.graph-1.141.2+8131b85d.lx64.r.cp311/omni/graph/core/tests/__init__.py", line 20, in <module>
    from .omnigraph_test_utils import OmniGraphTestCase
  File "/root/miniforge3/envs/coordex/lib/python3.11/site-packages/isaacsim/extscache/omni.graph-1.141.2+8131b85d.lx64.r.cp311/omni/graph/core/tests/omnigraph_test_utils.py", line 198, in <module>
    OmniGraphTestCase = test_case_class()
                        ^^^^^^^^^^^^^^^^^
  File "/root/miniforge3/envs/coordex/lib/python3.11/site-packages/isaacsim/extscache/omni.graph-1.141.2+8131b85d.lx64.r.cp311/omni/graph/core/tests/omnigraph_test_utils.py", line 135, in test_case_class
    base_class = omni.kit.test.AsyncTestCase
                 ^^^^^^^^^^^^^
AttributeError: module 'omni.kit' has no attribute 'test'

2026-08-15T02:13:00Z [2,660ms] [Error] [omni.ext._impl.custom_importer] Failed to import python module omni.kit.window.material_graph.tests. Error: /lib/x86_64-linux-gnu/libstdc++.so.6: version `CXXABI_1.3.15' not found (required by /root/miniforge3/envs/coordex/lib/python3.11/lib-dynload/../.././libicui18n.so.78). Traceback:
Traceback (most recent call last):
  File "/root/miniforge3/envs/coordex/lib/python3.11/site-packages/omni/kernel/py/omni/ext/_impl/custom_importer.py", line 85, in import_module
    return importlib.import_module(name)
           ^^^^^^^^^^^^^^^^^^^^^^^^^^^^^
  File "/root/miniforge3/envs/coordex/lib/python3.11/importlib/__init__.py", line 126, in import_module
    return _bootstrap._gcd_import(name[level:], package, level)
           ^^^^^^^^^^^^^^^^^^^^^^^^^^^^^^^^^^^^^^^^^^^^^^^^^^^^
  File "<frozen importlib._bootstrap>", line 1204, in _gcd_import
  File "<frozen importlib._bootstrap>", line 1176, in _find_and_load
  File "<frozen importlib._bootstrap>", line 1147, in _find_and_load_unlocked
  File "<frozen importlib._bootstrap>", line 690, in _load_unlocked
  File "<frozen importlib._bootstrap_external>", line 940, in exec_module
  File "<frozen importlib._bootstrap>", line 241, in _call_with_frames_removed
  File "/root/miniforge3/envs/coordex/lib/python3.11/site-packages/isaacsim/extscache/omni.kit.window.material_graph-1.8.23/omni/kit/window/material_graph/tests/__init__.py", line 9, in <module>
    from .material_graph_test import TestMaterialGraph
  File "/root/miniforge3/envs/coordex/lib/python3.11/site-packages/isaacsim/extscache/omni.kit.window.material_graph-1.8.23/omni/kit/window/material_graph/tests/material_graph_test.py", line 17, in <module>
    from omni.ui.tests.test_base import OmniUiTest
  File "/root/miniforge3/envs/coordex/lib/python3.11/site-packages/isaacsim/extscache/omni.ui-2.26.18+8131b85d.lx64.r.cp311/omni/ui/tests/__init__.py", line 10, in <module>
    from .test_canvasframe import TestCanvasFrame
  File "/root/miniforge3/envs/coordex/lib/python3.11/site-packages/isaacsim/extscache/omni.ui-2.26.18+8131b85d.lx64.r.cp311/omni/ui/tests/test_canvasframe.py", line 9, in <module>
    import omni.kit.test
  File "/root/miniforge3/envs/coordex/lib/python3.11/site-packages/isaacsim/extscache/omni.kit.test-2.0.1+8131b85d.lx64.r.cp311/omni/kit/test/__init__.py", line 7, in <module>
    from . import unittests
  File "/root/miniforge3/envs/coordex/lib/python3.11/site-packages/isaacsim/extscache/omni.kit.test-2.0.1+8131b85d.lx64.r.cp311/omni/kit/test/unittests.py", line 21, in <module>
    from .async_unittest import AsyncTestSuite, AsyncTextTestRunner, OmniTestResult, AsyncTestCase
  File "/root/miniforge3/envs/coordex/lib/python3.11/site-packages/isaacsim/extscache/omni.kit.test-2.0.1+8131b85d.lx64.r.cp311/omni/kit/test/async_unittest.py", line 25, in <module>
    from .reporter import TestReporter
  File "/root/miniforge3/envs/coordex/lib/python3.11/site-packages/isaacsim/extscache/omni.kit.test-2.0.1+8131b85d.lx64.r.cp311/omni/kit/test/reporter.py", line 27, in <module>
    from .test_coverage import generate_coverage_report
  File "/root/miniforge3/envs/coordex/lib/python3.11/site-packages/isaacsim/extscache/omni.kit.test-2.0.1+8131b85d.lx64.r.cp311/omni/kit/test/test_coverage.py", line 10, in <module>
    import coverage
  File "/root/miniforge3/envs/coordex/lib/python3.11/site-packages/coverage/__init__.py", line 24, in <module>
    from coverage.control import (
  File "/root/miniforge3/envs/coordex/lib/python3.11/site-packages/coverage/control.py", line 28, in <module>
    from coverage.collector import Collector, HAS_CTRACER
  File "/root/miniforge3/envs/coordex/lib/python3.11/site-packages/coverage/collector.py", line 19, in <module>
    from coverage.data import CoverageData
  File "/root/miniforge3/envs/coordex/lib/python3.11/site-packages/coverage/data.py", line 24, in <module>
    from coverage.sqldata import CoverageData
  File "/root/miniforge3/envs/coordex/lib/python3.11/site-packages/coverage/sqldata.py", line 16, in <module>
    import sqlite3
  File "/root/miniforge3/envs/coordex/lib/python3.11/sqlite3/__init__.py", line 57, in <module>
    from sqlite3.dbapi2 import *
  File "/root/miniforge3/envs/coordex/lib/python3.11/sqlite3/dbapi2.py", line 27, in <module>
    from _sqlite3 import *
ImportError: /lib/x86_64-linux-gnu/libstdc++.so.6: version `CXXABI_1.3.15' not found (required by /root/miniforge3/envs/coordex/lib/python3.11/lib-dynload/../.././libicui18n.so.78)

2026-08-15T02:13:00Z [2,660ms] [Error] [carb.scripting-python.plugin] Exception: Extension python module: 'omni.kit.window.material_graph.tests' in '/root/miniforge3/envs/coordex/lib/python3.11/site-packages/isaacsim/extscache/omni.kit.window.material_graph-1.8.23' failed to load.

At:
  /root/miniforge3/envs/coordex/lib/python3.11/site-packages/omni/kernel/py/omni/ext/_impl/_internal.py(222): startup
  /root/miniforge3/envs/coordex/lib/python3.11/site-packages/omni/kernel/py/omni/ext/_impl/_internal.py(337): startup_extension
  PythonExtension.cpp::startup()(2): <module>
  /root/miniforge3/envs/coordex/lib/python3.11/site-packages/isaacsim/exts/isaacsim.simulation_app/isaacsim/simulation_app/simulation_app.py(466): _start_app
  /root/miniforge3/envs/coordex/lib/python3.11/site-packages/isaacsim/exts/isaacsim.simulation_app/isaacsim/simulation_app/simulation_app.py(230): __init__
  /root/IsaacLab/source/isaaclab/isaaclab/app/app_launcher.py(793): _create_app
  /root/IsaacLab/source/isaaclab/isaaclab/app/app_launcher.py(127): __init__
  /root/coordex/scripts/rsl_rl/play_weld.py(63): <module>

2026-08-15T02:13:00Z [2,660ms] [Error] [omni.ext.plugin] [ext: omni.kit.window.material_graph-1.8.23] Failed to startup python extension.
2026-08-15T02:13:00Z [2,662ms] [Warning] [omni.kit.ui.editor_menu] remove_item menu Window/MDL Material Graph not found
2026-08-15T02:13:00Z [2,825ms] [Warning] [omni.isaac.dynamic_control] omni.isaac.dynamic_control is deprecated as of Isaac Sim 4.5. No action is needed from end-users.
2026-08-15T02:13:01Z [3,329ms] [Error] [omni.graph.tools._impl.internal.extension_contents_1_18] Exception while importing test omni.graph.action_nodes.ogn.tests.TestOgnOnLoaded: Traceback (most recent call last):
  File "/root/miniforge3/envs/coordex/lib/python3.11/site-packages/isaacsim/extscache/omni.graph.tools-1.79.2+8131b85d/omni/graph/tools/_impl/internal/extension_contents_1_18.py", line 394, in do_import_test_definition
    test_module = load_module_from_file(test_module_name, test_file)
                  ^^^^^^^^^^^^^^^^^^^^^^^^^^^^^^^^^^^^^^^^^^^^^^^^^^
  File "/root/miniforge3/envs/coordex/lib/python3.11/site-packages/isaacsim/extscache/omni.graph.tools-1.79.2+8131b85d/omni/graph/tools/_impl/internal/file_utils.py", line 239, in load_module_from_file
    spec.loader.exec_module(module)
  File "<frozen importlib._bootstrap_external>", line 940, in exec_module
  File "<frozen importlib._bootstrap>", line 241, in _call_with_frames_removed
  File "/root/miniforge3/envs/coordex/lib/python3.11/site-packages/isaacsim/extscache/omni.graph.action_nodes-1.50.4+107.3.0.lx64.r.cp311.u353/omni/graph/action_nodes/ogn/tests/TestOgnOnLoaded.py", line 4, in <module>
    import omni.graph.core.tests as ogts
  File "/root/miniforge3/envs/coordex/lib/python3.11/site-packages/isaacsim/extscache/omni.graph-1.141.2+8131b85d.lx64.r.cp311/omni/graph/core/tests/__init__.py", line 20, in <module>
    from .omnigraph_test_utils import OmniGraphTestCase
  File "/root/miniforge3/envs/coordex/lib/python3.11/site-packages/isaacsim/extscache/omni.graph-1.141.2+8131b85d.lx64.r.cp311/omni/graph/core/tests/omnigraph_test_utils.py", line 198, in <module>
    OmniGraphTestCase = test_case_class()
                        ^^^^^^^^^^^^^^^^^
  File "/root/miniforge3/envs/coordex/lib/python3.11/site-packages/isaacsim/extscache/omni.graph-1.141.2+8131b85d.lx64.r.cp311/omni/graph/core/tests/omnigraph_test_utils.py", line 135, in test_case_class
    base_class = omni.kit.test.AsyncTestCase
                 ^^^^^^^^^^^^^
AttributeError: module 'omni.kit' has no attribute 'test'

2026-08-15T02:13:01Z [3,356ms] [Error] [omni.graph.tools._impl.internal.extension_contents_1_18] Exception while importing test omni.graph.action_nodes.ogn.tests.TestOgnOnObjectChange: Traceback (most recent call last):
  File "/root/miniforge3/envs/coordex/lib/python3.11/site-packages/isaacsim/extscache/omni.graph.tools-1.79.2+8131b85d/omni/graph/tools/_impl/internal/extension_contents_1_18.py", line 394, in do_import_test_definition
    test_module = load_module_from_file(test_module_name, test_file)
                  ^^^^^^^^^^^^^^^^^^^^^^^^^^^^^^^^^^^^^^^^^^^^^^^^^^
  File "/root/miniforge3/envs/coordex/lib/python3.11/site-packages/isaacsim/extscache/omni.graph.tools-1.79.2+8131b85d/omni/graph/tools/_impl/internal/file_utils.py", line 239, in load_module_from_file
    spec.loader.exec_module(module)
  File "<frozen importlib._bootstrap_external>", line 940, in exec_module
  File "<frozen importlib._bootstrap>", line 241, in _call_with_frames_removed
  File "/root/miniforge3/envs/coordex/lib/python3.11/site-packages/isaacsim/extscache/omni.graph.action_nodes-1.50.4+107.3.0.lx64.r.cp311.u353/omni/graph/action_nodes/ogn/tests/TestOgnOnObjectChange.py", line 2, in <module>
    import omni.kit.test
  File "/root/miniforge3/envs/coordex/lib/python3.11/site-packages/isaacsim/extscache/omni.kit.test-2.0.1+8131b85d.lx64.r.cp311/omni/kit/test/__init__.py", line 7, in <module>
    from . import unittests
  File "/root/miniforge3/envs/coordex/lib/python3.11/site-packages/isaacsim/extscache/omni.kit.test-2.0.1+8131b85d.lx64.r.cp311/omni/kit/test/unittests.py", line 21, in <module>
    from .async_unittest import AsyncTestSuite, AsyncTextTestRunner, OmniTestResult, AsyncTestCase
  File "/root/miniforge3/envs/coordex/lib/python3.11/site-packages/isaacsim/extscache/omni.kit.test-2.0.1+8131b85d.lx64.r.cp311/omni/kit/test/async_unittest.py", line 25, in <module>
    from .reporter import TestReporter
  File "/root/miniforge3/envs/coordex/lib/python3.11/site-packages/isaacsim/extscache/omni.kit.test-2.0.1+8131b85d.lx64.r.cp311/omni/kit/test/reporter.py", line 27, in <module>
    from .test_coverage import generate_coverage_report
  File "/root/miniforge3/envs/coordex/lib/python3.11/site-packages/isaacsim/extscache/omni.kit.test-2.0.1+8131b85d.lx64.r.cp311/omni/kit/test/test_coverage.py", line 10, in <module>
    import coverage
  File "/root/miniforge3/envs/coordex/lib/python3.11/site-packages/coverage/__init__.py", line 24, in <module>
    from coverage.control import (
  File "/root/miniforge3/envs/coordex/lib/python3.11/site-packages/coverage/control.py", line 28, in <module>
    from coverage.collector import Collector, HAS_CTRACER
  File "/root/miniforge3/envs/coordex/lib/python3.11/site-packages/coverage/collector.py", line 19, in <module>
    from coverage.data import CoverageData
  File "/root/miniforge3/envs/coordex/lib/python3.11/site-packages/coverage/data.py", line 24, in <module>
    from coverage.sqldata import CoverageData
  File "/root/miniforge3/envs/coordex/lib/python3.11/site-packages/coverage/sqldata.py", line 16, in <module>
    import sqlite3
  File "/root/miniforge3/envs/coordex/lib/python3.11/sqlite3/__init__.py", line 57, in <module>
    from sqlite3.dbapi2 import *
  File "/root/miniforge3/envs/coordex/lib/python3.11/sqlite3/dbapi2.py", line 27, in <module>
    from _sqlite3 import *
ImportError: /lib/x86_64-linux-gnu/libstdc++.so.6: version `CXXABI_1.3.15' not found (required by /root/miniforge3/envs/coordex/lib/python3.11/lib-dynload/../.././libicui18n.so.78)

2026-08-15T02:13:01Z [3,357ms] [Error] [omni.graph.tools._impl.internal.extension_contents_1_18] Exception while importing test omni.graph.action_nodes.ogn.tests.TestOgnSequence: Traceback (most recent call last):
  File "/root/miniforge3/envs/coordex/lib/python3.11/site-packages/isaacsim/extscache/omni.graph.tools-1.79.2+8131b85d/omni/graph/tools/_impl/internal/extension_contents_1_18.py", line 394, in do_import_test_definition
    test_module = load_module_from_file(test_module_name, test_file)
                  ^^^^^^^^^^^^^^^^^^^^^^^^^^^^^^^^^^^^^^^^^^^^^^^^^^
  File "/root/miniforge3/envs/coordex/lib/python3.11/site-packages/isaacsim/extscache/omni.graph.tools-1.79.2+8131b85d/omni/graph/tools/_impl/internal/file_utils.py", line 239, in load_module_from_file
    spec.loader.exec_module(module)
  File "<frozen importlib._bootstrap_external>", line 940, in exec_module
  File "<frozen importlib._bootstrap>", line 241, in _call_with_frames_removed
  File "/root/miniforge3/envs/coordex/lib/python3.11/site-packages/isaacsim/extscache/omni.graph.action_nodes-1.50.4+107.3.0.lx64.r.cp311.u353/omni/graph/action_nodes/ogn/tests/TestOgnSequence.py", line 4, in <module>
    import omni.graph.core.tests as ogts
  File "/root/miniforge3/envs/coordex/lib/python3.11/site-packages/isaacsim/extscache/omni.graph-1.141.2+8131b85d.lx64.r.cp311/omni/graph/core/tests/__init__.py", line 20, in <module>
    from .omnigraph_test_utils import OmniGraphTestCase
  File "/root/miniforge3/envs/coordex/lib/python3.11/site-packages/isaacsim/extscache/omni.graph-1.141.2+8131b85d.lx64.r.cp311/omni/graph/core/tests/omnigraph_test_utils.py", line 198, in <module>
    OmniGraphTestCase = test_case_class()
                        ^^^^^^^^^^^^^^^^^
  File "/root/miniforge3/envs/coordex/lib/python3.11/site-packages/isaacsim/extscache/omni.graph-1.141.2+8131b85d.lx64.r.cp311/omni/graph/core/tests/omnigraph_test_utils.py", line 135, in test_case_class
    base_class = omni.kit.test.AsyncTestCase
                 ^^^^^^^^^^^^^
AttributeError: module 'omni.kit' has no attribute 'test'

2026-08-15T02:13:01Z [3,412ms] [Error] [omni.graph.tools._impl.internal.extension_contents_1_18] Exception while importing test omni.graph.action_nodes.ogn.tests.TestOgnOnMouseInput: Traceback (most recent call last):
  File "/root/miniforge3/envs/coordex/lib/python3.11/site-packages/isaacsim/extscache/omni.graph.tools-1.79.2+8131b85d/omni/graph/tools/_impl/internal/extension_contents_1_18.py", line 394, in do_import_test_definition
    test_module = load_module_from_file(test_module_name, test_file)
                  ^^^^^^^^^^^^^^^^^^^^^^^^^^^^^^^^^^^^^^^^^^^^^^^^^^
  File "/root/miniforge3/envs/coordex/lib/python3.11/site-packages/isaacsim/extscache/omni.graph.tools-1.79.2+8131b85d/omni/graph/tools/_impl/internal/file_utils.py", line 239, in load_module_from_file
    spec.loader.exec_module(module)
  File "<frozen importlib._bootstrap_external>", line 940, in exec_module
  File "<frozen importlib._bootstrap>", line 241, in _call_with_frames_removed
  File "/root/miniforge3/envs/coordex/lib/python3.11/site-packages/isaacsim/extscache/omni.graph.action_nodes-1.50.4+107.3.0.lx64.r.cp311.u353/omni/graph/action_nodes/ogn/tests/TestOgnOnMouseInput.py", line 4, in <module>
    import omni.graph.core.tests as ogts
  File "/root/miniforge3/envs/coordex/lib/python3.11/site-packages/isaacsim/extscache/omni.graph-1.141.2+8131b85d.lx64.r.cp311/omni/graph/core/tests/__init__.py", line 20, in <module>
    from .omnigraph_test_utils import OmniGraphTestCase
  File "/root/miniforge3/envs/coordex/lib/python3.11/site-packages/isaacsim/extscache/omni.graph-1.141.2+8131b85d.lx64.r.cp311/omni/graph/core/tests/omnigraph_test_utils.py", line 198, in <module>
    OmniGraphTestCase = test_case_class()
                        ^^^^^^^^^^^^^^^^^
  File "/root/miniforge3/envs/coordex/lib/python3.11/site-packages/isaacsim/extscache/omni.graph-1.141.2+8131b85d.lx64.r.cp311/omni/graph/core/tests/omnigraph_test_utils.py", line 135, in test_case_class
    base_class = omni.kit.test.AsyncTestCase
                 ^^^^^^^^^^^^^
AttributeError: cannot access submodule 'test' of module 'omni.kit' (most likely due to a circular import)

2026-08-15T02:13:01Z [3,429ms] [Error] [omni.graph.tools._impl.internal.extension_contents_1_18] Exception while importing test omni.graph.action_nodes.ogn.tests.TestOgnForEach: Traceback (most recent call last):
  File "/root/miniforge3/envs/coordex/lib/python3.11/site-packages/isaacsim/extscache/omni.graph.tools-1.79.2+8131b85d/omni/graph/tools/_impl/internal/extension_contents_1_18.py", line 394, in do_import_test_definition
    test_module = load_module_from_file(test_module_name, test_file)
                  ^^^^^^^^^^^^^^^^^^^^^^^^^^^^^^^^^^^^^^^^^^^^^^^^^^
  File "/root/miniforge3/envs/coordex/lib/python3.11/site-packages/isaacsim/extscache/omni.graph.tools-1.79.2+8131b85d/omni/graph/tools/_impl/internal/file_utils.py", line 239, in load_module_from_file
    spec.loader.exec_module(module)
  File "<frozen importlib._bootstrap_external>", line 940, in exec_module
  File "<frozen importlib._bootstrap>", line 241, in _call_with_frames_removed
  File "/root/miniforge3/envs/coordex/lib/python3.11/site-packages/isaacsim/extscache/omni.graph.action_nodes-1.50.4+107.3.0.lx64.r.cp311.u353/omni/graph/action_nodes/ogn/tests/TestOgnForEach.py", line 4, in <module>
    import omni.graph.core.tests as ogts
  File "/root/miniforge3/envs/coordex/lib/python3.11/site-packages/isaacsim/extscache/omni.graph-1.141.2+8131b85d.lx64.r.cp311/omni/graph/core/tests/__init__.py", line 20, in <module>
    from .omnigraph_test_utils import OmniGraphTestCase
  File "/root/miniforge3/envs/coordex/lib/python3.11/site-packages/isaacsim/extscache/omni.graph-1.141.2+8131b85d.lx64.r.cp311/omni/graph/core/tests/omnigraph_test_utils.py", line 198, in <module>
    OmniGraphTestCase = test_case_class()
                        ^^^^^^^^^^^^^^^^^
  File "/root/miniforge3/envs/coordex/lib/python3.11/site-packages/isaacsim/extscache/omni.graph-1.141.2+8131b85d.lx64.r.cp311/omni/graph/core/tests/omnigraph_test_utils.py", line 135, in test_case_class
    base_class = omni.kit.test.AsyncTestCase
                 ^^^^^^^^^^^^^
AttributeError: cannot access submodule 'test' of module 'omni.kit' (most likely due to a circular import)

2026-08-15T02:13:01Z [3,466ms] [Error] [omni.graph.tools._impl.internal.extension_contents_1_18] Exception while importing test omni.graph.action_nodes.ogn.tests.TestOgnOnMessageBusEvent: Traceback (most recent call last):
  File "/root/miniforge3/envs/coordex/lib/python3.11/site-packages/isaacsim/extscache/omni.graph.tools-1.79.2+8131b85d/omni/graph/tools/_impl/internal/extension_contents_1_18.py", line 394, in do_import_test_definition
    test_module = load_module_from_file(test_module_name, test_file)
                  ^^^^^^^^^^^^^^^^^^^^^^^^^^^^^^^^^^^^^^^^^^^^^^^^^^
  File "/root/miniforge3/envs/coordex/lib/python3.11/site-packages/isaacsim/extscache/omni.graph.tools-1.79.2+8131b85d/omni/graph/tools/_impl/internal/file_utils.py", line 239, in load_module_from_file
    spec.loader.exec_module(module)
  File "<frozen importlib._bootstrap_external>", line 940, in exec_module
  File "<frozen importlib._bootstrap>", line 241, in _call_with_frames_removed
  File "/root/miniforge3/envs/coordex/lib/python3.11/site-packages/isaacsim/extscache/omni.graph.action_nodes-1.50.4+107.3.0.lx64.r.cp311.u353/omni/graph/action_nodes/ogn/tests/TestOgnOnMessageBusEvent.py", line 4, in <module>
    import omni.graph.core.tests as ogts
ImportError: cannot import name 'tests' from 'omni.graph.core' (/root/miniforge3/envs/coordex/lib/python3.11/site-packages/isaacsim/extscache/omni.graph-1.141.2+8131b85d.lx64.r.cp311/omni/graph/core/__init__.py)

2026-08-15T02:13:01Z [3,472ms] [Error] [omni.graph.tools._impl.internal.extension_contents_1_18] Exception while importing test omni.graph.action_nodes.ogn.tests.TestOgnBranch: Traceback (most recent call last):
  File "/root/miniforge3/envs/coordex/lib/python3.11/site-packages/isaacsim/extscache/omni.graph.tools-1.79.2+8131b85d/omni/graph/tools/_impl/internal/extension_contents_1_18.py", line 394, in do_import_test_definition
    test_module = load_module_from_file(test_module_name, test_file)
                  ^^^^^^^^^^^^^^^^^^^^^^^^^^^^^^^^^^^^^^^^^^^^^^^^^^
  File "/root/miniforge3/envs/coordex/lib/python3.11/site-packages/isaacsim/extscache/omni.graph.tools-1.79.2+8131b85d/omni/graph/tools/_impl/internal/file_utils.py", line 239, in load_module_from_file
    spec.loader.exec_module(module)
  File "<frozen importlib._bootstrap_external>", line 940, in exec_module
  File "<frozen importlib._bootstrap>", line 241, in _call_with_frames_removed
  File "/root/miniforge3/envs/coordex/lib/python3.11/site-packages/isaacsim/extscache/omni.graph.action_nodes-1.50.4+107.3.0.lx64.r.cp311.u353/omni/graph/action_nodes/ogn/tests/TestOgnBranch.py", line 4, in <module>
    import omni.graph.core.tests as ogts
  File "/root/miniforge3/envs/coordex/lib/python3.11/site-packages/isaacsim/extscache/omni.graph-1.141.2+8131b85d.lx64.r.cp311/omni/graph/core/tests/__init__.py", line 20, in <module>
    from .omnigraph_test_utils import OmniGraphTestCase
  File "/root/miniforge3/envs/coordex/lib/python3.11/site-packages/isaacsim/extscache/omni.graph-1.141.2+8131b85d.lx64.r.cp311/omni/graph/core/tests/omnigraph_test_utils.py", line 198, in <module>
    OmniGraphTestCase = test_case_class()
                        ^^^^^^^^^^^^^^^^^
  File "/root/miniforge3/envs/coordex/lib/python3.11/site-packages/isaacsim/extscache/omni.graph-1.141.2+8131b85d.lx64.r.cp311/omni/graph/core/tests/omnigraph_test_utils.py", line 135, in test_case_class
    base_class = omni.kit.test.AsyncTestCase
                 ^^^^^^^^^^^^^
AttributeError: cannot access submodule 'test' of module 'omni.kit' (most likely due to a circular import)

2026-08-15T02:13:01Z [3,497ms] [Error] [omni.graph.tools._impl.internal.extension_contents_1_18] Exception while importing test omni.graph.action_nodes.ogn.tests.TestOgnSetPrimActive: Traceback (most recent call last):
  File "/root/miniforge3/envs/coordex/lib/python3.11/site-packages/isaacsim/extscache/omni.graph.tools-1.79.2+8131b85d/omni/graph/tools/_impl/internal/extension_contents_1_18.py", line 394, in do_import_test_definition
    test_module = load_module_from_file(test_module_name, test_file)
                  ^^^^^^^^^^^^^^^^^^^^^^^^^^^^^^^^^^^^^^^^^^^^^^^^^^
  File "/root/miniforge3/envs/coordex/lib/python3.11/site-packages/isaacsim/extscache/omni.graph.tools-1.79.2+8131b85d/omni/graph/tools/_impl/internal/file_utils.py", line 239, in load_module_from_file
    spec.loader.exec_module(module)
  File "<frozen importlib._bootstrap_external>", line 940, in exec_module
  File "<frozen importlib._bootstrap>", line 241, in _call_with_frames_removed
  File "/root/miniforge3/envs/coordex/lib/python3.11/site-packages/isaacsim/extscache/omni.graph.action_nodes-1.50.4+107.3.0.lx64.r.cp311.u353/omni/graph/action_nodes/ogn/tests/TestOgnSetPrimActive.py", line 4, in <module>
    import omni.graph.core.tests as ogts
  File "/root/miniforge3/envs/coordex/lib/python3.11/site-packages/isaacsim/extscache/omni.graph-1.141.2+8131b85d.lx64.r.cp311/omni/graph/core/tests/__init__.py", line 20, in <module>
    from .omnigraph_test_utils import OmniGraphTestCase
  File "/root/miniforge3/envs/coordex/lib/python3.11/site-packages/isaacsim/extscache/omni.graph-1.141.2+8131b85d.lx64.r.cp311/omni/graph/core/tests/omnigraph_test_utils.py", line 198, in <module>
    OmniGraphTestCase = test_case_class()
                        ^^^^^^^^^^^^^^^^^
  File "/root/miniforge3/envs/coordex/lib/python3.11/site-packages/isaacsim/extscache/omni.graph-1.141.2+8131b85d.lx64.r.cp311/omni/graph/core/tests/omnigraph_test_utils.py", line 135, in test_case_class
    base_class = omni.kit.test.AsyncTestCase
                 ^^^^^^^^^^^^^
AttributeError: module 'omni.kit' has no attribute 'test'

2026-08-15T02:13:01Z [3,505ms] [Error] [omni.graph.tools._impl.internal.extension_contents_1_18] Exception while importing test omni.graph.action_nodes.ogn.tests.TestOgnGate: Traceback (most recent call last):
  File "/root/miniforge3/envs/coordex/lib/python3.11/site-packages/isaacsim/extscache/omni.graph.tools-1.79.2+8131b85d/omni/graph/tools/_impl/internal/extension_contents_1_18.py", line 394, in do_import_test_definition
    test_module = load_module_from_file(test_module_name, test_file)
                  ^^^^^^^^^^^^^^^^^^^^^^^^^^^^^^^^^^^^^^^^^^^^^^^^^^
  File "/root/miniforge3/envs/coordex/lib/python3.11/site-packages/isaacsim/extscache/omni.graph.tools-1.79.2+8131b85d/omni/graph/tools/_impl/internal/file_utils.py", line 239, in load_module_from_file
    spec.loader.exec_module(module)
  File "<frozen importlib._bootstrap_external>", line 940, in exec_module
  File "<frozen importlib._bootstrap>", line 241, in _call_with_frames_removed
  File "/root/miniforge3/envs/coordex/lib/python3.11/site-packages/isaacsim/extscache/omni.graph.action_nodes-1.50.4+107.3.0.lx64.r.cp311.u353/omni/graph/action_nodes/ogn/tests/TestOgnGate.py", line 4, in <module>
    import omni.graph.core.tests as ogts
  File "/root/miniforge3/envs/coordex/lib/python3.11/site-packages/isaacsim/extscache/omni.graph-1.141.2+8131b85d.lx64.r.cp311/omni/graph/core/tests/__init__.py", line 20, in <module>
    from .omnigraph_test_utils import OmniGraphTestCase
  File "/root/miniforge3/envs/coordex/lib/python3.11/site-packages/isaacsim/extscache/omni.graph-1.141.2+8131b85d.lx64.r.cp311/omni/graph/core/tests/omnigraph_test_utils.py", line 198, in <module>
    OmniGraphTestCase = test_case_class()
                        ^^^^^^^^^^^^^^^^^
  File "/root/miniforge3/envs/coordex/lib/python3.11/site-packages/isaacsim/extscache/omni.graph-1.141.2+8131b85d.lx64.r.cp311/omni/graph/core/tests/omnigraph_test_utils.py", line 135, in test_case_class
    base_class = omni.kit.test.AsyncTestCase
                 ^^^^^^^^^^^^^
AttributeError: cannot access submodule 'test' of module 'omni.kit' (most likely due to a circular import)

2026-08-15T02:13:01Z [3,509ms] [Error] [omni.graph.tools._impl.internal.extension_contents_1_18] Exception while importing test omni.graph.action_nodes.ogn.tests.TestOgnOnce: Traceback (most recent call last):
  File "/root/miniforge3/envs/coordex/lib/python3.11/site-packages/isaacsim/extscache/omni.graph.tools-1.79.2+8131b85d/omni/graph/tools/_impl/internal/extension_contents_1_18.py", line 394, in do_import_test_definition
    test_module = load_module_from_file(test_module_name, test_file)
                  ^^^^^^^^^^^^^^^^^^^^^^^^^^^^^^^^^^^^^^^^^^^^^^^^^^
  File "/root/miniforge3/envs/coordex/lib/python3.11/site-packages/isaacsim/extscache/omni.graph.tools-1.79.2+8131b85d/omni/graph/tools/_impl/internal/file_utils.py", line 239, in load_module_from_file
    spec.loader.exec_module(module)
  File "<frozen importlib._bootstrap_external>", line 940, in exec_module
  File "<frozen importlib._bootstrap>", line 241, in _call_with_frames_removed
  File "/root/miniforge3/envs/coordex/lib/python3.11/site-packages/isaacsim/extscache/omni.graph.action_nodes-1.50.4+107.3.0.lx64.r.cp311.u353/omni/graph/action_nodes/ogn/tests/TestOgnOnce.py", line 4, in <module>
    import omni.graph.core.tests as ogts
ImportError: cannot import name 'tests' from 'omni.graph.core' (/root/miniforge3/envs/coordex/lib/python3.11/site-packages/isaacsim/extscache/omni.graph-1.141.2+8131b85d.lx64.r.cp311/omni/graph/core/__init__.py)

2026-08-15T02:13:01Z [3,511ms] [Error] [omni.graph.tools._impl.internal.extension_contents_1_18] Exception while importing test omni.graph.action_nodes.ogn.tests.TestOgnOnPlaybackTick: Traceback (most recent call last):
  File "/root/miniforge3/envs/coordex/lib/python3.11/site-packages/isaacsim/extscache/omni.graph.tools-1.79.2+8131b85d/omni/graph/tools/_impl/internal/extension_contents_1_18.py", line 394, in do_import_test_definition
    test_module = load_module_from_file(test_module_name, test_file)
                  ^^^^^^^^^^^^^^^^^^^^^^^^^^^^^^^^^^^^^^^^^^^^^^^^^^
  File "/root/miniforge3/envs/coordex/lib/python3.11/site-packages/isaacsim/extscache/omni.graph.tools-1.79.2+8131b85d/omni/graph/tools/_impl/internal/file_utils.py", line 239, in load_module_from_file
    spec.loader.exec_module(module)
  File "<frozen importlib._bootstrap_external>", line 940, in exec_module
  File "<frozen importlib._bootstrap>", line 241, in _call_with_frames_removed
  File "/root/miniforge3/envs/coordex/lib/python3.11/site-packages/isaacsim/extscache/omni.graph.action_nodes-1.50.4+107.3.0.lx64.r.cp311.u353/omni/graph/action_nodes/ogn/tests/TestOgnOnPlaybackTick.py", line 4, in <module>
    import omni.graph.core.tests as ogts
ImportError: cannot import name 'tests' from 'omni.graph.core' (/root/miniforge3/envs/coordex/lib/python3.11/site-packages/isaacsim/extscache/omni.graph-1.141.2+8131b85d.lx64.r.cp311/omni/graph/core/__init__.py)

2026-08-15T02:13:01Z [3,513ms] [Error] [omni.graph.tools._impl.internal.extension_contents_1_18] Exception while importing test omni.graph.action_nodes.ogn.tests.TestOgnMultisequence: Traceback (most recent call last):
  File "/root/miniforge3/envs/coordex/lib/python3.11/site-packages/isaacsim/extscache/omni.graph.tools-1.79.2+8131b85d/omni/graph/tools/_impl/internal/extension_contents_1_18.py", line 394, in do_import_test_definition
    test_module = load_module_from_file(test_module_name, test_file)
                  ^^^^^^^^^^^^^^^^^^^^^^^^^^^^^^^^^^^^^^^^^^^^^^^^^^
  File "/root/miniforge3/envs/coordex/lib/python3.11/site-packages/isaacsim/extscache/omni.graph.tools-1.79.2+8131b85d/omni/graph/tools/_impl/internal/file_utils.py", line 239, in load_module_from_file
    spec.loader.exec_module(module)
  File "<frozen importlib._bootstrap_external>", line 940, in exec_module
  File "<frozen importlib._bootstrap>", line 241, in _call_with_frames_removed
  File "/root/miniforge3/envs/coordex/lib/python3.11/site-packages/isaacsim/extscache/omni.graph.action_nodes-1.50.4+107.3.0.lx64.r.cp311.u353/omni/graph/action_nodes/ogn/tests/TestOgnMultisequence.py", line 4, in <module>
    import omni.graph.core.tests as ogts
ImportError: cannot import name 'tests' from 'omni.graph.core' (/root/miniforge3/envs/coordex/lib/python3.11/site-packages/isaacsim/extscache/omni.graph-1.141.2+8131b85d.lx64.r.cp311/omni/graph/core/__init__.py)

2026-08-15T02:13:01Z [3,516ms] [Error] [omni.graph.tools._impl.internal.extension_contents_1_18] Exception while importing test omni.graph.action_nodes.ogn.tests.TestOgnOnImpulseEvent: Traceback (most recent call last):
  File "/root/miniforge3/envs/coordex/lib/python3.11/site-packages/isaacsim/extscache/omni.graph.tools-1.79.2+8131b85d/omni/graph/tools/_impl/internal/extension_contents_1_18.py", line 394, in do_import_test_definition
    test_module = load_module_from_file(test_module_name, test_file)
                  ^^^^^^^^^^^^^^^^^^^^^^^^^^^^^^^^^^^^^^^^^^^^^^^^^^
  File "/root/miniforge3/envs/coordex/lib/python3.11/site-packages/isaacsim/extscache/omni.graph.tools-1.79.2+8131b85d/omni/graph/tools/_impl/internal/file_utils.py", line 239, in load_module_from_file
    spec.loader.exec_module(module)
  File "<frozen importlib._bootstrap_external>", line 940, in exec_module
  File "<frozen importlib._bootstrap>", line 241, in _call_with_frames_removed
  File "/root/miniforge3/envs/coordex/lib/python3.11/site-packages/isaacsim/extscache/omni.graph.action_nodes-1.50.4+107.3.0.lx64.r.cp311.u353/omni/graph/action_nodes/ogn/tests/TestOgnOnImpulseEvent.py", line 4, in <module>
    import omni.graph.core.tests as ogts
ImportError: cannot import name 'tests' from 'omni.graph.core' (/root/miniforge3/envs/coordex/lib/python3.11/site-packages/isaacsim/extscache/omni.graph-1.141.2+8131b85d.lx64.r.cp311/omni/graph/core/__init__.py)

2026-08-15T02:13:01Z [3,517ms] [Error] [omni.graph.tools._impl.internal.extension_contents_1_18] Exception while importing test omni.graph.action_nodes.ogn.tests.TestOgnRationalTimeSyncGate: Traceback (most recent call last):
  File "/root/miniforge3/envs/coordex/lib/python3.11/site-packages/isaacsim/extscache/omni.graph.tools-1.79.2+8131b85d/omni/graph/tools/_impl/internal/extension_contents_1_18.py", line 394, in do_import_test_definition
    test_module = load_module_from_file(test_module_name, test_file)
                  ^^^^^^^^^^^^^^^^^^^^^^^^^^^^^^^^^^^^^^^^^^^^^^^^^^
  File "/root/miniforge3/envs/coordex/lib/python3.11/site-packages/isaacsim/extscache/omni.graph.tools-1.79.2+8131b85d/omni/graph/tools/_impl/internal/file_utils.py", line 239, in load_module_from_file
    spec.loader.exec_module(module)
  File "<frozen importlib._bootstrap_external>", line 940, in exec_module
  File "<frozen importlib._bootstrap>", line 241, in _call_with_frames_removed
  File "/root/miniforge3/envs/coordex/lib/python3.11/site-packages/isaacsim/extscache/omni.graph.action_nodes-1.50.4+107.3.0.lx64.r.cp311.u353/omni/graph/action_nodes/ogn/tests/TestOgnRationalTimeSyncGate.py", line 4, in <module>
    import omni.graph.core.tests as ogts
ImportError: cannot import name 'tests' from 'omni.graph.core' (/root/miniforge3/envs/coordex/lib/python3.11/site-packages/isaacsim/extscache/omni.graph-1.141.2+8131b85d.lx64.r.cp311/omni/graph/core/__init__.py)

2026-08-15T02:13:01Z [3,520ms] [Error] [omni.graph.tools._impl.internal.extension_contents_1_18] Exception while importing test omni.graph.action_nodes.ogn.tests.TestOgnAddPrimRelationship: Traceback (most recent call last):
  File "/root/miniforge3/envs/coordex/lib/python3.11/site-packages/isaacsim/extscache/omni.graph.tools-1.79.2+8131b85d/omni/graph/tools/_impl/internal/extension_contents_1_18.py", line 394, in do_import_test_definition
    test_module = load_module_from_file(test_module_name, test_file)
                  ^^^^^^^^^^^^^^^^^^^^^^^^^^^^^^^^^^^^^^^^^^^^^^^^^^
  File "/root/miniforge3/envs/coordex/lib/python3.11/site-packages/isaacsim/extscache/omni.graph.tools-1.79.2+8131b85d/omni/graph/tools/_impl/internal/file_utils.py", line 239, in load_module_from_file
    spec.loader.exec_module(module)
  File "<frozen importlib._bootstrap_external>", line 940, in exec_module
  File "<frozen importlib._bootstrap>", line 241, in _call_with_frames_removed
  File "/root/miniforge3/envs/coordex/lib/python3.11/site-packages/isaacsim/extscache/omni.graph.action_nodes-1.50.4+107.3.0.lx64.r.cp311.u353/omni/graph/action_nodes/ogn/tests/TestOgnAddPrimRelationship.py", line 4, in <module>
    import omni.graph.core.tests as ogts
ImportError: cannot import name 'tests' from 'omni.graph.core' (/root/miniforge3/envs/coordex/lib/python3.11/site-packages/isaacsim/extscache/omni.graph-1.141.2+8131b85d.lx64.r.cp311/omni/graph/core/__init__.py)

2026-08-15T02:13:01Z [3,525ms] [Error] [omni.graph.tools._impl.internal.extension_contents_1_18] Exception while importing test omni.graph.action_nodes.ogn.tests.TestOgnOnVariableChange: Traceback (most recent call last):
  File "/root/miniforge3/envs/coordex/lib/python3.11/site-packages/isaacsim/extscache/omni.graph.tools-1.79.2+8131b85d/omni/graph/tools/_impl/internal/extension_contents_1_18.py", line 394, in do_import_test_definition
    test_module = load_module_from_file(test_module_name, test_file)
                  ^^^^^^^^^^^^^^^^^^^^^^^^^^^^^^^^^^^^^^^^^^^^^^^^^^
  File "/root/miniforge3/envs/coordex/lib/python3.11/site-packages/isaacsim/extscache/omni.graph.tools-1.79.2+8131b85d/omni/graph/tools/_impl/internal/file_utils.py", line 239, in load_module_from_file
    spec.loader.exec_module(module)
  File "<frozen importlib._bootstrap_external>", line 940, in exec_module
  File "<frozen importlib._bootstrap>", line 241, in _call_with_frames_removed
  File "/root/miniforge3/envs/coordex/lib/python3.11/site-packages/isaacsim/extscache/omni.graph.action_nodes-1.50.4+107.3.0.lx64.r.cp311.u353/omni/graph/action_nodes/ogn/tests/TestOgnOnVariableChange.py", line 4, in <module>
    import omni.graph.core.tests as ogts
ImportError: cannot import name 'tests' from 'omni.graph.core' (/root/miniforge3/envs/coordex/lib/python3.11/site-packages/isaacsim/extscache/omni.graph-1.141.2+8131b85d.lx64.r.cp311/omni/graph/core/__init__.py)

2026-08-15T02:13:01Z [3,526ms] [Error] [omni.graph.tools._impl.internal.extension_contents_1_18] Exception while importing test omni.graph.action_nodes.ogn.tests.TestOgnOnClosing: Traceback (most recent call last):
  File "/root/miniforge3/envs/coordex/lib/python3.11/site-packages/isaacsim/extscache/omni.graph.tools-1.79.2+8131b85d/omni/graph/tools/_impl/internal/extension_contents_1_18.py", line 394, in do_import_test_definition
    test_module = load_module_from_file(test_module_name, test_file)
                  ^^^^^^^^^^^^^^^^^^^^^^^^^^^^^^^^^^^^^^^^^^^^^^^^^^
  File "/root/miniforge3/envs/coordex/lib/python3.11/site-packages/isaacsim/extscache/omni.graph.tools-1.79.2+8131b85d/omni/graph/tools/_impl/internal/file_utils.py", line 239, in load_module_from_file
    spec.loader.exec_module(module)
  File "<frozen importlib._bootstrap_external>", line 940, in exec_module
  File "<frozen importlib._bootstrap>", line 241, in _call_with_frames_removed
  File "/root/miniforge3/envs/coordex/lib/python3.11/site-packages/isaacsim/extscache/omni.graph.action_nodes-1.50.4+107.3.0.lx64.r.cp311.u353/omni/graph/action_nodes/ogn/tests/TestOgnOnClosing.py", line 4, in <module>
    import omni.graph.core.tests as ogts
ImportError: cannot import name 'tests' from 'omni.graph.core' (/root/miniforge3/envs/coordex/lib/python3.11/site-packages/isaacsim/extscache/omni.graph-1.141.2+8131b85d.lx64.r.cp311/omni/graph/core/__init__.py)

2026-08-15T02:13:01Z [3,526ms] [Error] [omni.graph.tools._impl.internal.extension_contents_1_18] Exception while importing test omni.graph.action_nodes.ogn.tests.TestOgnOnCustomEvent: Traceback (most recent call last):
  File "/root/miniforge3/envs/coordex/lib/python3.11/site-packages/isaacsim/extscache/omni.graph.tools-1.79.2+8131b85d/omni/graph/tools/_impl/internal/extension_contents_1_18.py", line 394, in do_import_test_definition
    test_module = load_module_from_file(test_module_name, test_file)
                  ^^^^^^^^^^^^^^^^^^^^^^^^^^^^^^^^^^^^^^^^^^^^^^^^^^
  File "/root/miniforge3/envs/coordex/lib/python3.11/site-packages/isaacsim/extscache/omni.graph.tools-1.79.2+8131b85d/omni/graph/tools/_impl/internal/file_utils.py", line 239, in load_module_from_file
    spec.loader.exec_module(module)
  File "<frozen importlib._bootstrap_external>", line 940, in exec_module
  File "<frozen importlib._bootstrap>", line 241, in _call_with_frames_removed
  File "/root/miniforge3/envs/coordex/lib/python3.11/site-packages/isaacsim/extscache/omni.graph.action_nodes-1.50.4+107.3.0.lx64.r.cp311.u353/omni/graph/action_nodes/ogn/tests/TestOgnOnCustomEvent.py", line 4, in <module>
    import omni.graph.core.tests as ogts
ImportError: cannot import name 'tests' from 'omni.graph.core' (/root/miniforge3/envs/coordex/lib/python3.11/site-packages/isaacsim/extscache/omni.graph-1.141.2+8131b85d.lx64.r.cp311/omni/graph/core/__init__.py)

2026-08-15T02:13:01Z [3,543ms] [Error] [omni.graph.tools._impl.internal.extension_contents_1_18] Exception while importing test omni.graph.action_nodes.ogn.tests.TestOgnOnKeyboardInput: Traceback (most recent call last):
  File "/root/miniforge3/envs/coordex/lib/python3.11/site-packages/isaacsim/extscache/omni.graph.tools-1.79.2+8131b85d/omni/graph/tools/_impl/internal/extension_contents_1_18.py", line 394, in do_import_test_definition
    test_module = load_module_from_file(test_module_name, test_file)
                  ^^^^^^^^^^^^^^^^^^^^^^^^^^^^^^^^^^^^^^^^^^^^^^^^^^
  File "/root/miniforge3/envs/coordex/lib/python3.11/site-packages/isaacsim/extscache/omni.graph.tools-1.79.2+8131b85d/omni/graph/tools/_impl/internal/file_utils.py", line 239, in load_module_from_file
    spec.loader.exec_module(module)
  File "<frozen importlib._bootstrap_external>", line 940, in exec_module
  File "<frozen importlib._bootstrap>", line 241, in _call_with_frames_removed
  File "/root/miniforge3/envs/coordex/lib/python3.11/site-packages/isaacsim/extscache/omni.graph.action_nodes-1.50.4+107.3.0.lx64.r.cp311.u353/omni/graph/action_nodes/ogn/tests/TestOgnOnKeyboardInput.py", line 2, in <module>
    import omni.kit.test
  File "/root/miniforge3/envs/coordex/lib/python3.11/site-packages/isaacsim/extscache/omni.kit.test-2.0.1+8131b85d.lx64.r.cp311/omni/kit/test/__init__.py", line 7, in <module>
    from . import unittests
  File "/root/miniforge3/envs/coordex/lib/python3.11/site-packages/isaacsim/extscache/omni.kit.test-2.0.1+8131b85d.lx64.r.cp311/omni/kit/test/unittests.py", line 21, in <module>
    from .async_unittest import AsyncTestSuite, AsyncTextTestRunner, OmniTestResult, AsyncTestCase
  File "/root/miniforge3/envs/coordex/lib/python3.11/site-packages/isaacsim/extscache/omni.kit.test-2.0.1+8131b85d.lx64.r.cp311/omni/kit/test/async_unittest.py", line 25, in <module>
    from .reporter import TestReporter
  File "/root/miniforge3/envs/coordex/lib/python3.11/site-packages/isaacsim/extscache/omni.kit.test-2.0.1+8131b85d.lx64.r.cp311/omni/kit/test/reporter.py", line 27, in <module>
    from .test_coverage import generate_coverage_report
  File "/root/miniforge3/envs/coordex/lib/python3.11/site-packages/isaacsim/extscache/omni.kit.test-2.0.1+8131b85d.lx64.r.cp311/omni/kit/test/test_coverage.py", line 10, in <module>
    import coverage
  File "/root/miniforge3/envs/coordex/lib/python3.11/site-packages/coverage/__init__.py", line 24, in <module>
    from coverage.control import (
  File "/root/miniforge3/envs/coordex/lib/python3.11/site-packages/coverage/control.py", line 28, in <module>
    from coverage.collector import Collector, HAS_CTRACER
  File "/root/miniforge3/envs/coordex/lib/python3.11/site-packages/coverage/collector.py", line 19, in <module>
    from coverage.data import CoverageData
  File "/root/miniforge3/envs/coordex/lib/python3.11/site-packages/coverage/data.py", line 24, in <module>
    from coverage.sqldata import CoverageData
  File "/root/miniforge3/envs/coordex/lib/python3.11/site-packages/coverage/sqldata.py", line 16, in <module>
    import sqlite3
  File "/root/miniforge3/envs/coordex/lib/python3.11/sqlite3/__init__.py", line 57, in <module>
    from sqlite3.dbapi2 import *
  File "/root/miniforge3/envs/coordex/lib/python3.11/sqlite3/dbapi2.py", line 27, in <module>
    from _sqlite3 import *
ImportError: /lib/x86_64-linux-gnu/libstdc++.so.6: version `CXXABI_1.3.15' not found (required by /root/miniforge3/envs/coordex/lib/python3.11/lib-dynload/../.././libicui18n.so.78)

2026-08-15T02:13:01Z [3,545ms] [Error] [omni.graph.tools._impl.internal.extension_contents_1_18] Exception while importing test omni.graph.action_nodes.ogn.tests.TestOgnOnTick: Traceback (most recent call last):
  File "/root/miniforge3/envs/coordex/lib/python3.11/site-packages/isaacsim/extscache/omni.graph.tools-1.79.2+8131b85d/omni/graph/tools/_impl/internal/extension_contents_1_18.py", line 394, in do_import_test_definition
    test_module = load_module_from_file(test_module_name, test_file)
                  ^^^^^^^^^^^^^^^^^^^^^^^^^^^^^^^^^^^^^^^^^^^^^^^^^^
  File "/root/miniforge3/envs/coordex/lib/python3.11/site-packages/isaacsim/extscache/omni.graph.tools-1.79.2+8131b85d/omni/graph/tools/_impl/internal/file_utils.py", line 239, in load_module_from_file
    spec.loader.exec_module(module)
  File "<frozen importlib._bootstrap_external>", line 940, in exec_module
  File "<frozen importlib._bootstrap>", line 241, in _call_with_frames_removed
  File "/root/miniforge3/envs/coordex/lib/python3.11/site-packages/isaacsim/extscache/omni.graph.action_nodes-1.50.4+107.3.0.lx64.r.cp311.u353/omni/graph/action_nodes/ogn/tests/TestOgnOnTick.py", line 4, in <module>
    import omni.graph.core.tests as ogts
ImportError: cannot import name 'tests' from 'omni.graph.core' (/root/miniforge3/envs/coordex/lib/python3.11/site-packages/isaacsim/extscache/omni.graph-1.141.2+8131b85d.lx64.r.cp311/omni/graph/core/__init__.py)

2026-08-15T02:13:01Z [3,547ms] [Error] [omni.graph.tools._impl.internal.extension_contents_1_18] Exception while importing test omni.graph.action_nodes.ogn.tests.TestOgnSyncGate: Traceback (most recent call last):
  File "/root/miniforge3/envs/coordex/lib/python3.11/site-packages/isaacsim/extscache/omni.graph.tools-1.79.2+8131b85d/omni/graph/tools/_impl/internal/extension_contents_1_18.py", line 394, in do_import_test_definition
    test_module = load_module_from_file(test_module_name, test_file)
                  ^^^^^^^^^^^^^^^^^^^^^^^^^^^^^^^^^^^^^^^^^^^^^^^^^^
  File "/root/miniforge3/envs/coordex/lib/python3.11/site-packages/isaacsim/extscache/omni.graph.tools-1.79.2+8131b85d/omni/graph/tools/_impl/internal/file_utils.py", line 239, in load_module_from_file
    spec.loader.exec_module(module)
  File "<frozen importlib._bootstrap_external>", line 940, in exec_module
  File "<frozen importlib._bootstrap>", line 241, in _call_with_frames_removed
  File "/root/miniforge3/envs/coordex/lib/python3.11/site-packages/isaacsim/extscache/omni.graph.action_nodes-1.50.4+107.3.0.lx64.r.cp311.u353/omni/graph/action_nodes/ogn/tests/TestOgnSyncGate.py", line 4, in <module>
    import omni.graph.core.tests as ogts
ImportError: cannot import name 'tests' from 'omni.graph.core' (/root/miniforge3/envs/coordex/lib/python3.11/site-packages/isaacsim/extscache/omni.graph-1.141.2+8131b85d.lx64.r.cp311/omni/graph/core/__init__.py)

2026-08-15T02:13:01Z [3,547ms] [Error] [omni.graph.tools._impl.internal.extension_contents_1_18] Exception while importing test omni.graph.action_nodes.ogn.tests.TestOgnSendCustomEvent: Traceback (most recent call last):
  File "/root/miniforge3/envs/coordex/lib/python3.11/site-packages/isaacsim/extscache/omni.graph.tools-1.79.2+8131b85d/omni/graph/tools/_impl/internal/extension_contents_1_18.py", line 394, in do_import_test_definition
    test_module = load_module_from_file(test_module_name, test_file)
                  ^^^^^^^^^^^^^^^^^^^^^^^^^^^^^^^^^^^^^^^^^^^^^^^^^^
  File "/root/miniforge3/envs/coordex/lib/python3.11/site-packages/isaacsim/extscache/omni.graph.tools-1.79.2+8131b85d/omni/graph/tools/_impl/internal/file_utils.py", line 239, in load_module_from_file
    spec.loader.exec_module(module)
  File "<frozen importlib._bootstrap_external>", line 940, in exec_module
  File "<frozen importlib._bootstrap>", line 241, in _call_with_frames_removed
  File "/root/miniforge3/envs/coordex/lib/python3.11/site-packages/isaacsim/extscache/omni.graph.action_nodes-1.50.4+107.3.0.lx64.r.cp311.u353/omni/graph/action_nodes/ogn/tests/TestOgnSendCustomEvent.py", line 4, in <module>
    import omni.graph.core.tests as ogts
ImportError: cannot import name 'tests' from 'omni.graph.core' (/root/miniforge3/envs/coordex/lib/python3.11/site-packages/isaacsim/extscache/omni.graph-1.141.2+8131b85d.lx64.r.cp311/omni/graph/core/__init__.py)

2026-08-15T02:13:01Z [3,548ms] [Error] [omni.graph.tools._impl.internal.extension_contents_1_18] Exception while importing test omni.graph.action_nodes.ogn.tests.TestOgnSwitchToken: Traceback (most recent call last):
  File "/root/miniforge3/envs/coordex/lib/python3.11/site-packages/isaacsim/extscache/omni.graph.tools-1.79.2+8131b85d/omni/graph/tools/_impl/internal/extension_contents_1_18.py", line 394, in do_import_test_definition
    test_module = load_module_from_file(test_module_name, test_file)
                  ^^^^^^^^^^^^^^^^^^^^^^^^^^^^^^^^^^^^^^^^^^^^^^^^^^
  File "/root/miniforge3/envs/coordex/lib/python3.11/site-packages/isaacsim/extscache/omni.graph.tools-1.79.2+8131b85d/omni/graph/tools/_impl/internal/file_utils.py", line 239, in load_module_from_file
    spec.loader.exec_module(module)
  File "<frozen importlib._bootstrap_external>", line 940, in exec_module
  File "<frozen importlib._bootstrap>", line 241, in _call_with_frames_removed
  File "/root/miniforge3/envs/coordex/lib/python3.11/site-packages/isaacsim/extscache/omni.graph.action_nodes-1.50.4+107.3.0.lx64.r.cp311.u353/omni/graph/action_nodes/ogn/tests/TestOgnSwitchToken.py", line 4, in <module>
    import omni.graph.core.tests as ogts
ImportError: cannot import name 'tests' from 'omni.graph.core' (/root/miniforge3/envs/coordex/lib/python3.11/site-packages/isaacsim/extscache/omni.graph-1.141.2+8131b85d.lx64.r.cp311/omni/graph/core/__init__.py)

2026-08-15T02:13:01Z [3,549ms] [Error] [omni.graph.tools._impl.internal.extension_contents_1_18] Exception while importing test omni.graph.action_nodes.ogn.tests.TestOgnMultigate: Traceback (most recent call last):
  File "/root/miniforge3/envs/coordex/lib/python3.11/site-packages/isaacsim/extscache/omni.graph.tools-1.79.2+8131b85d/omni/graph/tools/_impl/internal/extension_contents_1_18.py", line 394, in do_import_test_definition
    test_module = load_module_from_file(test_module_name, test_file)
                  ^^^^^^^^^^^^^^^^^^^^^^^^^^^^^^^^^^^^^^^^^^^^^^^^^^
  File "/root/miniforge3/envs/coordex/lib/python3.11/site-packages/isaacsim/extscache/omni.graph.tools-1.79.2+8131b85d/omni/graph/tools/_impl/internal/file_utils.py", line 239, in load_module_from_file
    spec.loader.exec_module(module)
  File "<frozen importlib._bootstrap_external>", line 940, in exec_module
  File "<frozen importlib._bootstrap>", line 241, in _call_with_frames_removed
  File "/root/miniforge3/envs/coordex/lib/python3.11/site-packages/isaacsim/extscache/omni.graph.action_nodes-1.50.4+107.3.0.lx64.r.cp311.u353/omni/graph/action_nodes/ogn/tests/TestOgnMultigate.py", line 4, in <module>
    import omni.graph.core.tests as ogts
ImportError: cannot import name 'tests' from 'omni.graph.core' (/root/miniforge3/envs/coordex/lib/python3.11/site-packages/isaacsim/extscache/omni.graph-1.141.2+8131b85d.lx64.r.cp311/omni/graph/core/__init__.py)

2026-08-15T02:13:01Z [3,550ms] [Error] [omni.graph.tools._impl.internal.extension_contents_1_18] Exception while importing test omni.graph.action_nodes.ogn.tests.TestOgnForEachTarget: Traceback (most recent call last):
  File "/root/miniforge3/envs/coordex/lib/python3.11/site-packages/isaacsim/extscache/omni.graph.tools-1.79.2+8131b85d/omni/graph/tools/_impl/internal/extension_contents_1_18.py", line 394, in do_import_test_definition
    test_module = load_module_from_file(test_module_name, test_file)
                  ^^^^^^^^^^^^^^^^^^^^^^^^^^^^^^^^^^^^^^^^^^^^^^^^^^
  File "/root/miniforge3/envs/coordex/lib/python3.11/site-packages/isaacsim/extscache/omni.graph.tools-1.79.2+8131b85d/omni/graph/tools/_impl/internal/file_utils.py", line 239, in load_module_from_file
    spec.loader.exec_module(module)
  File "<frozen importlib._bootstrap_external>", line 940, in exec_module
  File "<frozen importlib._bootstrap>", line 241, in _call_with_frames_removed
  File "/root/miniforge3/envs/coordex/lib/python3.11/site-packages/isaacsim/extscache/omni.graph.action_nodes-1.50.4+107.3.0.lx64.r.cp311.u353/omni/graph/action_nodes/ogn/tests/TestOgnForEachTarget.py", line 4, in <module>
    import omni.graph.core.tests as ogts
  File "/root/miniforge3/envs/coordex/lib/python3.11/site-packages/isaacsim/extscache/omni.graph-1.141.2+8131b85d.lx64.r.cp311/omni/graph/core/tests/__init__.py", line 20, in <module>
    from .omnigraph_test_utils import OmniGraphTestCase
  File "/root/miniforge3/envs/coordex/lib/python3.11/site-packages/isaacsim/extscache/omni.graph-1.141.2+8131b85d.lx64.r.cp311/omni/graph/core/tests/omnigraph_test_utils.py", line 198, in <module>
    OmniGraphTestCase = test_case_class()
                        ^^^^^^^^^^^^^^^^^
  File "/root/miniforge3/envs/coordex/lib/python3.11/site-packages/isaacsim/extscache/omni.graph-1.141.2+8131b85d.lx64.r.cp311/omni/graph/core/tests/omnigraph_test_utils.py", line 135, in test_case_class
    base_class = omni.kit.test.AsyncTestCase
                 ^^^^^^^^^^^^^
AttributeError: module 'omni.kit' has no attribute 'test'

2026-08-15T02:13:01Z [3,551ms] [Error] [omni.graph.tools._impl.internal.extension_contents_1_18] Exception while importing test omni.graph.action_nodes.ogn.tests.TestOgnOnStageEvent: Traceback (most recent call last):
  File "/root/miniforge3/envs/coordex/lib/python3.11/site-packages/isaacsim/extscache/omni.graph.tools-1.79.2+8131b85d/omni/graph/tools/_impl/internal/extension_contents_1_18.py", line 394, in do_import_test_definition
    test_module = load_module_from_file(test_module_name, test_file)
                  ^^^^^^^^^^^^^^^^^^^^^^^^^^^^^^^^^^^^^^^^^^^^^^^^^^
  File "/root/miniforge3/envs/coordex/lib/python3.11/site-packages/isaacsim/extscache/omni.graph.tools-1.79.2+8131b85d/omni/graph/tools/_impl/internal/file_utils.py", line 239, in load_module_from_file
    spec.loader.exec_module(module)
  File "<frozen importlib._bootstrap_external>", line 940, in exec_module
  File "<frozen importlib._bootstrap>", line 241, in _call_with_frames_removed
  File "/root/miniforge3/envs/coordex/lib/python3.11/site-packages/isaacsim/extscache/omni.graph.action_nodes-1.50.4+107.3.0.lx64.r.cp311.u353/omni/graph/action_nodes/ogn/tests/TestOgnOnStageEvent.py", line 4, in <module>
    import omni.graph.core.tests as ogts
ImportError: cannot import name 'tests' from 'omni.graph.core' (/root/miniforge3/envs/coordex/lib/python3.11/site-packages/isaacsim/extscache/omni.graph-1.141.2+8131b85d.lx64.r.cp311/omni/graph/core/__init__.py)

2026-08-15T02:13:03Z [5,581ms] [Warning] [pxr.Semantics] pxr.Semantics is deprecated - please use Semantics instead
2026-08-15T02:13:03Z [5,759ms] [Warning] [omni.replicator.core.scripts.extension] No material configuration file, adding configuration to material settings directly.
2026-08-15T02:13:03Z [5,918ms] [Error] [omni.graph.tools._impl.internal.extension_contents_1_18] Exception while importing test omni.replicator.core.ogn.tests.TestOgnSampleLight: Traceback (most recent call last):
  File "/root/miniforge3/envs/coordex/lib/python3.11/site-packages/isaacsim/extscache/omni.graph.tools-1.79.2+8131b85d/omni/graph/tools/_impl/internal/extension_contents_1_18.py", line 394, in do_import_test_definition
    test_module = load_module_from_file(test_module_name, test_file)
                  ^^^^^^^^^^^^^^^^^^^^^^^^^^^^^^^^^^^^^^^^^^^^^^^^^^
  File "/root/miniforge3/envs/coordex/lib/python3.11/site-packages/isaacsim/extscache/omni.graph.tools-1.79.2+8131b85d/omni/graph/tools/_impl/internal/file_utils.py", line 239, in load_module_from_file
    spec.loader.exec_module(module)
  File "<frozen importlib._bootstrap_external>", line 940, in exec_module
  File "<frozen importlib._bootstrap>", line 241, in _call_with_frames_removed
  File "/root/miniforge3/envs/coordex/lib/python3.11/site-packages/isaacsim/extscache/omni.replicator.core-1.12.16+107.3.1.lx64.r.cp311/omni/replicator/core/ogn/tests/TestOgnSampleLight.py", line 4, in <module>
    import omni.graph.core.tests as ogts
  File "/root/miniforge3/envs/coordex/lib/python3.11/site-packages/isaacsim/extscache/omni.graph-1.141.2+8131b85d.lx64.r.cp311/omni/graph/core/tests/__init__.py", line 20, in <module>
    from .omnigraph_test_utils import OmniGraphTestCase
  File "/root/miniforge3/envs/coordex/lib/python3.11/site-packages/isaacsim/extscache/omni.graph-1.141.2+8131b85d.lx64.r.cp311/omni/graph/core/tests/omnigraph_test_utils.py", line 198, in <module>
    OmniGraphTestCase = test_case_class()
                        ^^^^^^^^^^^^^^^^^
  File "/root/miniforge3/envs/coordex/lib/python3.11/site-packages/isaacsim/extscache/omni.graph-1.141.2+8131b85d.lx64.r.cp311/omni/graph/core/tests/omnigraph_test_utils.py", line 135, in test_case_class
    base_class = omni.kit.test.AsyncTestCase
                 ^^^^^^^^^^^^^
AttributeError: module 'omni.kit' has no attribute 'test'

2026-08-15T02:13:03Z [5,944ms] [Error] [omni.graph.tools._impl.internal.extension_contents_1_18] Exception while importing test omni.replicator.core.ogn.tests.TestOgnAugRotateExp: Traceback (most recent call last):
  File "/root/miniforge3/envs/coordex/lib/python3.11/site-packages/isaacsim/extscache/omni.graph.tools-1.79.2+8131b85d/omni/graph/tools/_impl/internal/extension_contents_1_18.py", line 394, in do_import_test_definition
    test_module = load_module_from_file(test_module_name, test_file)
                  ^^^^^^^^^^^^^^^^^^^^^^^^^^^^^^^^^^^^^^^^^^^^^^^^^^
  File "/root/miniforge3/envs/coordex/lib/python3.11/site-packages/isaacsim/extscache/omni.graph.tools-1.79.2+8131b85d/omni/graph/tools/_impl/internal/file_utils.py", line 239, in load_module_from_file
    spec.loader.exec_module(module)
  File "<frozen importlib._bootstrap_external>", line 940, in exec_module
  File "<frozen importlib._bootstrap>", line 241, in _call_with_frames_removed
  File "/root/miniforge3/envs/coordex/lib/python3.11/site-packages/isaacsim/extscache/omni.replicator.core-1.12.16+107.3.1.lx64.r.cp311/omni/replicator/core/ogn/tests/TestOgnAugRotateExp.py", line 4, in <module>
    import omni.graph.core.tests as ogts
  File "/root/miniforge3/envs/coordex/lib/python3.11/site-packages/isaacsim/extscache/omni.graph-1.141.2+8131b85d.lx64.r.cp311/omni/graph/core/tests/__init__.py", line 20, in <module>
    from .omnigraph_test_utils import OmniGraphTestCase
  File "/root/miniforge3/envs/coordex/lib/python3.11/site-packages/isaacsim/extscache/omni.graph-1.141.2+8131b85d.lx64.r.cp311/omni/graph/core/tests/omnigraph_test_utils.py", line 198, in <module>
    OmniGraphTestCase = test_case_class()
                        ^^^^^^^^^^^^^^^^^
  File "/root/miniforge3/envs/coordex/lib/python3.11/site-packages/isaacsim/extscache/omni.graph-1.141.2+8131b85d.lx64.r.cp311/omni/graph/core/tests/omnigraph_test_utils.py", line 135, in test_case_class
    base_class = omni.kit.test.AsyncTestCase
                 ^^^^^^^^^^^^^
AttributeError: module 'omni.kit' has no attribute 'test'

2026-08-15T02:13:04Z [6,056ms] [Error] [omni.graph.tools._impl.internal.extension_contents_1_18] Exception while importing test omni.replicator.core.ogn.tests.TestOgnScheduleWriter: Traceback (most recent call last):
  File "/root/miniforge3/envs/coordex/lib/python3.11/site-packages/isaacsim/extscache/omni.graph.tools-1.79.2+8131b85d/omni/graph/tools/_impl/internal/extension_contents_1_18.py", line 394, in do_import_test_definition
    test_module = load_module_from_file(test_module_name, test_file)
                  ^^^^^^^^^^^^^^^^^^^^^^^^^^^^^^^^^^^^^^^^^^^^^^^^^^
  File "/root/miniforge3/envs/coordex/lib/python3.11/site-packages/isaacsim/extscache/omni.graph.tools-1.79.2+8131b85d/omni/graph/tools/_impl/internal/file_utils.py", line 239, in load_module_from_file
    spec.loader.exec_module(module)
  File "<frozen importlib._bootstrap_external>", line 940, in exec_module
  File "<frozen importlib._bootstrap>", line 241, in _call_with_frames_removed
  File "/root/miniforge3/envs/coordex/lib/python3.11/site-packages/isaacsim/extscache/omni.replicator.core-1.12.16+107.3.1.lx64.r.cp311/omni/replicator/core/ogn/tests/TestOgnScheduleWriter.py", line 4, in <module>
    import omni.graph.core.tests as ogts
  File "/root/miniforge3/envs/coordex/lib/python3.11/site-packages/isaacsim/extscache/omni.graph-1.141.2+8131b85d.lx64.r.cp311/omni/graph/core/tests/__init__.py", line 20, in <module>
    from .omnigraph_test_utils import OmniGraphTestCase
  File "/root/miniforge3/envs/coordex/lib/python3.11/site-packages/isaacsim/extscache/omni.graph-1.141.2+8131b85d.lx64.r.cp311/omni/graph/core/tests/omnigraph_test_utils.py", line 198, in <module>
    OmniGraphTestCase = test_case_class()
                        ^^^^^^^^^^^^^^^^^
  File "/root/miniforge3/envs/coordex/lib/python3.11/site-packages/isaacsim/extscache/omni.graph-1.141.2+8131b85d.lx64.r.cp311/omni/graph/core/tests/omnigraph_test_utils.py", line 135, in test_case_class
    base_class = omni.kit.test.AsyncTestCase
                 ^^^^^^^^^^^^^
AttributeError: cannot access submodule 'test' of module 'omni.kit' (most likely due to a circular import)

2026-08-15T02:13:04Z [6,099ms] [Error] [omni.graph.tools._impl.internal.extension_contents_1_18] Exception while importing test omni.replicator.core.ogn.tests.TestOgnWriter: Traceback (most recent call last):
  File "/root/miniforge3/envs/coordex/lib/python3.11/site-packages/isaacsim/extscache/omni.graph.tools-1.79.2+8131b85d/omni/graph/tools/_impl/internal/extension_contents_1_18.py", line 394, in do_import_test_definition
    test_module = load_module_from_file(test_module_name, test_file)
                  ^^^^^^^^^^^^^^^^^^^^^^^^^^^^^^^^^^^^^^^^^^^^^^^^^^
  File "/root/miniforge3/envs/coordex/lib/python3.11/site-packages/isaacsim/extscache/omni.graph.tools-1.79.2+8131b85d/omni/graph/tools/_impl/internal/file_utils.py", line 239, in load_module_from_file
    spec.loader.exec_module(module)
  File "<frozen importlib._bootstrap_external>", line 940, in exec_module
  File "<frozen importlib._bootstrap>", line 241, in _call_with_frames_removed
  File "/root/miniforge3/envs/coordex/lib/python3.11/site-packages/isaacsim/extscache/omni.replicator.core-1.12.16+107.3.1.lx64.r.cp311/omni/replicator/core/ogn/tests/TestOgnWriter.py", line 4, in <module>
    import omni.graph.core.tests as ogts
  File "/root/miniforge3/envs/coordex/lib/python3.11/site-packages/isaacsim/extscache/omni.graph-1.141.2+8131b85d.lx64.r.cp311/omni/graph/core/tests/__init__.py", line 20, in <module>
    from .omnigraph_test_utils import OmniGraphTestCase
  File "/root/miniforge3/envs/coordex/lib/python3.11/site-packages/isaacsim/extscache/omni.graph-1.141.2+8131b85d.lx64.r.cp311/omni/graph/core/tests/omnigraph_test_utils.py", line 198, in <module>
    OmniGraphTestCase = test_case_class()
                        ^^^^^^^^^^^^^^^^^
  File "/root/miniforge3/envs/coordex/lib/python3.11/site-packages/isaacsim/extscache/omni.graph-1.141.2+8131b85d.lx64.r.cp311/omni/graph/core/tests/omnigraph_test_utils.py", line 135, in test_case_class
    base_class = omni.kit.test.AsyncTestCase
                 ^^^^^^^^^^^^^
AttributeError: cannot access submodule 'test' of module 'omni.kit' (most likely due to a circular import)

2026-08-15T02:13:04Z [6,119ms] [Error] [omni.graph.tools._impl.internal.extension_contents_1_18] Exception while importing test omni.replicator.core.ogn.tests.TestOgnGroup: Traceback (most recent call last):
  File "/root/miniforge3/envs/coordex/lib/python3.11/site-packages/isaacsim/extscache/omni.graph.tools-1.79.2+8131b85d/omni/graph/tools/_impl/internal/extension_contents_1_18.py", line 394, in do_import_test_definition
    test_module = load_module_from_file(test_module_name, test_file)
                  ^^^^^^^^^^^^^^^^^^^^^^^^^^^^^^^^^^^^^^^^^^^^^^^^^^
  File "/root/miniforge3/envs/coordex/lib/python3.11/site-packages/isaacsim/extscache/omni.graph.tools-1.79.2+8131b85d/omni/graph/tools/_impl/internal/file_utils.py", line 239, in load_module_from_file
    spec.loader.exec_module(module)
  File "<frozen importlib._bootstrap_external>", line 940, in exec_module
  File "<frozen importlib._bootstrap>", line 241, in _call_with_frames_removed
  File "/root/miniforge3/envs/coordex/lib/python3.11/site-packages/isaacsim/extscache/omni.replicator.core-1.12.16+107.3.1.lx64.r.cp311/omni/replicator/core/ogn/tests/TestOgnGroup.py", line 2, in <module>
    import omni.kit.test
  File "/root/miniforge3/envs/coordex/lib/python3.11/site-packages/isaacsim/extscache/omni.kit.test-2.0.1+8131b85d.lx64.r.cp311/omni/kit/test/__init__.py", line 7, in <module>
    from . import unittests
  File "/root/miniforge3/envs/coordex/lib/python3.11/site-packages/isaacsim/extscache/omni.kit.test-2.0.1+8131b85d.lx64.r.cp311/omni/kit/test/unittests.py", line 21, in <module>
    from .async_unittest import AsyncTestSuite, AsyncTextTestRunner, OmniTestResult, AsyncTestCase
  File "/root/miniforge3/envs/coordex/lib/python3.11/site-packages/isaacsim/extscache/omni.kit.test-2.0.1+8131b85d.lx64.r.cp311/omni/kit/test/async_unittest.py", line 25, in <module>
    from .reporter import TestReporter
  File "/root/miniforge3/envs/coordex/lib/python3.11/site-packages/isaacsim/extscache/omni.kit.test-2.0.1+8131b85d.lx64.r.cp311/omni/kit/test/reporter.py", line 27, in <module>
    from .test_coverage import generate_coverage_report
  File "/root/miniforge3/envs/coordex/lib/python3.11/site-packages/isaacsim/extscache/omni.kit.test-2.0.1+8131b85d.lx64.r.cp311/omni/kit/test/test_coverage.py", line 10, in <module>
    import coverage
  File "/root/miniforge3/envs/coordex/lib/python3.11/site-packages/coverage/__init__.py", line 24, in <module>
    from coverage.control import (
  File "/root/miniforge3/envs/coordex/lib/python3.11/site-packages/coverage/control.py", line 28, in <module>
    from coverage.collector import Collector, HAS_CTRACER
  File "/root/miniforge3/envs/coordex/lib/python3.11/site-packages/coverage/collector.py", line 19, in <module>
    from coverage.data import CoverageData
  File "/root/miniforge3/envs/coordex/lib/python3.11/site-packages/coverage/data.py", line 24, in <module>
    from coverage.sqldata import CoverageData
  File "/root/miniforge3/envs/coordex/lib/python3.11/site-packages/coverage/sqldata.py", line 16, in <module>
    import sqlite3
  File "/root/miniforge3/envs/coordex/lib/python3.11/sqlite3/__init__.py", line 57, in <module>
    from sqlite3.dbapi2 import *
  File "/root/miniforge3/envs/coordex/lib/python3.11/sqlite3/dbapi2.py", line 27, in <module>
    from _sqlite3 import *
ImportError: /lib/x86_64-linux-gnu/libstdc++.so.6: version `CXXABI_1.3.15' not found (required by /root/miniforge3/envs/coordex/lib/python3.11/lib-dynload/../.././libicui18n.so.78)

2026-08-15T02:13:04Z [6,133ms] [Error] [omni.graph.tools._impl.internal.extension_contents_1_18] Exception while importing test omni.replicator.core.ogn.tests.TestOgnScatter2D: Traceback (most recent call last):
  File "/root/miniforge3/envs/coordex/lib/python3.11/site-packages/isaacsim/extscache/omni.graph.tools-1.79.2+8131b85d/omni/graph/tools/_impl/internal/extension_contents_1_18.py", line 394, in do_import_test_definition
    test_module = load_module_from_file(test_module_name, test_file)
                  ^^^^^^^^^^^^^^^^^^^^^^^^^^^^^^^^^^^^^^^^^^^^^^^^^^
  File "/root/miniforge3/envs/coordex/lib/python3.11/site-packages/isaacsim/extscache/omni.graph.tools-1.79.2+8131b85d/omni/graph/tools/_impl/internal/file_utils.py", line 239, in load_module_from_file
    spec.loader.exec_module(module)
  File "<frozen importlib._bootstrap_external>", line 940, in exec_module
  File "<frozen importlib._bootstrap>", line 241, in _call_with_frames_removed
  File "/root/miniforge3/envs/coordex/lib/python3.11/site-packages/isaacsim/extscache/omni.replicator.core-1.12.16+107.3.1.lx64.r.cp311/omni/replicator/core/ogn/tests/TestOgnScatter2D.py", line 2, in <module>
    import omni.kit.test
  File "/root/miniforge3/envs/coordex/lib/python3.11/site-packages/isaacsim/extscache/omni.kit.test-2.0.1+8131b85d.lx64.r.cp311/omni/kit/test/__init__.py", line 7, in <module>
    from . import unittests
  File "/root/miniforge3/envs/coordex/lib/python3.11/site-packages/isaacsim/extscache/omni.kit.test-2.0.1+8131b85d.lx64.r.cp311/omni/kit/test/unittests.py", line 21, in <module>
    from .async_unittest import AsyncTestSuite, AsyncTextTestRunner, OmniTestResult, AsyncTestCase
  File "/root/miniforge3/envs/coordex/lib/python3.11/site-packages/isaacsim/extscache/omni.kit.test-2.0.1+8131b85d.lx64.r.cp311/omni/kit/test/async_unittest.py", line 25, in <module>
    from .reporter import TestReporter
  File "/root/miniforge3/envs/coordex/lib/python3.11/site-packages/isaacsim/extscache/omni.kit.test-2.0.1+8131b85d.lx64.r.cp311/omni/kit/test/reporter.py", line 27, in <module>
    from .test_coverage import generate_coverage_report
  File "/root/miniforge3/envs/coordex/lib/python3.11/site-packages/isaacsim/extscache/omni.kit.test-2.0.1+8131b85d.lx64.r.cp311/omni/kit/test/test_coverage.py", line 10, in <module>
    import coverage
  File "/root/miniforge3/envs/coordex/lib/python3.11/site-packages/coverage/__init__.py", line 24, in <module>
    from coverage.control import (
  File "/root/miniforge3/envs/coordex/lib/python3.11/site-packages/coverage/control.py", line 28, in <module>
    from coverage.collector import Collector, HAS_CTRACER
  File "/root/miniforge3/envs/coordex/lib/python3.11/site-packages/coverage/collector.py", line 19, in <module>
    from coverage.data import CoverageData
  File "/root/miniforge3/envs/coordex/lib/python3.11/site-packages/coverage/data.py", line 24, in <module>
    from coverage.sqldata import CoverageData
  File "/root/miniforge3/envs/coordex/lib/python3.11/site-packages/coverage/sqldata.py", line 16, in <module>
    import sqlite3
  File "/root/miniforge3/envs/coordex/lib/python3.11/sqlite3/__init__.py", line 57, in <module>
    from sqlite3.dbapi2 import *
  File "/root/miniforge3/envs/coordex/lib/python3.11/sqlite3/dbapi2.py", line 27, in <module>
    from _sqlite3 import *
ImportError: /lib/x86_64-linux-gnu/libstdc++.so.6: version `CXXABI_1.3.15' not found (required by /root/miniforge3/envs/coordex/lib/python3.11/lib-dynload/../.././libicui18n.so.78)

2026-08-15T02:13:04Z [6,168ms] [Error] [omni.graph.tools._impl.internal.extension_contents_1_18] Exception while importing test omni.replicator.core.ogn.tests.TestOgnOrbit: Traceback (most recent call last):
  File "/root/miniforge3/envs/coordex/lib/python3.11/site-packages/isaacsim/extscache/omni.graph.tools-1.79.2+8131b85d/omni/graph/tools/_impl/internal/extension_contents_1_18.py", line 394, in do_import_test_definition
    test_module = load_module_from_file(test_module_name, test_file)
                  ^^^^^^^^^^^^^^^^^^^^^^^^^^^^^^^^^^^^^^^^^^^^^^^^^^
  File "/root/miniforge3/envs/coordex/lib/python3.11/site-packages/isaacsim/extscache/omni.graph.tools-1.79.2+8131b85d/omni/graph/tools/_impl/internal/file_utils.py", line 239, in load_module_from_file
    spec.loader.exec_module(module)
  File "<frozen importlib._bootstrap_external>", line 940, in exec_module
  File "<frozen importlib._bootstrap>", line 241, in _call_with_frames_removed
  File "/root/miniforge3/envs/coordex/lib/python3.11/site-packages/isaacsim/extscache/omni.replicator.core-1.12.16+107.3.1.lx64.r.cp311/omni/replicator/core/ogn/tests/TestOgnOrbit.py", line 4, in <module>
    import omni.graph.core.tests as ogts
  File "/root/miniforge3/envs/coordex/lib/python3.11/site-packages/isaacsim/extscache/omni.graph-1.141.2+8131b85d.lx64.r.cp311/omni/graph/core/tests/__init__.py", line 20, in <module>
    from .omnigraph_test_utils import OmniGraphTestCase
  File "/root/miniforge3/envs/coordex/lib/python3.11/site-packages/isaacsim/extscache/omni.graph-1.141.2+8131b85d.lx64.r.cp311/omni/graph/core/tests/omnigraph_test_utils.py", line 198, in <module>
    OmniGraphTestCase = test_case_class()
                        ^^^^^^^^^^^^^^^^^
  File "/root/miniforge3/envs/coordex/lib/python3.11/site-packages/isaacsim/extscache/omni.graph-1.141.2+8131b85d.lx64.r.cp311/omni/graph/core/tests/omnigraph_test_utils.py", line 135, in test_case_class
    base_class = omni.kit.test.AsyncTestCase
                 ^^^^^^^^^^^^^
AttributeError: cannot access submodule 'test' of module 'omni.kit' (most likely due to a circular import)

2026-08-15T02:13:06Z [8,656ms] [Error] [omni.graph.tools._impl.internal.extension_contents_1_18] Exception while importing test omni.replicator.core.ogn.tests.TestOgnDecal: Traceback (most recent call last):
  File "/root/miniforge3/envs/coordex/lib/python3.11/site-packages/isaacsim/extscache/omni.graph.tools-1.79.2+8131b85d/omni/graph/tools/_impl/internal/extension_contents_1_18.py", line 394, in do_import_test_definition
    test_module = load_module_from_file(test_module_name, test_file)
                  ^^^^^^^^^^^^^^^^^^^^^^^^^^^^^^^^^^^^^^^^^^^^^^^^^^
  File "/root/miniforge3/envs/coordex/lib/python3.11/site-packages/isaacsim/extscache/omni.graph.tools-1.79.2+8131b85d/omni/graph/tools/_impl/internal/file_utils.py", line 239, in load_module_from_file
    spec.loader.exec_module(module)
  File "<frozen importlib._bootstrap_external>", line 940, in exec_module
  File "<frozen importlib._bootstrap>", line 241, in _call_with_frames_removed
  File "/root/miniforge3/envs/coordex/lib/python3.11/site-packages/isaacsim/extscache/omni.replicator.core-1.12.16+107.3.1.lx64.r.cp311/omni/replicator/core/ogn/tests/TestOgnDecal.py", line 2, in <module>
    import omni.kit.test
  File "/root/miniforge3/envs/coordex/lib/python3.11/site-packages/isaacsim/extscache/omni.kit.test-2.0.1+8131b85d.lx64.r.cp311/omni/kit/test/__init__.py", line 7, in <module>
    from . import unittests
  File "/root/miniforge3/envs/coordex/lib/python3.11/site-packages/isaacsim/extscache/omni.kit.test-2.0.1+8131b85d.lx64.r.cp311/omni/kit/test/unittests.py", line 21, in <module>
    from .async_unittest import AsyncTestSuite, AsyncTextTestRunner, OmniTestResult, AsyncTestCase
  File "/root/miniforge3/envs/coordex/lib/python3.11/site-packages/isaacsim/extscache/omni.kit.test-2.0.1+8131b85d.lx64.r.cp311/omni/kit/test/async_unittest.py", line 25, in <module>
    from .reporter import TestReporter
  File "/root/miniforge3/envs/coordex/lib/python3.11/site-packages/isaacsim/extscache/omni.kit.test-2.0.1+8131b85d.lx64.r.cp311/omni/kit/test/reporter.py", line 27, in <module>
    from .test_coverage import generate_coverage_report
  File "/root/miniforge3/envs/coordex/lib/python3.11/site-packages/isaacsim/extscache/omni.kit.test-2.0.1+8131b85d.lx64.r.cp311/omni/kit/test/test_coverage.py", line 10, in <module>
    import coverage
  File "/root/miniforge3/envs/coordex/lib/python3.11/site-packages/coverage/__init__.py", line 24, in <module>
    from coverage.control import (
  File "/root/miniforge3/envs/coordex/lib/python3.11/site-packages/coverage/control.py", line 28, in <module>
    from coverage.collector import Collector, HAS_CTRACER
  File "/root/miniforge3/envs/coordex/lib/python3.11/site-packages/coverage/collector.py", line 19, in <module>
    from coverage.data import CoverageData
  File "/root/miniforge3/envs/coordex/lib/python3.11/site-packages/coverage/data.py", line 24, in <module>
    from coverage.sqldata import CoverageData
  File "/root/miniforge3/envs/coordex/lib/python3.11/site-packages/coverage/sqldata.py", line 16, in <module>
    import sqlite3
  File "/root/miniforge3/envs/coordex/lib/python3.11/sqlite3/__init__.py", line 57, in <module>
    from sqlite3.dbapi2 import *
  File "/root/miniforge3/envs/coordex/lib/python3.11/sqlite3/dbapi2.py", line 27, in <module>
    from _sqlite3 import *
ImportError: /lib/x86_64-linux-gnu/libstdc++.so.6: version `CXXABI_1.3.15' not found (required by /root/miniforge3/envs/coordex/lib/python3.11/lib-dynload/../.././libicui18n.so.78)

2026-08-15T02:13:06Z [8,675ms] [Error] [omni.graph.tools._impl.internal.extension_contents_1_18] Exception while importing test omni.replicator.core.ogn.tests.TestOgnSampleNormal: Traceback (most recent call last):
  File "/root/miniforge3/envs/coordex/lib/python3.11/site-packages/isaacsim/extscache/omni.graph.tools-1.79.2+8131b85d/omni/graph/tools/_impl/internal/extension_contents_1_18.py", line 394, in do_import_test_definition
    test_module = load_module_from_file(test_module_name, test_file)
                  ^^^^^^^^^^^^^^^^^^^^^^^^^^^^^^^^^^^^^^^^^^^^^^^^^^
  File "/root/miniforge3/envs/coordex/lib/python3.11/site-packages/isaacsim/extscache/omni.graph.tools-1.79.2+8131b85d/omni/graph/tools/_impl/internal/file_utils.py", line 239, in load_module_from_file
    spec.loader.exec_module(module)
  File "<frozen importlib._bootstrap_external>", line 940, in exec_module
  File "<frozen importlib._bootstrap>", line 241, in _call_with_frames_removed
  File "/root/miniforge3/envs/coordex/lib/python3.11/site-packages/isaacsim/extscache/omni.replicator.core-1.12.16+107.3.1.lx64.r.cp311/omni/replicator/core/ogn/tests/TestOgnSampleNormal.py", line 2, in <module>
    import omni.kit.test
  File "/root/miniforge3/envs/coordex/lib/python3.11/site-packages/isaacsim/extscache/omni.kit.test-2.0.1+8131b85d.lx64.r.cp311/omni/kit/test/__init__.py", line 7, in <module>
    from . import unittests
  File "/root/miniforge3/envs/coordex/lib/python3.11/site-packages/isaacsim/extscache/omni.kit.test-2.0.1+8131b85d.lx64.r.cp311/omni/kit/test/unittests.py", line 21, in <module>
    from .async_unittest import AsyncTestSuite, AsyncTextTestRunner, OmniTestResult, AsyncTestCase
  File "/root/miniforge3/envs/coordex/lib/python3.11/site-packages/isaacsim/extscache/omni.kit.test-2.0.1+8131b85d.lx64.r.cp311/omni/kit/test/async_unittest.py", line 25, in <module>
    from .reporter import TestReporter
  File "/root/miniforge3/envs/coordex/lib/python3.11/site-packages/isaacsim/extscache/omni.kit.test-2.0.1+8131b85d.lx64.r.cp311/omni/kit/test/reporter.py", line 27, in <module>
    from .test_coverage import generate_coverage_report
  File "/root/miniforge3/envs/coordex/lib/python3.11/site-packages/isaacsim/extscache/omni.kit.test-2.0.1+8131b85d.lx64.r.cp311/omni/kit/test/test_coverage.py", line 10, in <module>
    import coverage
  File "/root/miniforge3/envs/coordex/lib/python3.11/site-packages/coverage/__init__.py", line 24, in <module>
    from coverage.control import (
  File "/root/miniforge3/envs/coordex/lib/python3.11/site-packages/coverage/control.py", line 28, in <module>
    from coverage.collector import Collector, HAS_CTRACER
  File "/root/miniforge3/envs/coordex/lib/python3.11/site-packages/coverage/collector.py", line 19, in <module>
    from coverage.data import CoverageData
  File "/root/miniforge3/envs/coordex/lib/python3.11/site-packages/coverage/data.py", line 24, in <module>
    from coverage.sqldata import CoverageData
  File "/root/miniforge3/envs/coordex/lib/python3.11/site-packages/coverage/sqldata.py", line 16, in <module>
    import sqlite3
  File "/root/miniforge3/envs/coordex/lib/python3.11/sqlite3/__init__.py", line 57, in <module>
    from sqlite3.dbapi2 import *
  File "/root/miniforge3/envs/coordex/lib/python3.11/sqlite3/dbapi2.py", line 27, in <module>
    from _sqlite3 import *
ImportError: /lib/x86_64-linux-gnu/libstdc++.so.6: version `CXXABI_1.3.15' not found (required by /root/miniforge3/envs/coordex/lib/python3.11/lib-dynload/../.././libicui18n.so.78)

2026-08-15T02:13:06Z [8,692ms] [Error] [omni.graph.tools._impl.internal.extension_contents_1_18] Exception while importing test omni.replicator.core.ogn.tests.TestOgnSampleRotation: Traceback (most recent call last):
  File "/root/miniforge3/envs/coordex/lib/python3.11/site-packages/isaacsim/extscache/omni.graph.tools-1.79.2+8131b85d/omni/graph/tools/_impl/internal/extension_contents_1_18.py", line 394, in do_import_test_definition
    test_module = load_module_from_file(test_module_name, test_file)
                  ^^^^^^^^^^^^^^^^^^^^^^^^^^^^^^^^^^^^^^^^^^^^^^^^^^
  File "/root/miniforge3/envs/coordex/lib/python3.11/site-packages/isaacsim/extscache/omni.graph.tools-1.79.2+8131b85d/omni/graph/tools/_impl/internal/file_utils.py", line 239, in load_module_from_file
    spec.loader.exec_module(module)
  File "<frozen importlib._bootstrap_external>", line 940, in exec_module
  File "<frozen importlib._bootstrap>", line 241, in _call_with_frames_removed
  File "/root/miniforge3/envs/coordex/lib/python3.11/site-packages/isaacsim/extscache/omni.replicator.core-1.12.16+107.3.1.lx64.r.cp311/omni/replicator/core/ogn/tests/TestOgnSampleRotation.py", line 2, in <module>
    import omni.kit.test
  File "/root/miniforge3/envs/coordex/lib/python3.11/site-packages/isaacsim/extscache/omni.kit.test-2.0.1+8131b85d.lx64.r.cp311/omni/kit/test/__init__.py", line 7, in <module>
    from . import unittests
  File "/root/miniforge3/envs/coordex/lib/python3.11/site-packages/isaacsim/extscache/omni.kit.test-2.0.1+8131b85d.lx64.r.cp311/omni/kit/test/unittests.py", line 21, in <module>
    from .async_unittest import AsyncTestSuite, AsyncTextTestRunner, OmniTestResult, AsyncTestCase
  File "/root/miniforge3/envs/coordex/lib/python3.11/site-packages/isaacsim/extscache/omni.kit.test-2.0.1+8131b85d.lx64.r.cp311/omni/kit/test/async_unittest.py", line 25, in <module>
    from .reporter import TestReporter
  File "/root/miniforge3/envs/coordex/lib/python3.11/site-packages/isaacsim/extscache/omni.kit.test-2.0.1+8131b85d.lx64.r.cp311/omni/kit/test/reporter.py", line 27, in <module>
    from .test_coverage import generate_coverage_report
  File "/root/miniforge3/envs/coordex/lib/python3.11/site-packages/isaacsim/extscache/omni.kit.test-2.0.1+8131b85d.lx64.r.cp311/omni/kit/test/test_coverage.py", line 10, in <module>
    import coverage
  File "/root/miniforge3/envs/coordex/lib/python3.11/site-packages/coverage/__init__.py", line 24, in <module>
    from coverage.control import (
  File "/root/miniforge3/envs/coordex/lib/python3.11/site-packages/coverage/control.py", line 28, in <module>
    from coverage.collector import Collector, HAS_CTRACER
  File "/root/miniforge3/envs/coordex/lib/python3.11/site-packages/coverage/collector.py", line 19, in <module>
    from coverage.data import CoverageData
  File "/root/miniforge3/envs/coordex/lib/python3.11/site-packages/coverage/data.py", line 24, in <module>
    from coverage.sqldata import CoverageData
  File "/root/miniforge3/envs/coordex/lib/python3.11/site-packages/coverage/sqldata.py", line 16, in <module>
    import sqlite3
  File "/root/miniforge3/envs/coordex/lib/python3.11/sqlite3/__init__.py", line 57, in <module>
    from sqlite3.dbapi2 import *
  File "/root/miniforge3/envs/coordex/lib/python3.11/sqlite3/dbapi2.py", line 27, in <module>
    from _sqlite3 import *
ImportError: /lib/x86_64-linux-gnu/libstdc++.so.6: version `CXXABI_1.3.15' not found (required by /root/miniforge3/envs/coordex/lib/python3.11/lib-dynload/../.././libicui18n.so.78)

2026-08-15T02:13:06Z [8,706ms] [Error] [omni.graph.tools._impl.internal.extension_contents_1_18] Exception while importing test omni.replicator.core.ogn.tests.TestOgnSampleMaterial: Traceback (most recent call last):
  File "/root/miniforge3/envs/coordex/lib/python3.11/site-packages/isaacsim/extscache/omni.graph.tools-1.79.2+8131b85d/omni/graph/tools/_impl/internal/extension_contents_1_18.py", line 394, in do_import_test_definition
    test_module = load_module_from_file(test_module_name, test_file)
                  ^^^^^^^^^^^^^^^^^^^^^^^^^^^^^^^^^^^^^^^^^^^^^^^^^^
  File "/root/miniforge3/envs/coordex/lib/python3.11/site-packages/isaacsim/extscache/omni.graph.tools-1.79.2+8131b85d/omni/graph/tools/_impl/internal/file_utils.py", line 239, in load_module_from_file
    spec.loader.exec_module(module)
  File "<frozen importlib._bootstrap_external>", line 940, in exec_module
  File "<frozen importlib._bootstrap>", line 241, in _call_with_frames_removed
  File "/root/miniforge3/envs/coordex/lib/python3.11/site-packages/isaacsim/extscache/omni.replicator.core-1.12.16+107.3.1.lx64.r.cp311/omni/replicator/core/ogn/tests/TestOgnSampleMaterial.py", line 2, in <module>
    import omni.kit.test
  File "/root/miniforge3/envs/coordex/lib/python3.11/site-packages/isaacsim/extscache/omni.kit.test-2.0.1+8131b85d.lx64.r.cp311/omni/kit/test/__init__.py", line 7, in <module>
    from . import unittests
  File "/root/miniforge3/envs/coordex/lib/python3.11/site-packages/isaacsim/extscache/omni.kit.test-2.0.1+8131b85d.lx64.r.cp311/omni/kit/test/unittests.py", line 21, in <module>
    from .async_unittest import AsyncTestSuite, AsyncTextTestRunner, OmniTestResult, AsyncTestCase
  File "/root/miniforge3/envs/coordex/lib/python3.11/site-packages/isaacsim/extscache/omni.kit.test-2.0.1+8131b85d.lx64.r.cp311/omni/kit/test/async_unittest.py", line 25, in <module>
    from .reporter import TestReporter
  File "/root/miniforge3/envs/coordex/lib/python3.11/site-packages/isaacsim/extscache/omni.kit.test-2.0.1+8131b85d.lx64.r.cp311/omni/kit/test/reporter.py", line 27, in <module>
    from .test_coverage import generate_coverage_report
  File "/root/miniforge3/envs/coordex/lib/python3.11/site-packages/isaacsim/extscache/omni.kit.test-2.0.1+8131b85d.lx64.r.cp311/omni/kit/test/test_coverage.py", line 10, in <module>
    import coverage
  File "/root/miniforge3/envs/coordex/lib/python3.11/site-packages/coverage/__init__.py", line 24, in <module>
    from coverage.control import (
  File "/root/miniforge3/envs/coordex/lib/python3.11/site-packages/coverage/control.py", line 28, in <module>
    from coverage.collector import Collector, HAS_CTRACER
  File "/root/miniforge3/envs/coordex/lib/python3.11/site-packages/coverage/collector.py", line 19, in <module>
    from coverage.data import CoverageData
  File "/root/miniforge3/envs/coordex/lib/python3.11/site-packages/coverage/data.py", line 24, in <module>
    from coverage.sqldata import CoverageData
  File "/root/miniforge3/envs/coordex/lib/python3.11/site-packages/coverage/sqldata.py", line 16, in <module>
    import sqlite3
  File "/root/miniforge3/envs/coordex/lib/python3.11/sqlite3/__init__.py", line 57, in <module>
    from sqlite3.dbapi2 import *
  File "/root/miniforge3/envs/coordex/lib/python3.11/sqlite3/dbapi2.py", line 27, in <module>
    from _sqlite3 import *
ImportError: /lib/x86_64-linux-gnu/libstdc++.so.6: version `CXXABI_1.3.15' not found (required by /root/miniforge3/envs/coordex/lib/python3.11/lib-dynload/../.././libicui18n.so.78)

2026-08-15T02:13:06Z [8,714ms] [Error] [omni.graph.tools._impl.internal.extension_contents_1_18] Exception while importing test omni.replicator.core.ogn.tests.TestOgnGetPrims: Traceback (most recent call last):
  File "/root/miniforge3/envs/coordex/lib/python3.11/site-packages/isaacsim/extscache/omni.graph.tools-1.79.2+8131b85d/omni/graph/tools/_impl/internal/extension_contents_1_18.py", line 394, in do_import_test_definition
    test_module = load_module_from_file(test_module_name, test_file)
                  ^^^^^^^^^^^^^^^^^^^^^^^^^^^^^^^^^^^^^^^^^^^^^^^^^^
  File "/root/miniforge3/envs/coordex/lib/python3.11/site-packages/isaacsim/extscache/omni.graph.tools-1.79.2+8131b85d/omni/graph/tools/_impl/internal/file_utils.py", line 239, in load_module_from_file
    spec.loader.exec_module(module)
  File "<frozen importlib._bootstrap_external>", line 940, in exec_module
  File "<frozen importlib._bootstrap>", line 241, in _call_with_frames_removed
  File "/root/miniforge3/envs/coordex/lib/python3.11/site-packages/isaacsim/extscache/omni.replicator.core-1.12.16+107.3.1.lx64.r.cp311/omni/replicator/core/ogn/tests/TestOgnGetPrims.py", line 2, in <module>
    import omni.kit.test
  File "/root/miniforge3/envs/coordex/lib/python3.11/site-packages/isaacsim/extscache/omni.kit.test-2.0.1+8131b85d.lx64.r.cp311/omni/kit/test/__init__.py", line 7, in <module>
    from . import unittests
  File "/root/miniforge3/envs/coordex/lib/python3.11/site-packages/isaacsim/extscache/omni.kit.test-2.0.1+8131b85d.lx64.r.cp311/omni/kit/test/unittests.py", line 21, in <module>
    from .async_unittest import AsyncTestSuite, AsyncTextTestRunner, OmniTestResult, AsyncTestCase
  File "/root/miniforge3/envs/coordex/lib/python3.11/site-packages/isaacsim/extscache/omni.kit.test-2.0.1+8131b85d.lx64.r.cp311/omni/kit/test/async_unittest.py", line 25, in <module>
    from .reporter import TestReporter
  File "/root/miniforge3/envs/coordex/lib/python3.11/site-packages/isaacsim/extscache/omni.kit.test-2.0.1+8131b85d.lx64.r.cp311/omni/kit/test/reporter.py", line 27, in <module>
    from .test_coverage import generate_coverage_report
  File "/root/miniforge3/envs/coordex/lib/python3.11/site-packages/isaacsim/extscache/omni.kit.test-2.0.1+8131b85d.lx64.r.cp311/omni/kit/test/test_coverage.py", line 10, in <module>
    import coverage
  File "/root/miniforge3/envs/coordex/lib/python3.11/site-packages/coverage/__init__.py", line 24, in <module>
    from coverage.control import (
  File "/root/miniforge3/envs/coordex/lib/python3.11/site-packages/coverage/control.py", line 28, in <module>
    from coverage.collector import Collector, HAS_CTRACER
  File "/root/miniforge3/envs/coordex/lib/python3.11/site-packages/coverage/collector.py", line 19, in <module>
    from coverage.data import CoverageData
  File "/root/miniforge3/envs/coordex/lib/python3.11/site-packages/coverage/data.py", line 24, in <module>
    from coverage.sqldata import CoverageData
  File "/root/miniforge3/envs/coordex/lib/python3.11/site-packages/coverage/sqldata.py", line 16, in <module>
    import sqlite3
  File "/root/miniforge3/envs/coordex/lib/python3.11/sqlite3/__init__.py", line 57, in <module>
    from sqlite3.dbapi2 import *
  File "/root/miniforge3/envs/coordex/lib/python3.11/sqlite3/dbapi2.py", line 27, in <module>
    from _sqlite3 import *
ImportError: /lib/x86_64-linux-gnu/libstdc++.so.6: version `CXXABI_1.3.15' not found (required by /root/miniforge3/envs/coordex/lib/python3.11/lib-dynload/../.././libicui18n.so.78)

2026-08-15T02:13:06Z [8,723ms] [Error] [omni.graph.tools._impl.internal.extension_contents_1_18] Exception while importing test omni.replicator.core.ogn.tests.TestOgnSampleChoice: Traceback (most recent call last):
  File "/root/miniforge3/envs/coordex/lib/python3.11/site-packages/isaacsim/extscache/omni.graph.tools-1.79.2+8131b85d/omni/graph/tools/_impl/internal/extension_contents_1_18.py", line 394, in do_import_test_definition
    test_module = load_module_from_file(test_module_name, test_file)
                  ^^^^^^^^^^^^^^^^^^^^^^^^^^^^^^^^^^^^^^^^^^^^^^^^^^
  File "/root/miniforge3/envs/coordex/lib/python3.11/site-packages/isaacsim/extscache/omni.graph.tools-1.79.2+8131b85d/omni/graph/tools/_impl/internal/file_utils.py", line 239, in load_module_from_file
    spec.loader.exec_module(module)
  File "<frozen importlib._bootstrap_external>", line 940, in exec_module
  File "<frozen importlib._bootstrap>", line 241, in _call_with_frames_removed
  File "/root/miniforge3/envs/coordex/lib/python3.11/site-packages/isaacsim/extscache/omni.replicator.core-1.12.16+107.3.1.lx64.r.cp311/omni/replicator/core/ogn/tests/TestOgnSampleChoice.py", line 2, in <module>
    import omni.kit.test
  File "/root/miniforge3/envs/coordex/lib/python3.11/site-packages/isaacsim/extscache/omni.kit.test-2.0.1+8131b85d.lx64.r.cp311/omni/kit/test/__init__.py", line 7, in <module>
    from . import unittests
  File "/root/miniforge3/envs/coordex/lib/python3.11/site-packages/isaacsim/extscache/omni.kit.test-2.0.1+8131b85d.lx64.r.cp311/omni/kit/test/unittests.py", line 21, in <module>
    from .async_unittest import AsyncTestSuite, AsyncTextTestRunner, OmniTestResult, AsyncTestCase
  File "/root/miniforge3/envs/coordex/lib/python3.11/site-packages/isaacsim/extscache/omni.kit.test-2.0.1+8131b85d.lx64.r.cp311/omni/kit/test/async_unittest.py", line 25, in <module>
    from .reporter import TestReporter
  File "/root/miniforge3/envs/coordex/lib/python3.11/site-packages/isaacsim/extscache/omni.kit.test-2.0.1+8131b85d.lx64.r.cp311/omni/kit/test/reporter.py", line 27, in <module>
    from .test_coverage import generate_coverage_report
  File "/root/miniforge3/envs/coordex/lib/python3.11/site-packages/isaacsim/extscache/omni.kit.test-2.0.1+8131b85d.lx64.r.cp311/omni/kit/test/test_coverage.py", line 10, in <module>
    import coverage
  File "/root/miniforge3/envs/coordex/lib/python3.11/site-packages/coverage/__init__.py", line 24, in <module>
    from coverage.control import (
  File "/root/miniforge3/envs/coordex/lib/python3.11/site-packages/coverage/control.py", line 28, in <module>
    from coverage.collector import Collector, HAS_CTRACER
  File "/root/miniforge3/envs/coordex/lib/python3.11/site-packages/coverage/collector.py", line 19, in <module>
    from coverage.data import CoverageData
  File "/root/miniforge3/envs/coordex/lib/python3.11/site-packages/coverage/data.py", line 24, in <module>
    from coverage.sqldata import CoverageData
  File "/root/miniforge3/envs/coordex/lib/python3.11/site-packages/coverage/sqldata.py", line 16, in <module>
    import sqlite3
  File "/root/miniforge3/envs/coordex/lib/python3.11/sqlite3/__init__.py", line 57, in <module>
    from sqlite3.dbapi2 import *
  File "/root/miniforge3/envs/coordex/lib/python3.11/sqlite3/dbapi2.py", line 27, in <module>
    from _sqlite3 import *
ImportError: /lib/x86_64-linux-gnu/libstdc++.so.6: version `CXXABI_1.3.15' not found (required by /root/miniforge3/envs/coordex/lib/python3.11/lib-dynload/../.././libicui18n.so.78)

2026-08-15T02:13:06Z [8,748ms] [Error] [omni.graph.tools._impl.internal.extension_contents_1_18] Exception while importing test omni.replicator.core.ogn.tests.TestOgnGetSkeletonData: Traceback (most recent call last):
  File "/root/miniforge3/envs/coordex/lib/python3.11/site-packages/isaacsim/extscache/omni.graph.tools-1.79.2+8131b85d/omni/graph/tools/_impl/internal/extension_contents_1_18.py", line 394, in do_import_test_definition
    test_module = load_module_from_file(test_module_name, test_file)
                  ^^^^^^^^^^^^^^^^^^^^^^^^^^^^^^^^^^^^^^^^^^^^^^^^^^
  File "/root/miniforge3/envs/coordex/lib/python3.11/site-packages/isaacsim/extscache/omni.graph.tools-1.79.2+8131b85d/omni/graph/tools/_impl/internal/file_utils.py", line 239, in load_module_from_file
    spec.loader.exec_module(module)
  File "<frozen importlib._bootstrap_external>", line 940, in exec_module
  File "<frozen importlib._bootstrap>", line 241, in _call_with_frames_removed
  File "/root/miniforge3/envs/coordex/lib/python3.11/site-packages/isaacsim/extscache/omni.replicator.core-1.12.16+107.3.1.lx64.r.cp311/omni/replicator/core/ogn/tests/TestOgnGetSkeletonData.py", line 2, in <module>
    import omni.kit.test
  File "/root/miniforge3/envs/coordex/lib/python3.11/site-packages/isaacsim/extscache/omni.kit.test-2.0.1+8131b85d.lx64.r.cp311/omni/kit/test/__init__.py", line 7, in <module>
    from . import unittests
  File "/root/miniforge3/envs/coordex/lib/python3.11/site-packages/isaacsim/extscache/omni.kit.test-2.0.1+8131b85d.lx64.r.cp311/omni/kit/test/unittests.py", line 21, in <module>
    from .async_unittest import AsyncTestSuite, AsyncTextTestRunner, OmniTestResult, AsyncTestCase
  File "/root/miniforge3/envs/coordex/lib/python3.11/site-packages/isaacsim/extscache/omni.kit.test-2.0.1+8131b85d.lx64.r.cp311/omni/kit/test/async_unittest.py", line 25, in <module>
    from .reporter import TestReporter
  File "/root/miniforge3/envs/coordex/lib/python3.11/site-packages/isaacsim/extscache/omni.kit.test-2.0.1+8131b85d.lx64.r.cp311/omni/kit/test/reporter.py", line 27, in <module>
    from .test_coverage import generate_coverage_report
  File "/root/miniforge3/envs/coordex/lib/python3.11/site-packages/isaacsim/extscache/omni.kit.test-2.0.1+8131b85d.lx64.r.cp311/omni/kit/test/test_coverage.py", line 10, in <module>
    import coverage
  File "/root/miniforge3/envs/coordex/lib/python3.11/site-packages/coverage/__init__.py", line 24, in <module>
    from coverage.control import (
  File "/root/miniforge3/envs/coordex/lib/python3.11/site-packages/coverage/control.py", line 28, in <module>
    from coverage.collector import Collector, HAS_CTRACER
  File "/root/miniforge3/envs/coordex/lib/python3.11/site-packages/coverage/collector.py", line 19, in <module>
    from coverage.data import CoverageData
  File "/root/miniforge3/envs/coordex/lib/python3.11/site-packages/coverage/data.py", line 24, in <module>
    from coverage.sqldata import CoverageData
  File "/root/miniforge3/envs/coordex/lib/python3.11/site-packages/coverage/sqldata.py", line 16, in <module>
    import sqlite3
  File "/root/miniforge3/envs/coordex/lib/python3.11/sqlite3/__init__.py", line 57, in <module>
    from sqlite3.dbapi2 import *
  File "/root/miniforge3/envs/coordex/lib/python3.11/sqlite3/dbapi2.py", line 27, in <module>
    from _sqlite3 import *
ImportError: /lib/x86_64-linux-gnu/libstdc++.so.6: version `CXXABI_1.3.15' not found (required by /root/miniforge3/envs/coordex/lib/python3.11/lib-dynload/../.././libicui18n.so.78)

2026-08-15T02:13:06Z [8,784ms] [Error] [omni.graph.tools._impl.internal.extension_contents_1_18] Exception while importing test omni.replicator.core.ogn.tests.TestOgnWritePrimAttribute: Traceback (most recent call last):
  File "/root/miniforge3/envs/coordex/lib/python3.11/site-packages/isaacsim/extscache/omni.graph.tools-1.79.2+8131b85d/omni/graph/tools/_impl/internal/extension_contents_1_18.py", line 394, in do_import_test_definition
    test_module = load_module_from_file(test_module_name, test_file)
                  ^^^^^^^^^^^^^^^^^^^^^^^^^^^^^^^^^^^^^^^^^^^^^^^^^^
  File "/root/miniforge3/envs/coordex/lib/python3.11/site-packages/isaacsim/extscache/omni.graph.tools-1.79.2+8131b85d/omni/graph/tools/_impl/internal/file_utils.py", line 239, in load_module_from_file
    spec.loader.exec_module(module)
  File "<frozen importlib._bootstrap_external>", line 940, in exec_module
  File "<frozen importlib._bootstrap>", line 241, in _call_with_frames_removed
  File "/root/miniforge3/envs/coordex/lib/python3.11/site-packages/isaacsim/extscache/omni.replicator.core-1.12.16+107.3.1.lx64.r.cp311/omni/replicator/core/ogn/tests/TestOgnWritePrimAttribute.py", line 2, in <module>
    import omni.kit.test
  File "/root/miniforge3/envs/coordex/lib/python3.11/site-packages/isaacsim/extscache/omni.kit.test-2.0.1+8131b85d.lx64.r.cp311/omni/kit/test/__init__.py", line 7, in <module>
    from . import unittests
  File "/root/miniforge3/envs/coordex/lib/python3.11/site-packages/isaacsim/extscache/omni.kit.test-2.0.1+8131b85d.lx64.r.cp311/omni/kit/test/unittests.py", line 21, in <module>
    from .async_unittest import AsyncTestSuite, AsyncTextTestRunner, OmniTestResult, AsyncTestCase
  File "/root/miniforge3/envs/coordex/lib/python3.11/site-packages/isaacsim/extscache/omni.kit.test-2.0.1+8131b85d.lx64.r.cp311/omni/kit/test/async_unittest.py", line 25, in <module>
    from .reporter import TestReporter
  File "/root/miniforge3/envs/coordex/lib/python3.11/site-packages/isaacsim/extscache/omni.kit.test-2.0.1+8131b85d.lx64.r.cp311/omni/kit/test/reporter.py", line 27, in <module>
    from .test_coverage import generate_coverage_report
  File "/root/miniforge3/envs/coordex/lib/python3.11/site-packages/isaacsim/extscache/omni.kit.test-2.0.1+8131b85d.lx64.r.cp311/omni/kit/test/test_coverage.py", line 10, in <module>
    import coverage
  File "/root/miniforge3/envs/coordex/lib/python3.11/site-packages/coverage/__init__.py", line 24, in <module>
    from coverage.control import (
  File "/root/miniforge3/envs/coordex/lib/python3.11/site-packages/coverage/control.py", line 28, in <module>
    from coverage.collector import Collector, HAS_CTRACER
  File "/root/miniforge3/envs/coordex/lib/python3.11/site-packages/coverage/collector.py", line 19, in <module>
    from coverage.data import CoverageData
  File "/root/miniforge3/envs/coordex/lib/python3.11/site-packages/coverage/data.py", line 24, in <module>
    from coverage.sqldata import CoverageData
  File "/root/miniforge3/envs/coordex/lib/python3.11/site-packages/coverage/sqldata.py", line 16, in <module>
    import sqlite3
  File "/root/miniforge3/envs/coordex/lib/python3.11/sqlite3/__init__.py", line 57, in <module>
    from sqlite3.dbapi2 import *
  File "/root/miniforge3/envs/coordex/lib/python3.11/sqlite3/dbapi2.py", line 27, in <module>
    from _sqlite3 import *
ImportError: /lib/x86_64-linux-gnu/libstdc++.so.6: version `CXXABI_1.3.15' not found (required by /root/miniforge3/envs/coordex/lib/python3.11/lib-dynload/../.././libicui18n.so.78)

2026-08-15T02:13:06Z [8,795ms] [Error] [omni.graph.tools._impl.internal.extension_contents_1_18] Exception while importing test omni.replicator.core.ogn.tests.TestOgnCreateProjectionMaterial: Traceback (most recent call last):
  File "/root/miniforge3/envs/coordex/lib/python3.11/site-packages/isaacsim/extscache/omni.graph.tools-1.79.2+8131b85d/omni/graph/tools/_impl/internal/extension_contents_1_18.py", line 394, in do_import_test_definition
    test_module = load_module_from_file(test_module_name, test_file)
                  ^^^^^^^^^^^^^^^^^^^^^^^^^^^^^^^^^^^^^^^^^^^^^^^^^^
  File "/root/miniforge3/envs/coordex/lib/python3.11/site-packages/isaacsim/extscache/omni.graph.tools-1.79.2+8131b85d/omni/graph/tools/_impl/internal/file_utils.py", line 239, in load_module_from_file
    spec.loader.exec_module(module)
  File "<frozen importlib._bootstrap_external>", line 940, in exec_module
  File "<frozen importlib._bootstrap>", line 241, in _call_with_frames_removed
  File "/root/miniforge3/envs/coordex/lib/python3.11/site-packages/isaacsim/extscache/omni.replicator.core-1.12.16+107.3.1.lx64.r.cp311/omni/replicator/core/ogn/tests/TestOgnCreateProjectionMaterial.py", line 2, in <module>
    import omni.kit.test
  File "/root/miniforge3/envs/coordex/lib/python3.11/site-packages/isaacsim/extscache/omni.kit.test-2.0.1+8131b85d.lx64.r.cp311/omni/kit/test/__init__.py", line 7, in <module>
    from . import unittests
  File "/root/miniforge3/envs/coordex/lib/python3.11/site-packages/isaacsim/extscache/omni.kit.test-2.0.1+8131b85d.lx64.r.cp311/omni/kit/test/unittests.py", line 21, in <module>
    from .async_unittest import AsyncTestSuite, AsyncTextTestRunner, OmniTestResult, AsyncTestCase
  File "/root/miniforge3/envs/coordex/lib/python3.11/site-packages/isaacsim/extscache/omni.kit.test-2.0.1+8131b85d.lx64.r.cp311/omni/kit/test/async_unittest.py", line 25, in <module>
    from .reporter import TestReporter
  File "/root/miniforge3/envs/coordex/lib/python3.11/site-packages/isaacsim/extscache/omni.kit.test-2.0.1+8131b85d.lx64.r.cp311/omni/kit/test/reporter.py", line 27, in <module>
    from .test_coverage import generate_coverage_report
  File "/root/miniforge3/envs/coordex/lib/python3.11/site-packages/isaacsim/extscache/omni.kit.test-2.0.1+8131b85d.lx64.r.cp311/omni/kit/test/test_coverage.py", line 10, in <module>
    import coverage
  File "/root/miniforge3/envs/coordex/lib/python3.11/site-packages/coverage/__init__.py", line 24, in <module>
    from coverage.control import (
  File "/root/miniforge3/envs/coordex/lib/python3.11/site-packages/coverage/control.py", line 28, in <module>
    from coverage.collector import Collector, HAS_CTRACER
  File "/root/miniforge3/envs/coordex/lib/python3.11/site-packages/coverage/collector.py", line 19, in <module>
    from coverage.data import CoverageData
  File "/root/miniforge3/envs/coordex/lib/python3.11/site-packages/coverage/data.py", line 24, in <module>
    from coverage.sqldata import CoverageData
  File "/root/miniforge3/envs/coordex/lib/python3.11/site-packages/coverage/sqldata.py", line 16, in <module>
    import sqlite3
  File "/root/miniforge3/envs/coordex/lib/python3.11/sqlite3/__init__.py", line 57, in <module>
    from sqlite3.dbapi2 import *
  File "/root/miniforge3/envs/coordex/lib/python3.11/sqlite3/dbapi2.py", line 27, in <module>
    from _sqlite3 import *
ImportError: /lib/x86_64-linux-gnu/libstdc++.so.6: version `CXXABI_1.3.15' not found (required by /root/miniforge3/envs/coordex/lib/python3.11/lib-dynload/../.././libicui18n.so.78)

2026-08-15T02:13:06Z [8,808ms] [Error] [omni.graph.tools._impl.internal.extension_contents_1_18] Exception while importing test omni.replicator.core.ogn.tests.TestOgnMeshDecal: Traceback (most recent call last):
  File "/root/miniforge3/envs/coordex/lib/python3.11/site-packages/isaacsim/extscache/omni.graph.tools-1.79.2+8131b85d/omni/graph/tools/_impl/internal/extension_contents_1_18.py", line 394, in do_import_test_definition
    test_module = load_module_from_file(test_module_name, test_file)
                  ^^^^^^^^^^^^^^^^^^^^^^^^^^^^^^^^^^^^^^^^^^^^^^^^^^
  File "/root/miniforge3/envs/coordex/lib/python3.11/site-packages/isaacsim/extscache/omni.graph.tools-1.79.2+8131b85d/omni/graph/tools/_impl/internal/file_utils.py", line 239, in load_module_from_file
    spec.loader.exec_module(module)
  File "<frozen importlib._bootstrap_external>", line 940, in exec_module
  File "<frozen importlib._bootstrap>", line 241, in _call_with_frames_removed
  File "/root/miniforge3/envs/coordex/lib/python3.11/site-packages/isaacsim/extscache/omni.replicator.core-1.12.16+107.3.1.lx64.r.cp311/omni/replicator/core/ogn/tests/TestOgnMeshDecal.py", line 2, in <module>
    import omni.kit.test
  File "/root/miniforge3/envs/coordex/lib/python3.11/site-packages/isaacsim/extscache/omni.kit.test-2.0.1+8131b85d.lx64.r.cp311/omni/kit/test/__init__.py", line 7, in <module>
    from . import unittests
  File "/root/miniforge3/envs/coordex/lib/python3.11/site-packages/isaacsim/extscache/omni.kit.test-2.0.1+8131b85d.lx64.r.cp311/omni/kit/test/unittests.py", line 21, in <module>
    from .async_unittest import AsyncTestSuite, AsyncTextTestRunner, OmniTestResult, AsyncTestCase
  File "/root/miniforge3/envs/coordex/lib/python3.11/site-packages/isaacsim/extscache/omni.kit.test-2.0.1+8131b85d.lx64.r.cp311/omni/kit/test/async_unittest.py", line 25, in <module>
    from .reporter import TestReporter
  File "/root/miniforge3/envs/coordex/lib/python3.11/site-packages/isaacsim/extscache/omni.kit.test-2.0.1+8131b85d.lx64.r.cp311/omni/kit/test/reporter.py", line 27, in <module>
    from .test_coverage import generate_coverage_report
  File "/root/miniforge3/envs/coordex/lib/python3.11/site-packages/isaacsim/extscache/omni.kit.test-2.0.1+8131b85d.lx64.r.cp311/omni/kit/test/test_coverage.py", line 10, in <module>
    import coverage
  File "/root/miniforge3/envs/coordex/lib/python3.11/site-packages/coverage/__init__.py", line 24, in <module>
    from coverage.control import (
  File "/root/miniforge3/envs/coordex/lib/python3.11/site-packages/coverage/control.py", line 28, in <module>
    from coverage.collector import Collector, HAS_CTRACER
  File "/root/miniforge3/envs/coordex/lib/python3.11/site-packages/coverage/collector.py", line 19, in <module>
    from coverage.data import CoverageData
  File "/root/miniforge3/envs/coordex/lib/python3.11/site-packages/coverage/data.py", line 24, in <module>
    from coverage.sqldata import CoverageData
  File "/root/miniforge3/envs/coordex/lib/python3.11/site-packages/coverage/sqldata.py", line 16, in <module>
    import sqlite3
  File "/root/miniforge3/envs/coordex/lib/python3.11/sqlite3/__init__.py", line 57, in <module>
    from sqlite3.dbapi2 import *
  File "/root/miniforge3/envs/coordex/lib/python3.11/sqlite3/dbapi2.py", line 27, in <module>
    from _sqlite3 import *
ImportError: /lib/x86_64-linux-gnu/libstdc++.so.6: version `CXXABI_1.3.15' not found (required by /root/miniforge3/envs/coordex/lib/python3.11/lib-dynload/../.././libicui18n.so.78)

2026-08-15T02:13:06Z [8,822ms] [Error] [omni.graph.tools._impl.internal.extension_contents_1_18] Exception while importing test omni.replicator.core.ogn.tests.TestOgnModifyAnimationTarget: Traceback (most recent call last):
  File "/root/miniforge3/envs/coordex/lib/python3.11/site-packages/isaacsim/extscache/omni.graph.tools-1.79.2+8131b85d/omni/graph/tools/_impl/internal/extension_contents_1_18.py", line 394, in do_import_test_definition
    test_module = load_module_from_file(test_module_name, test_file)
                  ^^^^^^^^^^^^^^^^^^^^^^^^^^^^^^^^^^^^^^^^^^^^^^^^^^
  File "/root/miniforge3/envs/coordex/lib/python3.11/site-packages/isaacsim/extscache/omni.graph.tools-1.79.2+8131b85d/omni/graph/tools/_impl/internal/file_utils.py", line 239, in load_module_from_file
    spec.loader.exec_module(module)
  File "<frozen importlib._bootstrap_external>", line 940, in exec_module
  File "<frozen importlib._bootstrap>", line 241, in _call_with_frames_removed
  File "/root/miniforge3/envs/coordex/lib/python3.11/site-packages/isaacsim/extscache/omni.replicator.core-1.12.16+107.3.1.lx64.r.cp311/omni/replicator/core/ogn/tests/TestOgnModifyAnimationTarget.py", line 2, in <module>
    import omni.kit.test
  File "/root/miniforge3/envs/coordex/lib/python3.11/site-packages/isaacsim/extscache/omni.kit.test-2.0.1+8131b85d.lx64.r.cp311/omni/kit/test/__init__.py", line 7, in <module>
    from . import unittests
  File "/root/miniforge3/envs/coordex/lib/python3.11/site-packages/isaacsim/extscache/omni.kit.test-2.0.1+8131b85d.lx64.r.cp311/omni/kit/test/unittests.py", line 21, in <module>
    from .async_unittest import AsyncTestSuite, AsyncTextTestRunner, OmniTestResult, AsyncTestCase
  File "/root/miniforge3/envs/coordex/lib/python3.11/site-packages/isaacsim/extscache/omni.kit.test-2.0.1+8131b85d.lx64.r.cp311/omni/kit/test/async_unittest.py", line 25, in <module>
    from .reporter import TestReporter
  File "/root/miniforge3/envs/coordex/lib/python3.11/site-packages/isaacsim/extscache/omni.kit.test-2.0.1+8131b85d.lx64.r.cp311/omni/kit/test/reporter.py", line 27, in <module>
    from .test_coverage import generate_coverage_report
  File "/root/miniforge3/envs/coordex/lib/python3.11/site-packages/isaacsim/extscache/omni.kit.test-2.0.1+8131b85d.lx64.r.cp311/omni/kit/test/test_coverage.py", line 10, in <module>
    import coverage
  File "/root/miniforge3/envs/coordex/lib/python3.11/site-packages/coverage/__init__.py", line 24, in <module>
    from coverage.control import (
  File "/root/miniforge3/envs/coordex/lib/python3.11/site-packages/coverage/control.py", line 28, in <module>
    from coverage.collector import Collector, HAS_CTRACER
  File "/root/miniforge3/envs/coordex/lib/python3.11/site-packages/coverage/collector.py", line 19, in <module>
    from coverage.data import CoverageData
  File "/root/miniforge3/envs/coordex/lib/python3.11/site-packages/coverage/data.py", line 24, in <module>
    from coverage.sqldata import CoverageData
  File "/root/miniforge3/envs/coordex/lib/python3.11/site-packages/coverage/sqldata.py", line 16, in <module>
    import sqlite3
  File "/root/miniforge3/envs/coordex/lib/python3.11/sqlite3/__init__.py", line 57, in <module>
    from sqlite3.dbapi2 import *
  File "/root/miniforge3/envs/coordex/lib/python3.11/sqlite3/dbapi2.py", line 27, in <module>
    from _sqlite3 import *
ImportError: /lib/x86_64-linux-gnu/libstdc++.so.6: version `CXXABI_1.3.15' not found (required by /root/miniforge3/envs/coordex/lib/python3.11/lib-dynload/../.././libicui18n.so.78)

2026-08-15T02:13:06Z [8,832ms] [Error] [omni.graph.tools._impl.internal.extension_contents_1_18] Exception while importing test omni.replicator.core.ogn.tests.TestOgnSampleCombine: Traceback (most recent call last):
  File "/root/miniforge3/envs/coordex/lib/python3.11/site-packages/isaacsim/extscache/omni.graph.tools-1.79.2+8131b85d/omni/graph/tools/_impl/internal/extension_contents_1_18.py", line 394, in do_import_test_definition
    test_module = load_module_from_file(test_module_name, test_file)
                  ^^^^^^^^^^^^^^^^^^^^^^^^^^^^^^^^^^^^^^^^^^^^^^^^^^
  File "/root/miniforge3/envs/coordex/lib/python3.11/site-packages/isaacsim/extscache/omni.graph.tools-1.79.2+8131b85d/omni/graph/tools/_impl/internal/file_utils.py", line 239, in load_module_from_file
    spec.loader.exec_module(module)
  File "<frozen importlib._bootstrap_external>", line 940, in exec_module
  File "<frozen importlib._bootstrap>", line 241, in _call_with_frames_removed
  File "/root/miniforge3/envs/coordex/lib/python3.11/site-packages/isaacsim/extscache/omni.replicator.core-1.12.16+107.3.1.lx64.r.cp311/omni/replicator/core/ogn/tests/TestOgnSampleCombine.py", line 2, in <module>
    import omni.kit.test
  File "/root/miniforge3/envs/coordex/lib/python3.11/site-packages/isaacsim/extscache/omni.kit.test-2.0.1+8131b85d.lx64.r.cp311/omni/kit/test/__init__.py", line 7, in <module>
    from . import unittests
  File "/root/miniforge3/envs/coordex/lib/python3.11/site-packages/isaacsim/extscache/omni.kit.test-2.0.1+8131b85d.lx64.r.cp311/omni/kit/test/unittests.py", line 21, in <module>
    from .async_unittest import AsyncTestSuite, AsyncTextTestRunner, OmniTestResult, AsyncTestCase
  File "/root/miniforge3/envs/coordex/lib/python3.11/site-packages/isaacsim/extscache/omni.kit.test-2.0.1+8131b85d.lx64.r.cp311/omni/kit/test/async_unittest.py", line 25, in <module>
    from .reporter import TestReporter
  File "/root/miniforge3/envs/coordex/lib/python3.11/site-packages/isaacsim/extscache/omni.kit.test-2.0.1+8131b85d.lx64.r.cp311/omni/kit/test/reporter.py", line 27, in <module>
    from .test_coverage import generate_coverage_report
  File "/root/miniforge3/envs/coordex/lib/python3.11/site-packages/isaacsim/extscache/omni.kit.test-2.0.1+8131b85d.lx64.r.cp311/omni/kit/test/test_coverage.py", line 10, in <module>
    import coverage
  File "/root/miniforge3/envs/coordex/lib/python3.11/site-packages/coverage/__init__.py", line 24, in <module>
    from coverage.control import (
  File "/root/miniforge3/envs/coordex/lib/python3.11/site-packages/coverage/control.py", line 28, in <module>
    from coverage.collector import Collector, HAS_CTRACER
  File "/root/miniforge3/envs/coordex/lib/python3.11/site-packages/coverage/collector.py", line 19, in <module>
    from coverage.data import CoverageData
  File "/root/miniforge3/envs/coordex/lib/python3.11/site-packages/coverage/data.py", line 24, in <module>
    from coverage.sqldata import CoverageData
  File "/root/miniforge3/envs/coordex/lib/python3.11/site-packages/coverage/sqldata.py", line 16, in <module>
    import sqlite3
  File "/root/miniforge3/envs/coordex/lib/python3.11/sqlite3/__init__.py", line 57, in <module>
    from sqlite3.dbapi2 import *
  File "/root/miniforge3/envs/coordex/lib/python3.11/sqlite3/dbapi2.py", line 27, in <module>
    from _sqlite3 import *
ImportError: /lib/x86_64-linux-gnu/libstdc++.so.6: version `CXXABI_1.3.15' not found (required by /root/miniforge3/envs/coordex/lib/python3.11/lib-dynload/../.././libicui18n.so.78)

2026-08-15T02:13:06Z [8,843ms] [Error] [omni.graph.tools._impl.internal.extension_contents_1_18] Exception while importing test omni.replicator.core.ogn.tests.TestOgnConditionScript: Traceback (most recent call last):
  File "/root/miniforge3/envs/coordex/lib/python3.11/site-packages/isaacsim/extscache/omni.graph.tools-1.79.2+8131b85d/omni/graph/tools/_impl/internal/extension_contents_1_18.py", line 394, in do_import_test_definition
    test_module = load_module_from_file(test_module_name, test_file)
                  ^^^^^^^^^^^^^^^^^^^^^^^^^^^^^^^^^^^^^^^^^^^^^^^^^^
  File "/root/miniforge3/envs/coordex/lib/python3.11/site-packages/isaacsim/extscache/omni.graph.tools-1.79.2+8131b85d/omni/graph/tools/_impl/internal/file_utils.py", line 239, in load_module_from_file
    spec.loader.exec_module(module)
  File "<frozen importlib._bootstrap_external>", line 940, in exec_module
  File "<frozen importlib._bootstrap>", line 241, in _call_with_frames_removed
  File "/root/miniforge3/envs/coordex/lib/python3.11/site-packages/isaacsim/extscache/omni.replicator.core-1.12.16+107.3.1.lx64.r.cp311/omni/replicator/core/ogn/tests/TestOgnConditionScript.py", line 2, in <module>
    import omni.kit.test
  File "/root/miniforge3/envs/coordex/lib/python3.11/site-packages/isaacsim/extscache/omni.kit.test-2.0.1+8131b85d.lx64.r.cp311/omni/kit/test/__init__.py", line 7, in <module>
    from . import unittests
  File "/root/miniforge3/envs/coordex/lib/python3.11/site-packages/isaacsim/extscache/omni.kit.test-2.0.1+8131b85d.lx64.r.cp311/omni/kit/test/unittests.py", line 21, in <module>
    from .async_unittest import AsyncTestSuite, AsyncTextTestRunner, OmniTestResult, AsyncTestCase
  File "/root/miniforge3/envs/coordex/lib/python3.11/site-packages/isaacsim/extscache/omni.kit.test-2.0.1+8131b85d.lx64.r.cp311/omni/kit/test/async_unittest.py", line 25, in <module>
    from .reporter import TestReporter
  File "/root/miniforge3/envs/coordex/lib/python3.11/site-packages/isaacsim/extscache/omni.kit.test-2.0.1+8131b85d.lx64.r.cp311/omni/kit/test/reporter.py", line 27, in <module>
    from .test_coverage import generate_coverage_report
  File "/root/miniforge3/envs/coordex/lib/python3.11/site-packages/isaacsim/extscache/omni.kit.test-2.0.1+8131b85d.lx64.r.cp311/omni/kit/test/test_coverage.py", line 10, in <module>
    import coverage
  File "/root/miniforge3/envs/coordex/lib/python3.11/site-packages/coverage/__init__.py", line 24, in <module>
    from coverage.control import (
  File "/root/miniforge3/envs/coordex/lib/python3.11/site-packages/coverage/control.py", line 28, in <module>
    from coverage.collector import Collector, HAS_CTRACER
  File "/root/miniforge3/envs/coordex/lib/python3.11/site-packages/coverage/collector.py", line 19, in <module>
    from coverage.data import CoverageData
  File "/root/miniforge3/envs/coordex/lib/python3.11/site-packages/coverage/data.py", line 24, in <module>
    from coverage.sqldata import CoverageData
  File "/root/miniforge3/envs/coordex/lib/python3.11/site-packages/coverage/sqldata.py", line 16, in <module>
    import sqlite3
  File "/root/miniforge3/envs/coordex/lib/python3.11/sqlite3/__init__.py", line 57, in <module>
    from sqlite3.dbapi2 import *
  File "/root/miniforge3/envs/coordex/lib/python3.11/sqlite3/dbapi2.py", line 27, in <module>
    from _sqlite3 import *
ImportError: /lib/x86_64-linux-gnu/libstdc++.so.6: version `CXXABI_1.3.15' not found (required by /root/miniforge3/envs/coordex/lib/python3.11/lib-dynload/../.././libicui18n.so.78)

2026-08-15T02:13:06Z [8,863ms] [Error] [omni.graph.tools._impl.internal.extension_contents_1_18] Exception while importing test omni.replicator.core.ogn.tests.TestOgnGetPrimAtPath: Traceback (most recent call last):
  File "/root/miniforge3/envs/coordex/lib/python3.11/site-packages/isaacsim/extscache/omni.graph.tools-1.79.2+8131b85d/omni/graph/tools/_impl/internal/extension_contents_1_18.py", line 394, in do_import_test_definition
    test_module = load_module_from_file(test_module_name, test_file)
                  ^^^^^^^^^^^^^^^^^^^^^^^^^^^^^^^^^^^^^^^^^^^^^^^^^^
  File "/root/miniforge3/envs/coordex/lib/python3.11/site-packages/isaacsim/extscache/omni.graph.tools-1.79.2+8131b85d/omni/graph/tools/_impl/internal/file_utils.py", line 239, in load_module_from_file
    spec.loader.exec_module(module)
  File "<frozen importlib._bootstrap_external>", line 940, in exec_module
  File "<frozen importlib._bootstrap>", line 241, in _call_with_frames_removed
  File "/root/miniforge3/envs/coordex/lib/python3.11/site-packages/isaacsim/extscache/omni.replicator.core-1.12.16+107.3.1.lx64.r.cp311/omni/replicator/core/ogn/tests/TestOgnGetPrimAtPath.py", line 2, in <module>
    import omni.kit.test
  File "/root/miniforge3/envs/coordex/lib/python3.11/site-packages/isaacsim/extscache/omni.kit.test-2.0.1+8131b85d.lx64.r.cp311/omni/kit/test/__init__.py", line 7, in <module>
    from . import unittests
  File "/root/miniforge3/envs/coordex/lib/python3.11/site-packages/isaacsim/extscache/omni.kit.test-2.0.1+8131b85d.lx64.r.cp311/omni/kit/test/unittests.py", line 21, in <module>
    from .async_unittest import AsyncTestSuite, AsyncTextTestRunner, OmniTestResult, AsyncTestCase
  File "/root/miniforge3/envs/coordex/lib/python3.11/site-packages/isaacsim/extscache/omni.kit.test-2.0.1+8131b85d.lx64.r.cp311/omni/kit/test/async_unittest.py", line 25, in <module>
    from .reporter import TestReporter
  File "/root/miniforge3/envs/coordex/lib/python3.11/site-packages/isaacsim/extscache/omni.kit.test-2.0.1+8131b85d.lx64.r.cp311/omni/kit/test/reporter.py", line 27, in <module>
    from .test_coverage import generate_coverage_report
  File "/root/miniforge3/envs/coordex/lib/python3.11/site-packages/isaacsim/extscache/omni.kit.test-2.0.1+8131b85d.lx64.r.cp311/omni/kit/test/test_coverage.py", line 10, in <module>
    import coverage
  File "/root/miniforge3/envs/coordex/lib/python3.11/site-packages/coverage/__init__.py", line 24, in <module>
    from coverage.control import (
  File "/root/miniforge3/envs/coordex/lib/python3.11/site-packages/coverage/control.py", line 28, in <module>
    from coverage.collector import Collector, HAS_CTRACER
  File "/root/miniforge3/envs/coordex/lib/python3.11/site-packages/coverage/collector.py", line 19, in <module>
    from coverage.data import CoverageData
  File "/root/miniforge3/envs/coordex/lib/python3.11/site-packages/coverage/data.py", line 24, in <module>
    from coverage.sqldata import CoverageData
  File "/root/miniforge3/envs/coordex/lib/python3.11/site-packages/coverage/sqldata.py", line 16, in <module>
    import sqlite3
  File "/root/miniforge3/envs/coordex/lib/python3.11/sqlite3/__init__.py", line 57, in <module>
    from sqlite3.dbapi2 import *
  File "/root/miniforge3/envs/coordex/lib/python3.11/sqlite3/dbapi2.py", line 27, in <module>
    from _sqlite3 import *
ImportError: /lib/x86_64-linux-gnu/libstdc++.so.6: version `CXXABI_1.3.15' not found (required by /root/miniforge3/envs/coordex/lib/python3.11/lib-dynload/../.././libicui18n.so.78)

2026-08-15T02:13:06Z [8,882ms] [Error] [omni.graph.tools._impl.internal.extension_contents_1_18] Exception while importing test omni.replicator.core.ogn.tests.TestOgnArray: Traceback (most recent call last):
  File "/root/miniforge3/envs/coordex/lib/python3.11/site-packages/isaacsim/extscache/omni.graph.tools-1.79.2+8131b85d/omni/graph/tools/_impl/internal/extension_contents_1_18.py", line 394, in do_import_test_definition
    test_module = load_module_from_file(test_module_name, test_file)
                  ^^^^^^^^^^^^^^^^^^^^^^^^^^^^^^^^^^^^^^^^^^^^^^^^^^
  File "/root/miniforge3/envs/coordex/lib/python3.11/site-packages/isaacsim/extscache/omni.graph.tools-1.79.2+8131b85d/omni/graph/tools/_impl/internal/file_utils.py", line 239, in load_module_from_file
    spec.loader.exec_module(module)
  File "<frozen importlib._bootstrap_external>", line 940, in exec_module
  File "<frozen importlib._bootstrap>", line 241, in _call_with_frames_removed
  File "/root/miniforge3/envs/coordex/lib/python3.11/site-packages/isaacsim/extscache/omni.replicator.core-1.12.16+107.3.1.lx64.r.cp311/omni/replicator/core/ogn/tests/TestOgnArray.py", line 2, in <module>
    import omni.kit.test
  File "/root/miniforge3/envs/coordex/lib/python3.11/site-packages/isaacsim/extscache/omni.kit.test-2.0.1+8131b85d.lx64.r.cp311/omni/kit/test/__init__.py", line 7, in <module>
    from . import unittests
  File "/root/miniforge3/envs/coordex/lib/python3.11/site-packages/isaacsim/extscache/omni.kit.test-2.0.1+8131b85d.lx64.r.cp311/omni/kit/test/unittests.py", line 21, in <module>
    from .async_unittest import AsyncTestSuite, AsyncTextTestRunner, OmniTestResult, AsyncTestCase
  File "/root/miniforge3/envs/coordex/lib/python3.11/site-packages/isaacsim/extscache/omni.kit.test-2.0.1+8131b85d.lx64.r.cp311/omni/kit/test/async_unittest.py", line 25, in <module>
    from .reporter import TestReporter
  File "/root/miniforge3/envs/coordex/lib/python3.11/site-packages/isaacsim/extscache/omni.kit.test-2.0.1+8131b85d.lx64.r.cp311/omni/kit/test/reporter.py", line 27, in <module>
    from .test_coverage import generate_coverage_report
  File "/root/miniforge3/envs/coordex/lib/python3.11/site-packages/isaacsim/extscache/omni.kit.test-2.0.1+8131b85d.lx64.r.cp311/omni/kit/test/test_coverage.py", line 10, in <module>
    import coverage
  File "/root/miniforge3/envs/coordex/lib/python3.11/site-packages/coverage/__init__.py", line 24, in <module>
    from coverage.control import (
  File "/root/miniforge3/envs/coordex/lib/python3.11/site-packages/coverage/control.py", line 28, in <module>
    from coverage.collector import Collector, HAS_CTRACER
  File "/root/miniforge3/envs/coordex/lib/python3.11/site-packages/coverage/collector.py", line 19, in <module>
    from coverage.data import CoverageData
  File "/root/miniforge3/envs/coordex/lib/python3.11/site-packages/coverage/data.py", line 24, in <module>
    from coverage.sqldata import CoverageData
  File "/root/miniforge3/envs/coordex/lib/python3.11/site-packages/coverage/sqldata.py", line 16, in <module>
    import sqlite3
  File "/root/miniforge3/envs/coordex/lib/python3.11/sqlite3/__init__.py", line 57, in <module>
    from sqlite3.dbapi2 import *
  File "/root/miniforge3/envs/coordex/lib/python3.11/sqlite3/dbapi2.py", line 27, in <module>
    from _sqlite3 import *
ImportError: /lib/x86_64-linux-gnu/libstdc++.so.6: version `CXXABI_1.3.15' not found (required by /root/miniforge3/envs/coordex/lib/python3.11/lib-dynload/../.././libicui18n.so.78)

2026-08-15T02:13:06Z [8,895ms] [Error] [omni.graph.tools._impl.internal.extension_contents_1_18] Exception while importing test omni.replicator.core.ogn.tests.TestOgnBindMaterial: Traceback (most recent call last):
  File "/root/miniforge3/envs/coordex/lib/python3.11/site-packages/isaacsim/extscache/omni.graph.tools-1.79.2+8131b85d/omni/graph/tools/_impl/internal/extension_contents_1_18.py", line 394, in do_import_test_definition
    test_module = load_module_from_file(test_module_name, test_file)
                  ^^^^^^^^^^^^^^^^^^^^^^^^^^^^^^^^^^^^^^^^^^^^^^^^^^
  File "/root/miniforge3/envs/coordex/lib/python3.11/site-packages/isaacsim/extscache/omni.graph.tools-1.79.2+8131b85d/omni/graph/tools/_impl/internal/file_utils.py", line 239, in load_module_from_file
    spec.loader.exec_module(module)
  File "<frozen importlib._bootstrap_external>", line 940, in exec_module
  File "<frozen importlib._bootstrap>", line 241, in _call_with_frames_removed
  File "/root/miniforge3/envs/coordex/lib/python3.11/site-packages/isaacsim/extscache/omni.replicator.core-1.12.16+107.3.1.lx64.r.cp311/omni/replicator/core/ogn/tests/TestOgnBindMaterial.py", line 2, in <module>
    import omni.kit.test
  File "/root/miniforge3/envs/coordex/lib/python3.11/site-packages/isaacsim/extscache/omni.kit.test-2.0.1+8131b85d.lx64.r.cp311/omni/kit/test/__init__.py", line 7, in <module>
    from . import unittests
  File "/root/miniforge3/envs/coordex/lib/python3.11/site-packages/isaacsim/extscache/omni.kit.test-2.0.1+8131b85d.lx64.r.cp311/omni/kit/test/unittests.py", line 21, in <module>
    from .async_unittest import AsyncTestSuite, AsyncTextTestRunner, OmniTestResult, AsyncTestCase
  File "/root/miniforge3/envs/coordex/lib/python3.11/site-packages/isaacsim/extscache/omni.kit.test-2.0.1+8131b85d.lx64.r.cp311/omni/kit/test/async_unittest.py", line 25, in <module>
    from .reporter import TestReporter
  File "/root/miniforge3/envs/coordex/lib/python3.11/site-packages/isaacsim/extscache/omni.kit.test-2.0.1+8131b85d.lx64.r.cp311/omni/kit/test/reporter.py", line 27, in <module>
    from .test_coverage import generate_coverage_report
  File "/root/miniforge3/envs/coordex/lib/python3.11/site-packages/isaacsim/extscache/omni.kit.test-2.0.1+8131b85d.lx64.r.cp311/omni/kit/test/test_coverage.py", line 10, in <module>
    import coverage
  File "/root/miniforge3/envs/coordex/lib/python3.11/site-packages/coverage/__init__.py", line 24, in <module>
    from coverage.control import (
  File "/root/miniforge3/envs/coordex/lib/python3.11/site-packages/coverage/control.py", line 28, in <module>
    from coverage.collector import Collector, HAS_CTRACER
  File "/root/miniforge3/envs/coordex/lib/python3.11/site-packages/coverage/collector.py", line 19, in <module>
    from coverage.data import CoverageData
  File "/root/miniforge3/envs/coordex/lib/python3.11/site-packages/coverage/data.py", line 24, in <module>
    from coverage.sqldata import CoverageData
  File "/root/miniforge3/envs/coordex/lib/python3.11/site-packages/coverage/sqldata.py", line 16, in <module>
    import sqlite3
  File "/root/miniforge3/envs/coordex/lib/python3.11/sqlite3/__init__.py", line 57, in <module>
    from sqlite3.dbapi2 import *
  File "/root/miniforge3/envs/coordex/lib/python3.11/sqlite3/dbapi2.py", line 27, in <module>
    from _sqlite3 import *
ImportError: /lib/x86_64-linux-gnu/libstdc++.so.6: version `CXXABI_1.3.15' not found (required by /root/miniforge3/envs/coordex/lib/python3.11/lib-dynload/../.././libicui18n.so.78)

2026-08-15T02:13:06Z [8,911ms] [Error] [omni.graph.tools._impl.internal.extension_contents_1_18] Exception while importing test omni.replicator.core.ogn.tests.TestOgnSampleLogUniform: Traceback (most recent call last):
  File "/root/miniforge3/envs/coordex/lib/python3.11/site-packages/isaacsim/extscache/omni.graph.tools-1.79.2+8131b85d/omni/graph/tools/_impl/internal/extension_contents_1_18.py", line 394, in do_import_test_definition
    test_module = load_module_from_file(test_module_name, test_file)
                  ^^^^^^^^^^^^^^^^^^^^^^^^^^^^^^^^^^^^^^^^^^^^^^^^^^
  File "/root/miniforge3/envs/coordex/lib/python3.11/site-packages/isaacsim/extscache/omni.graph.tools-1.79.2+8131b85d/omni/graph/tools/_impl/internal/file_utils.py", line 239, in load_module_from_file
    spec.loader.exec_module(module)
  File "<frozen importlib._bootstrap_external>", line 940, in exec_module
  File "<frozen importlib._bootstrap>", line 241, in _call_with_frames_removed
  File "/root/miniforge3/envs/coordex/lib/python3.11/site-packages/isaacsim/extscache/omni.replicator.core-1.12.16+107.3.1.lx64.r.cp311/omni/replicator/core/ogn/tests/TestOgnSampleLogUniform.py", line 2, in <module>
    import omni.kit.test
  File "/root/miniforge3/envs/coordex/lib/python3.11/site-packages/isaacsim/extscache/omni.kit.test-2.0.1+8131b85d.lx64.r.cp311/omni/kit/test/__init__.py", line 7, in <module>
    from . import unittests
  File "/root/miniforge3/envs/coordex/lib/python3.11/site-packages/isaacsim/extscache/omni.kit.test-2.0.1+8131b85d.lx64.r.cp311/omni/kit/test/unittests.py", line 21, in <module>
    from .async_unittest import AsyncTestSuite, AsyncTextTestRunner, OmniTestResult, AsyncTestCase
  File "/root/miniforge3/envs/coordex/lib/python3.11/site-packages/isaacsim/extscache/omni.kit.test-2.0.1+8131b85d.lx64.r.cp311/omni/kit/test/async_unittest.py", line 25, in <module>
    from .reporter import TestReporter
  File "/root/miniforge3/envs/coordex/lib/python3.11/site-packages/isaacsim/extscache/omni.kit.test-2.0.1+8131b85d.lx64.r.cp311/omni/kit/test/reporter.py", line 27, in <module>
    from .test_coverage import generate_coverage_report
  File "/root/miniforge3/envs/coordex/lib/python3.11/site-packages/isaacsim/extscache/omni.kit.test-2.0.1+8131b85d.lx64.r.cp311/omni/kit/test/test_coverage.py", line 10, in <module>
    import coverage
  File "/root/miniforge3/envs/coordex/lib/python3.11/site-packages/coverage/__init__.py", line 24, in <module>
    from coverage.control import (
  File "/root/miniforge3/envs/coordex/lib/python3.11/site-packages/coverage/control.py", line 28, in <module>
    from coverage.collector import Collector, HAS_CTRACER
  File "/root/miniforge3/envs/coordex/lib/python3.11/site-packages/coverage/collector.py", line 19, in <module>
    from coverage.data import CoverageData
  File "/root/miniforge3/envs/coordex/lib/python3.11/site-packages/coverage/data.py", line 24, in <module>
    from coverage.sqldata import CoverageData
  File "/root/miniforge3/envs/coordex/lib/python3.11/site-packages/coverage/sqldata.py", line 16, in <module>
    import sqlite3
  File "/root/miniforge3/envs/coordex/lib/python3.11/sqlite3/__init__.py", line 57, in <module>
    from sqlite3.dbapi2 import *
  File "/root/miniforge3/envs/coordex/lib/python3.11/sqlite3/dbapi2.py", line 27, in <module>
    from _sqlite3 import *
ImportError: /lib/x86_64-linux-gnu/libstdc++.so.6: version `CXXABI_1.3.15' not found (required by /root/miniforge3/envs/coordex/lib/python3.11/lib-dynload/../.././libicui18n.so.78)

2026-08-15T02:13:06Z [8,928ms] [Error] [omni.graph.tools._impl.internal.extension_contents_1_18] Exception while importing test omni.replicator.core.ogn.tests.TestOgnWritePhysics: Traceback (most recent call last):
  File "/root/miniforge3/envs/coordex/lib/python3.11/site-packages/isaacsim/extscache/omni.graph.tools-1.79.2+8131b85d/omni/graph/tools/_impl/internal/extension_contents_1_18.py", line 394, in do_import_test_definition
    test_module = load_module_from_file(test_module_name, test_file)
                  ^^^^^^^^^^^^^^^^^^^^^^^^^^^^^^^^^^^^^^^^^^^^^^^^^^
  File "/root/miniforge3/envs/coordex/lib/python3.11/site-packages/isaacsim/extscache/omni.graph.tools-1.79.2+8131b85d/omni/graph/tools/_impl/internal/file_utils.py", line 239, in load_module_from_file
    spec.loader.exec_module(module)
  File "<frozen importlib._bootstrap_external>", line 940, in exec_module
  File "<frozen importlib._bootstrap>", line 241, in _call_with_frames_removed
  File "/root/miniforge3/envs/coordex/lib/python3.11/site-packages/isaacsim/extscache/omni.replicator.core-1.12.16+107.3.1.lx64.r.cp311/omni/replicator/core/ogn/tests/TestOgnWritePhysics.py", line 2, in <module>
    import omni.kit.test
  File "/root/miniforge3/envs/coordex/lib/python3.11/site-packages/isaacsim/extscache/omni.kit.test-2.0.1+8131b85d.lx64.r.cp311/omni/kit/test/__init__.py", line 7, in <module>
    from . import unittests
  File "/root/miniforge3/envs/coordex/lib/python3.11/site-packages/isaacsim/extscache/omni.kit.test-2.0.1+8131b85d.lx64.r.cp311/omni/kit/test/unittests.py", line 21, in <module>
    from .async_unittest import AsyncTestSuite, AsyncTextTestRunner, OmniTestResult, AsyncTestCase
  File "/root/miniforge3/envs/coordex/lib/python3.11/site-packages/isaacsim/extscache/omni.kit.test-2.0.1+8131b85d.lx64.r.cp311/omni/kit/test/async_unittest.py", line 25, in <module>
    from .reporter import TestReporter
  File "/root/miniforge3/envs/coordex/lib/python3.11/site-packages/isaacsim/extscache/omni.kit.test-2.0.1+8131b85d.lx64.r.cp311/omni/kit/test/reporter.py", line 27, in <module>
    from .test_coverage import generate_coverage_report
  File "/root/miniforge3/envs/coordex/lib/python3.11/site-packages/isaacsim/extscache/omni.kit.test-2.0.1+8131b85d.lx64.r.cp311/omni/kit/test/test_coverage.py", line 10, in <module>
    import coverage
  File "/root/miniforge3/envs/coordex/lib/python3.11/site-packages/coverage/__init__.py", line 24, in <module>
    from coverage.control import (
  File "/root/miniforge3/envs/coordex/lib/python3.11/site-packages/coverage/control.py", line 28, in <module>
    from coverage.collector import Collector, HAS_CTRACER
  File "/root/miniforge3/envs/coordex/lib/python3.11/site-packages/coverage/collector.py", line 19, in <module>
    from coverage.data import CoverageData
  File "/root/miniforge3/envs/coordex/lib/python3.11/site-packages/coverage/data.py", line 24, in <module>
    from coverage.sqldata import CoverageData
  File "/root/miniforge3/envs/coordex/lib/python3.11/site-packages/coverage/sqldata.py", line 16, in <module>
    import sqlite3
  File "/root/miniforge3/envs/coordex/lib/python3.11/sqlite3/__init__.py", line 57, in <module>
    from sqlite3.dbapi2 import *
  File "/root/miniforge3/envs/coordex/lib/python3.11/sqlite3/dbapi2.py", line 27, in <module>
    from _sqlite3 import *
ImportError: /lib/x86_64-linux-gnu/libstdc++.so.6: version `CXXABI_1.3.15' not found (required by /root/miniforge3/envs/coordex/lib/python3.11/lib-dynload/../.././libicui18n.so.78)

2026-08-15T02:13:06Z [8,940ms] [Error] [omni.graph.tools._impl.internal.extension_contents_1_18] Exception while importing test omni.replicator.core.ogn.tests.TestOgnSetPivot: Traceback (most recent call last):
  File "/root/miniforge3/envs/coordex/lib/python3.11/site-packages/isaacsim/extscache/omni.graph.tools-1.79.2+8131b85d/omni/graph/tools/_impl/internal/extension_contents_1_18.py", line 394, in do_import_test_definition
    test_module = load_module_from_file(test_module_name, test_file)
                  ^^^^^^^^^^^^^^^^^^^^^^^^^^^^^^^^^^^^^^^^^^^^^^^^^^
  File "/root/miniforge3/envs/coordex/lib/python3.11/site-packages/isaacsim/extscache/omni.graph.tools-1.79.2+8131b85d/omni/graph/tools/_impl/internal/file_utils.py", line 239, in load_module_from_file
    spec.loader.exec_module(module)
  File "<frozen importlib._bootstrap_external>", line 940, in exec_module
  File "<frozen importlib._bootstrap>", line 241, in _call_with_frames_removed
  File "/root/miniforge3/envs/coordex/lib/python3.11/site-packages/isaacsim/extscache/omni.replicator.core-1.12.16+107.3.1.lx64.r.cp311/omni/replicator/core/ogn/tests/TestOgnSetPivot.py", line 2, in <module>
    import omni.kit.test
  File "/root/miniforge3/envs/coordex/lib/python3.11/site-packages/isaacsim/extscache/omni.kit.test-2.0.1+8131b85d.lx64.r.cp311/omni/kit/test/__init__.py", line 7, in <module>
    from . import unittests
  File "/root/miniforge3/envs/coordex/lib/python3.11/site-packages/isaacsim/extscache/omni.kit.test-2.0.1+8131b85d.lx64.r.cp311/omni/kit/test/unittests.py", line 21, in <module>
    from .async_unittest import AsyncTestSuite, AsyncTextTestRunner, OmniTestResult, AsyncTestCase
  File "/root/miniforge3/envs/coordex/lib/python3.11/site-packages/isaacsim/extscache/omni.kit.test-2.0.1+8131b85d.lx64.r.cp311/omni/kit/test/async_unittest.py", line 25, in <module>
    from .reporter import TestReporter
  File "/root/miniforge3/envs/coordex/lib/python3.11/site-packages/isaacsim/extscache/omni.kit.test-2.0.1+8131b85d.lx64.r.cp311/omni/kit/test/reporter.py", line 27, in <module>
    from .test_coverage import generate_coverage_report
  File "/root/miniforge3/envs/coordex/lib/python3.11/site-packages/isaacsim/extscache/omni.kit.test-2.0.1+8131b85d.lx64.r.cp311/omni/kit/test/test_coverage.py", line 10, in <module>
    import coverage
  File "/root/miniforge3/envs/coordex/lib/python3.11/site-packages/coverage/__init__.py", line 24, in <module>
    from coverage.control import (
  File "/root/miniforge3/envs/coordex/lib/python3.11/site-packages/coverage/control.py", line 28, in <module>
    from coverage.collector import Collector, HAS_CTRACER
  File "/root/miniforge3/envs/coordex/lib/python3.11/site-packages/coverage/collector.py", line 19, in <module>
    from coverage.data import CoverageData
  File "/root/miniforge3/envs/coordex/lib/python3.11/site-packages/coverage/data.py", line 24, in <module>
    from coverage.sqldata import CoverageData
  File "/root/miniforge3/envs/coordex/lib/python3.11/site-packages/coverage/sqldata.py", line 16, in <module>
    import sqlite3
  File "/root/miniforge3/envs/coordex/lib/python3.11/sqlite3/__init__.py", line 57, in <module>
    from sqlite3.dbapi2 import *
  File "/root/miniforge3/envs/coordex/lib/python3.11/sqlite3/dbapi2.py", line 27, in <module>
    from _sqlite3 import *
ImportError: /lib/x86_64-linux-gnu/libstdc++.so.6: version `CXXABI_1.3.15' not found (required by /root/miniforge3/envs/coordex/lib/python3.11/lib-dynload/../.././libicui18n.so.78)

2026-08-15T02:13:06Z [8,961ms] [Error] [omni.graph.tools._impl.internal.extension_contents_1_18] Exception while importing test omni.replicator.core.ogn.tests.TestOgnAugCanny: Traceback (most recent call last):
  File "/root/miniforge3/envs/coordex/lib/python3.11/site-packages/isaacsim/extscache/omni.graph.tools-1.79.2+8131b85d/omni/graph/tools/_impl/internal/extension_contents_1_18.py", line 394, in do_import_test_definition
    test_module = load_module_from_file(test_module_name, test_file)
                  ^^^^^^^^^^^^^^^^^^^^^^^^^^^^^^^^^^^^^^^^^^^^^^^^^^
  File "/root/miniforge3/envs/coordex/lib/python3.11/site-packages/isaacsim/extscache/omni.graph.tools-1.79.2+8131b85d/omni/graph/tools/_impl/internal/file_utils.py", line 239, in load_module_from_file
    spec.loader.exec_module(module)
  File "<frozen importlib._bootstrap_external>", line 940, in exec_module
  File "<frozen importlib._bootstrap>", line 241, in _call_with_frames_removed
  File "/root/miniforge3/envs/coordex/lib/python3.11/site-packages/isaacsim/extscache/omni.replicator.core-1.12.16+107.3.1.lx64.r.cp311/omni/replicator/core/ogn/tests/TestOgnAugCanny.py", line 2, in <module>
    import omni.kit.test
  File "/root/miniforge3/envs/coordex/lib/python3.11/site-packages/isaacsim/extscache/omni.kit.test-2.0.1+8131b85d.lx64.r.cp311/omni/kit/test/__init__.py", line 7, in <module>
    from . import unittests
  File "/root/miniforge3/envs/coordex/lib/python3.11/site-packages/isaacsim/extscache/omni.kit.test-2.0.1+8131b85d.lx64.r.cp311/omni/kit/test/unittests.py", line 21, in <module>
    from .async_unittest import AsyncTestSuite, AsyncTextTestRunner, OmniTestResult, AsyncTestCase
  File "/root/miniforge3/envs/coordex/lib/python3.11/site-packages/isaacsim/extscache/omni.kit.test-2.0.1+8131b85d.lx64.r.cp311/omni/kit/test/async_unittest.py", line 25, in <module>
    from .reporter import TestReporter
  File "/root/miniforge3/envs/coordex/lib/python3.11/site-packages/isaacsim/extscache/omni.kit.test-2.0.1+8131b85d.lx64.r.cp311/omni/kit/test/reporter.py", line 27, in <module>
    from .test_coverage import generate_coverage_report
  File "/root/miniforge3/envs/coordex/lib/python3.11/site-packages/isaacsim/extscache/omni.kit.test-2.0.1+8131b85d.lx64.r.cp311/omni/kit/test/test_coverage.py", line 10, in <module>
    import coverage
  File "/root/miniforge3/envs/coordex/lib/python3.11/site-packages/coverage/__init__.py", line 24, in <module>
    from coverage.control import (
  File "/root/miniforge3/envs/coordex/lib/python3.11/site-packages/coverage/control.py", line 28, in <module>
    from coverage.collector import Collector, HAS_CTRACER
  File "/root/miniforge3/envs/coordex/lib/python3.11/site-packages/coverage/collector.py", line 19, in <module>
    from coverage.data import CoverageData
  File "/root/miniforge3/envs/coordex/lib/python3.11/site-packages/coverage/data.py", line 24, in <module>
    from coverage.sqldata import CoverageData
  File "/root/miniforge3/envs/coordex/lib/python3.11/site-packages/coverage/sqldata.py", line 16, in <module>
    import sqlite3
  File "/root/miniforge3/envs/coordex/lib/python3.11/sqlite3/__init__.py", line 57, in <module>
    from sqlite3.dbapi2 import *
  File "/root/miniforge3/envs/coordex/lib/python3.11/sqlite3/dbapi2.py", line 27, in <module>
    from _sqlite3 import *
ImportError: /lib/x86_64-linux-gnu/libstdc++.so.6: version `CXXABI_1.3.15' not found (required by /root/miniforge3/envs/coordex/lib/python3.11/lib-dynload/../.././libicui18n.so.78)

2026-08-15T02:13:06Z [8,971ms] [Error] [omni.graph.tools._impl.internal.extension_contents_1_18] Exception while importing test omni.replicator.core.ogn.tests.TestOgnLookAt: Traceback (most recent call last):
  File "/root/miniforge3/envs/coordex/lib/python3.11/site-packages/isaacsim/extscache/omni.graph.tools-1.79.2+8131b85d/omni/graph/tools/_impl/internal/extension_contents_1_18.py", line 394, in do_import_test_definition
    test_module = load_module_from_file(test_module_name, test_file)
                  ^^^^^^^^^^^^^^^^^^^^^^^^^^^^^^^^^^^^^^^^^^^^^^^^^^
  File "/root/miniforge3/envs/coordex/lib/python3.11/site-packages/isaacsim/extscache/omni.graph.tools-1.79.2+8131b85d/omni/graph/tools/_impl/internal/file_utils.py", line 239, in load_module_from_file
    spec.loader.exec_module(module)
  File "<frozen importlib._bootstrap_external>", line 940, in exec_module
  File "<frozen importlib._bootstrap>", line 241, in _call_with_frames_removed
  File "/root/miniforge3/envs/coordex/lib/python3.11/site-packages/isaacsim/extscache/omni.replicator.core-1.12.16+107.3.1.lx64.r.cp311/omni/replicator/core/ogn/tests/TestOgnLookAt.py", line 2, in <module>
    import omni.kit.test
  File "/root/miniforge3/envs/coordex/lib/python3.11/site-packages/isaacsim/extscache/omni.kit.test-2.0.1+8131b85d.lx64.r.cp311/omni/kit/test/__init__.py", line 7, in <module>
    from . import unittests
  File "/root/miniforge3/envs/coordex/lib/python3.11/site-packages/isaacsim/extscache/omni.kit.test-2.0.1+8131b85d.lx64.r.cp311/omni/kit/test/unittests.py", line 21, in <module>
    from .async_unittest import AsyncTestSuite, AsyncTextTestRunner, OmniTestResult, AsyncTestCase
  File "/root/miniforge3/envs/coordex/lib/python3.11/site-packages/isaacsim/extscache/omni.kit.test-2.0.1+8131b85d.lx64.r.cp311/omni/kit/test/async_unittest.py", line 25, in <module>
    from .reporter import TestReporter
  File "/root/miniforge3/envs/coordex/lib/python3.11/site-packages/isaacsim/extscache/omni.kit.test-2.0.1+8131b85d.lx64.r.cp311/omni/kit/test/reporter.py", line 27, in <module>
    from .test_coverage import generate_coverage_report
  File "/root/miniforge3/envs/coordex/lib/python3.11/site-packages/isaacsim/extscache/omni.kit.test-2.0.1+8131b85d.lx64.r.cp311/omni/kit/test/test_coverage.py", line 10, in <module>
    import coverage
  File "/root/miniforge3/envs/coordex/lib/python3.11/site-packages/coverage/__init__.py", line 24, in <module>
    from coverage.control import (
  File "/root/miniforge3/envs/coordex/lib/python3.11/site-packages/coverage/control.py", line 28, in <module>
    from coverage.collector import Collector, HAS_CTRACER
  File "/root/miniforge3/envs/coordex/lib/python3.11/site-packages/coverage/collector.py", line 19, in <module>
    from coverage.data import CoverageData
  File "/root/miniforge3/envs/coordex/lib/python3.11/site-packages/coverage/data.py", line 24, in <module>
    from coverage.sqldata import CoverageData
  File "/root/miniforge3/envs/coordex/lib/python3.11/site-packages/coverage/sqldata.py", line 16, in <module>
    import sqlite3
  File "/root/miniforge3/envs/coordex/lib/python3.11/sqlite3/__init__.py", line 57, in <module>
    from sqlite3.dbapi2 import *
  File "/root/miniforge3/envs/coordex/lib/python3.11/sqlite3/dbapi2.py", line 27, in <module>
    from _sqlite3 import *
ImportError: /lib/x86_64-linux-gnu/libstdc++.so.6: version `CXXABI_1.3.15' not found (required by /root/miniforge3/envs/coordex/lib/python3.11/lib-dynload/../.././libicui18n.so.78)

2026-08-15T02:13:06Z [8,983ms] [Error] [omni.graph.tools._impl.internal.extension_contents_1_18] Exception while importing test omni.replicator.core.ogn.tests.TestOgnSampleUniform: Traceback (most recent call last):
  File "/root/miniforge3/envs/coordex/lib/python3.11/site-packages/isaacsim/extscache/omni.graph.tools-1.79.2+8131b85d/omni/graph/tools/_impl/internal/extension_contents_1_18.py", line 394, in do_import_test_definition
    test_module = load_module_from_file(test_module_name, test_file)
                  ^^^^^^^^^^^^^^^^^^^^^^^^^^^^^^^^^^^^^^^^^^^^^^^^^^
  File "/root/miniforge3/envs/coordex/lib/python3.11/site-packages/isaacsim/extscache/omni.graph.tools-1.79.2+8131b85d/omni/graph/tools/_impl/internal/file_utils.py", line 239, in load_module_from_file
    spec.loader.exec_module(module)
  File "<frozen importlib._bootstrap_external>", line 940, in exec_module
  File "<frozen importlib._bootstrap>", line 241, in _call_with_frames_removed
  File "/root/miniforge3/envs/coordex/lib/python3.11/site-packages/isaacsim/extscache/omni.replicator.core-1.12.16+107.3.1.lx64.r.cp311/omni/replicator/core/ogn/tests/TestOgnSampleUniform.py", line 2, in <module>
    import omni.kit.test
  File "/root/miniforge3/envs/coordex/lib/python3.11/site-packages/isaacsim/extscache/omni.kit.test-2.0.1+8131b85d.lx64.r.cp311/omni/kit/test/__init__.py", line 7, in <module>
    from . import unittests
  File "/root/miniforge3/envs/coordex/lib/python3.11/site-packages/isaacsim/extscache/omni.kit.test-2.0.1+8131b85d.lx64.r.cp311/omni/kit/test/unittests.py", line 21, in <module>
    from .async_unittest import AsyncTestSuite, AsyncTextTestRunner, OmniTestResult, AsyncTestCase
  File "/root/miniforge3/envs/coordex/lib/python3.11/site-packages/isaacsim/extscache/omni.kit.test-2.0.1+8131b85d.lx64.r.cp311/omni/kit/test/async_unittest.py", line 25, in <module>
    from .reporter import TestReporter
  File "/root/miniforge3/envs/coordex/lib/python3.11/site-packages/isaacsim/extscache/omni.kit.test-2.0.1+8131b85d.lx64.r.cp311/omni/kit/test/reporter.py", line 27, in <module>
    from .test_coverage import generate_coverage_report
  File "/root/miniforge3/envs/coordex/lib/python3.11/site-packages/isaacsim/extscache/omni.kit.test-2.0.1+8131b85d.lx64.r.cp311/omni/kit/test/test_coverage.py", line 10, in <module>
    import coverage
  File "/root/miniforge3/envs/coordex/lib/python3.11/site-packages/coverage/__init__.py", line 24, in <module>
    from coverage.control import (
  File "/root/miniforge3/envs/coordex/lib/python3.11/site-packages/coverage/control.py", line 28, in <module>
    from coverage.collector import Collector, HAS_CTRACER
  File "/root/miniforge3/envs/coordex/lib/python3.11/site-packages/coverage/collector.py", line 19, in <module>
    from coverage.data import CoverageData
  File "/root/miniforge3/envs/coordex/lib/python3.11/site-packages/coverage/data.py", line 24, in <module>
    from coverage.sqldata import CoverageData
  File "/root/miniforge3/envs/coordex/lib/python3.11/site-packages/coverage/sqldata.py", line 16, in <module>
    import sqlite3
  File "/root/miniforge3/envs/coordex/lib/python3.11/sqlite3/__init__.py", line 57, in <module>
    from sqlite3.dbapi2 import *
  File "/root/miniforge3/envs/coordex/lib/python3.11/sqlite3/dbapi2.py", line 27, in <module>
    from _sqlite3 import *
ImportError: /lib/x86_64-linux-gnu/libstdc++.so.6: version `CXXABI_1.3.15' not found (required by /root/miniforge3/envs/coordex/lib/python3.11/lib-dynload/../.././libicui18n.so.78)

2026-08-15T02:13:07Z [8,997ms] [Error] [omni.graph.tools._impl.internal.extension_contents_1_18] Exception while importing test omni.replicator.core.ogn.tests.TestOgnPerAxisPose: Traceback (most recent call last):
  File "/root/miniforge3/envs/coordex/lib/python3.11/site-packages/isaacsim/extscache/omni.graph.tools-1.79.2+8131b85d/omni/graph/tools/_impl/internal/extension_contents_1_18.py", line 394, in do_import_test_definition
    test_module = load_module_from_file(test_module_name, test_file)
                  ^^^^^^^^^^^^^^^^^^^^^^^^^^^^^^^^^^^^^^^^^^^^^^^^^^
  File "/root/miniforge3/envs/coordex/lib/python3.11/site-packages/isaacsim/extscache/omni.graph.tools-1.79.2+8131b85d/omni/graph/tools/_impl/internal/file_utils.py", line 239, in load_module_from_file
    spec.loader.exec_module(module)
  File "<frozen importlib._bootstrap_external>", line 940, in exec_module
  File "<frozen importlib._bootstrap>", line 241, in _call_with_frames_removed
  File "/root/miniforge3/envs/coordex/lib/python3.11/site-packages/isaacsim/extscache/omni.replicator.core-1.12.16+107.3.1.lx64.r.cp311/omni/replicator/core/ogn/tests/TestOgnPerAxisPose.py", line 2, in <module>
    import omni.kit.test
  File "/root/miniforge3/envs/coordex/lib/python3.11/site-packages/isaacsim/extscache/omni.kit.test-2.0.1+8131b85d.lx64.r.cp311/omni/kit/test/__init__.py", line 7, in <module>
    from . import unittests
  File "/root/miniforge3/envs/coordex/lib/python3.11/site-packages/isaacsim/extscache/omni.kit.test-2.0.1+8131b85d.lx64.r.cp311/omni/kit/test/unittests.py", line 21, in <module>
    from .async_unittest import AsyncTestSuite, AsyncTextTestRunner, OmniTestResult, AsyncTestCase
  File "/root/miniforge3/envs/coordex/lib/python3.11/site-packages/isaacsim/extscache/omni.kit.test-2.0.1+8131b85d.lx64.r.cp311/omni/kit/test/async_unittest.py", line 25, in <module>
    from .reporter import TestReporter
  File "/root/miniforge3/envs/coordex/lib/python3.11/site-packages/isaacsim/extscache/omni.kit.test-2.0.1+8131b85d.lx64.r.cp311/omni/kit/test/reporter.py", line 27, in <module>
    from .test_coverage import generate_coverage_report
  File "/root/miniforge3/envs/coordex/lib/python3.11/site-packages/isaacsim/extscache/omni.kit.test-2.0.1+8131b85d.lx64.r.cp311/omni/kit/test/test_coverage.py", line 10, in <module>
    import coverage
  File "/root/miniforge3/envs/coordex/lib/python3.11/site-packages/coverage/__init__.py", line 24, in <module>
    from coverage.control import (
  File "/root/miniforge3/envs/coordex/lib/python3.11/site-packages/coverage/control.py", line 28, in <module>
    from coverage.collector import Collector, HAS_CTRACER
  File "/root/miniforge3/envs/coordex/lib/python3.11/site-packages/coverage/collector.py", line 19, in <module>
    from coverage.data import CoverageData
  File "/root/miniforge3/envs/coordex/lib/python3.11/site-packages/coverage/data.py", line 24, in <module>
    from coverage.sqldata import CoverageData
  File "/root/miniforge3/envs/coordex/lib/python3.11/site-packages/coverage/sqldata.py", line 16, in <module>
    import sqlite3
  File "/root/miniforge3/envs/coordex/lib/python3.11/sqlite3/__init__.py", line 57, in <module>
    from sqlite3.dbapi2 import *
  File "/root/miniforge3/envs/coordex/lib/python3.11/sqlite3/dbapi2.py", line 27, in <module>
    from _sqlite3 import *
ImportError: /lib/x86_64-linux-gnu/libstdc++.so.6: version `CXXABI_1.3.15' not found (required by /root/miniforge3/envs/coordex/lib/python3.11/lib-dynload/../.././libicui18n.so.78)

2026-08-15T02:13:07Z [9,018ms] [Error] [omni.graph.tools._impl.internal.extension_contents_1_18] Exception while importing test omni.replicator.core.ogn.tests.TestOgnMeshBoundsDecalPlacement: Traceback (most recent call last):
  File "/root/miniforge3/envs/coordex/lib/python3.11/site-packages/isaacsim/extscache/omni.graph.tools-1.79.2+8131b85d/omni/graph/tools/_impl/internal/extension_contents_1_18.py", line 394, in do_import_test_definition
    test_module = load_module_from_file(test_module_name, test_file)
                  ^^^^^^^^^^^^^^^^^^^^^^^^^^^^^^^^^^^^^^^^^^^^^^^^^^
  File "/root/miniforge3/envs/coordex/lib/python3.11/site-packages/isaacsim/extscache/omni.graph.tools-1.79.2+8131b85d/omni/graph/tools/_impl/internal/file_utils.py", line 239, in load_module_from_file
    spec.loader.exec_module(module)
  File "<frozen importlib._bootstrap_external>", line 940, in exec_module
  File "<frozen importlib._bootstrap>", line 241, in _call_with_frames_removed
  File "/root/miniforge3/envs/coordex/lib/python3.11/site-packages/isaacsim/extscache/omni.replicator.core-1.12.16+107.3.1.lx64.r.cp311/omni/replicator/core/ogn/tests/TestOgnMeshBoundsDecalPlacement.py", line 2, in <module>
    import omni.kit.test
  File "/root/miniforge3/envs/coordex/lib/python3.11/site-packages/isaacsim/extscache/omni.kit.test-2.0.1+8131b85d.lx64.r.cp311/omni/kit/test/__init__.py", line 7, in <module>
    from . import unittests
  File "/root/miniforge3/envs/coordex/lib/python3.11/site-packages/isaacsim/extscache/omni.kit.test-2.0.1+8131b85d.lx64.r.cp311/omni/kit/test/unittests.py", line 21, in <module>
    from .async_unittest import AsyncTestSuite, AsyncTextTestRunner, OmniTestResult, AsyncTestCase
  File "/root/miniforge3/envs/coordex/lib/python3.11/site-packages/isaacsim/extscache/omni.kit.test-2.0.1+8131b85d.lx64.r.cp311/omni/kit/test/async_unittest.py", line 25, in <module>
    from .reporter import TestReporter
  File "/root/miniforge3/envs/coordex/lib/python3.11/site-packages/isaacsim/extscache/omni.kit.test-2.0.1+8131b85d.lx64.r.cp311/omni/kit/test/reporter.py", line 27, in <module>
    from .test_coverage import generate_coverage_report
  File "/root/miniforge3/envs/coordex/lib/python3.11/site-packages/isaacsim/extscache/omni.kit.test-2.0.1+8131b85d.lx64.r.cp311/omni/kit/test/test_coverage.py", line 10, in <module>
    import coverage
  File "/root/miniforge3/envs/coordex/lib/python3.11/site-packages/coverage/__init__.py", line 24, in <module>
    from coverage.control import (
  File "/root/miniforge3/envs/coordex/lib/python3.11/site-packages/coverage/control.py", line 28, in <module>
    from coverage.collector import Collector, HAS_CTRACER
  File "/root/miniforge3/envs/coordex/lib/python3.11/site-packages/coverage/collector.py", line 19, in <module>
    from coverage.data import CoverageData
  File "/root/miniforge3/envs/coordex/lib/python3.11/site-packages/coverage/data.py", line 24, in <module>
    from coverage.sqldata import CoverageData
  File "/root/miniforge3/envs/coordex/lib/python3.11/site-packages/coverage/sqldata.py", line 16, in <module>
    import sqlite3
  File "/root/miniforge3/envs/coordex/lib/python3.11/sqlite3/__init__.py", line 57, in <module>
    from sqlite3.dbapi2 import *
  File "/root/miniforge3/envs/coordex/lib/python3.11/sqlite3/dbapi2.py", line 27, in <module>
    from _sqlite3 import *
ImportError: /lib/x86_64-linux-gnu/libstdc++.so.6: version `CXXABI_1.3.15' not found (required by /root/miniforge3/envs/coordex/lib/python3.11/lib-dynload/../.././libicui18n.so.78)

2026-08-15T02:13:07Z [9,036ms] [Error] [omni.graph.tools._impl.internal.extension_contents_1_18] Exception while importing test omni.replicator.core.ogn.tests.TestOgnSamplePopulation: Traceback (most recent call last):
  File "/root/miniforge3/envs/coordex/lib/python3.11/site-packages/isaacsim/extscache/omni.graph.tools-1.79.2+8131b85d/omni/graph/tools/_impl/internal/extension_contents_1_18.py", line 394, in do_import_test_definition
    test_module = load_module_from_file(test_module_name, test_file)
                  ^^^^^^^^^^^^^^^^^^^^^^^^^^^^^^^^^^^^^^^^^^^^^^^^^^
  File "/root/miniforge3/envs/coordex/lib/python3.11/site-packages/isaacsim/extscache/omni.graph.tools-1.79.2+8131b85d/omni/graph/tools/_impl/internal/file_utils.py", line 239, in load_module_from_file
    spec.loader.exec_module(module)
  File "<frozen importlib._bootstrap_external>", line 940, in exec_module
  File "<frozen importlib._bootstrap>", line 241, in _call_with_frames_removed
  File "/root/miniforge3/envs/coordex/lib/python3.11/site-packages/isaacsim/extscache/omni.replicator.core-1.12.16+107.3.1.lx64.r.cp311/omni/replicator/core/ogn/tests/TestOgnSamplePopulation.py", line 2, in <module>
    import omni.kit.test
  File "/root/miniforge3/envs/coordex/lib/python3.11/site-packages/isaacsim/extscache/omni.kit.test-2.0.1+8131b85d.lx64.r.cp311/omni/kit/test/__init__.py", line 7, in <module>
    from . import unittests
  File "/root/miniforge3/envs/coordex/lib/python3.11/site-packages/isaacsim/extscache/omni.kit.test-2.0.1+8131b85d.lx64.r.cp311/omni/kit/test/unittests.py", line 21, in <module>
    from .async_unittest import AsyncTestSuite, AsyncTextTestRunner, OmniTestResult, AsyncTestCase
  File "/root/miniforge3/envs/coordex/lib/python3.11/site-packages/isaacsim/extscache/omni.kit.test-2.0.1+8131b85d.lx64.r.cp311/omni/kit/test/async_unittest.py", line 25, in <module>
    from .reporter import TestReporter
  File "/root/miniforge3/envs/coordex/lib/python3.11/site-packages/isaacsim/extscache/omni.kit.test-2.0.1+8131b85d.lx64.r.cp311/omni/kit/test/reporter.py", line 27, in <module>
    from .test_coverage import generate_coverage_report
  File "/root/miniforge3/envs/coordex/lib/python3.11/site-packages/isaacsim/extscache/omni.kit.test-2.0.1+8131b85d.lx64.r.cp311/omni/kit/test/test_coverage.py", line 10, in <module>
    import coverage
  File "/root/miniforge3/envs/coordex/lib/python3.11/site-packages/coverage/__init__.py", line 24, in <module>
    from coverage.control import (
  File "/root/miniforge3/envs/coordex/lib/python3.11/site-packages/coverage/control.py", line 28, in <module>
    from coverage.collector import Collector, HAS_CTRACER
  File "/root/miniforge3/envs/coordex/lib/python3.11/site-packages/coverage/collector.py", line 19, in <module>
    from coverage.data import CoverageData
  File "/root/miniforge3/envs/coordex/lib/python3.11/site-packages/coverage/data.py", line 24, in <module>
    from coverage.sqldata import CoverageData
  File "/root/miniforge3/envs/coordex/lib/python3.11/site-packages/coverage/sqldata.py", line 16, in <module>
    import sqlite3
  File "/root/miniforge3/envs/coordex/lib/python3.11/sqlite3/__init__.py", line 57, in <module>
    from sqlite3.dbapi2 import *
  File "/root/miniforge3/envs/coordex/lib/python3.11/sqlite3/dbapi2.py", line 27, in <module>
    from _sqlite3 import *
ImportError: /lib/x86_64-linux-gnu/libstdc++.so.6: version `CXXABI_1.3.15' not found (required by /root/miniforge3/envs/coordex/lib/python3.11/lib-dynload/../.././libicui18n.so.78)

2026-08-15T02:13:07Z [9,068ms] [Error] [omni.graph.tools._impl.internal.extension_contents_1_18] Exception while importing test omni.replicator.core.ogn.tests.TestOgnBoundingBoxLegacy: Traceback (most recent call last):
  File "/root/miniforge3/envs/coordex/lib/python3.11/site-packages/isaacsim/extscache/omni.graph.tools-1.79.2+8131b85d/omni/graph/tools/_impl/internal/extension_contents_1_18.py", line 394, in do_import_test_definition
    test_module = load_module_from_file(test_module_name, test_file)
                  ^^^^^^^^^^^^^^^^^^^^^^^^^^^^^^^^^^^^^^^^^^^^^^^^^^
  File "/root/miniforge3/envs/coordex/lib/python3.11/site-packages/isaacsim/extscache/omni.graph.tools-1.79.2+8131b85d/omni/graph/tools/_impl/internal/file_utils.py", line 239, in load_module_from_file
    spec.loader.exec_module(module)
  File "<frozen importlib._bootstrap_external>", line 940, in exec_module
  File "<frozen importlib._bootstrap>", line 241, in _call_with_frames_removed
  File "/root/miniforge3/envs/coordex/lib/python3.11/site-packages/isaacsim/extscache/omni.replicator.core-1.12.16+107.3.1.lx64.r.cp311/omni/replicator/core/ogn/tests/TestOgnBoundingBoxLegacy.py", line 2, in <module>
    import omni.kit.test
  File "/root/miniforge3/envs/coordex/lib/python3.11/site-packages/isaacsim/extscache/omni.kit.test-2.0.1+8131b85d.lx64.r.cp311/omni/kit/test/__init__.py", line 7, in <module>
    from . import unittests
  File "/root/miniforge3/envs/coordex/lib/python3.11/site-packages/isaacsim/extscache/omni.kit.test-2.0.1+8131b85d.lx64.r.cp311/omni/kit/test/unittests.py", line 21, in <module>
    from .async_unittest import AsyncTestSuite, AsyncTextTestRunner, OmniTestResult, AsyncTestCase
  File "/root/miniforge3/envs/coordex/lib/python3.11/site-packages/isaacsim/extscache/omni.kit.test-2.0.1+8131b85d.lx64.r.cp311/omni/kit/test/async_unittest.py", line 25, in <module>
    from .reporter import TestReporter
  File "/root/miniforge3/envs/coordex/lib/python3.11/site-packages/isaacsim/extscache/omni.kit.test-2.0.1+8131b85d.lx64.r.cp311/omni/kit/test/reporter.py", line 27, in <module>
    from .test_coverage import generate_coverage_report
  File "/root/miniforge3/envs/coordex/lib/python3.11/site-packages/isaacsim/extscache/omni.kit.test-2.0.1+8131b85d.lx64.r.cp311/omni/kit/test/test_coverage.py", line 10, in <module>
    import coverage
  File "/root/miniforge3/envs/coordex/lib/python3.11/site-packages/coverage/__init__.py", line 24, in <module>
    from coverage.control import (
  File "/root/miniforge3/envs/coordex/lib/python3.11/site-packages/coverage/control.py", line 28, in <module>
    from coverage.collector import Collector, HAS_CTRACER
  File "/root/miniforge3/envs/coordex/lib/python3.11/site-packages/coverage/collector.py", line 19, in <module>
    from coverage.data import CoverageData
  File "/root/miniforge3/envs/coordex/lib/python3.11/site-packages/coverage/data.py", line 24, in <module>
    from coverage.sqldata import CoverageData
  File "/root/miniforge3/envs/coordex/lib/python3.11/site-packages/coverage/sqldata.py", line 16, in <module>
    import sqlite3
  File "/root/miniforge3/envs/coordex/lib/python3.11/sqlite3/__init__.py", line 57, in <module>
    from sqlite3.dbapi2 import *
  File "/root/miniforge3/envs/coordex/lib/python3.11/sqlite3/dbapi2.py", line 27, in <module>
    from _sqlite3 import *
ImportError: /lib/x86_64-linux-gnu/libstdc++.so.6: version `CXXABI_1.3.15' not found (required by /root/miniforge3/envs/coordex/lib/python3.11/lib-dynload/../.././libicui18n.so.78)

2026-08-15T02:13:07Z [9,112ms] [Error] [omni.graph.tools._impl.internal.extension_contents_1_18] Exception while importing test omni.replicator.core.ogn.tests.TestOgnInstanceSegmentationLegacy: Traceback (most recent call last):
  File "/root/miniforge3/envs/coordex/lib/python3.11/site-packages/isaacsim/extscache/omni.graph.tools-1.79.2+8131b85d/omni/graph/tools/_impl/internal/extension_contents_1_18.py", line 394, in do_import_test_definition
    test_module = load_module_from_file(test_module_name, test_file)
                  ^^^^^^^^^^^^^^^^^^^^^^^^^^^^^^^^^^^^^^^^^^^^^^^^^^
  File "/root/miniforge3/envs/coordex/lib/python3.11/site-packages/isaacsim/extscache/omni.graph.tools-1.79.2+8131b85d/omni/graph/tools/_impl/internal/file_utils.py", line 239, in load_module_from_file
    spec.loader.exec_module(module)
  File "<frozen importlib._bootstrap_external>", line 940, in exec_module
  File "<frozen importlib._bootstrap>", line 241, in _call_with_frames_removed
  File "/root/miniforge3/envs/coordex/lib/python3.11/site-packages/isaacsim/extscache/omni.replicator.core-1.12.16+107.3.1.lx64.r.cp311/omni/replicator/core/ogn/tests/TestOgnInstanceSegmentationLegacy.py", line 2, in <module>
    import omni.kit.test
  File "/root/miniforge3/envs/coordex/lib/python3.11/site-packages/isaacsim/extscache/omni.kit.test-2.0.1+8131b85d.lx64.r.cp311/omni/kit/test/__init__.py", line 7, in <module>
    from . import unittests
  File "/root/miniforge3/envs/coordex/lib/python3.11/site-packages/isaacsim/extscache/omni.kit.test-2.0.1+8131b85d.lx64.r.cp311/omni/kit/test/unittests.py", line 21, in <module>
    from .async_unittest import AsyncTestSuite, AsyncTextTestRunner, OmniTestResult, AsyncTestCase
  File "/root/miniforge3/envs/coordex/lib/python3.11/site-packages/isaacsim/extscache/omni.kit.test-2.0.1+8131b85d.lx64.r.cp311/omni/kit/test/async_unittest.py", line 25, in <module>
    from .reporter import TestReporter
  File "/root/miniforge3/envs/coordex/lib/python3.11/site-packages/isaacsim/extscache/omni.kit.test-2.0.1+8131b85d.lx64.r.cp311/omni/kit/test/reporter.py", line 27, in <module>
    from .test_coverage import generate_coverage_report
  File "/root/miniforge3/envs/coordex/lib/python3.11/site-packages/isaacsim/extscache/omni.kit.test-2.0.1+8131b85d.lx64.r.cp311/omni/kit/test/test_coverage.py", line 10, in <module>
    import coverage
  File "/root/miniforge3/envs/coordex/lib/python3.11/site-packages/coverage/__init__.py", line 24, in <module>
    from coverage.control import (
  File "/root/miniforge3/envs/coordex/lib/python3.11/site-packages/coverage/control.py", line 28, in <module>
    from coverage.collector import Collector, HAS_CTRACER
  File "/root/miniforge3/envs/coordex/lib/python3.11/site-packages/coverage/collector.py", line 19, in <module>
    from coverage.data import CoverageData
  File "/root/miniforge3/envs/coordex/lib/python3.11/site-packages/coverage/data.py", line 24, in <module>
    from coverage.sqldata import CoverageData
  File "/root/miniforge3/envs/coordex/lib/python3.11/site-packages/coverage/sqldata.py", line 16, in <module>
    import sqlite3
  File "/root/miniforge3/envs/coordex/lib/python3.11/sqlite3/__init__.py", line 57, in <module>
    from sqlite3.dbapi2 import *
  File "/root/miniforge3/envs/coordex/lib/python3.11/sqlite3/dbapi2.py", line 27, in <module>
    from _sqlite3 import *
ImportError: /lib/x86_64-linux-gnu/libstdc++.so.6: version `CXXABI_1.3.15' not found (required by /root/miniforge3/envs/coordex/lib/python3.11/lib-dynload/../.././libicui18n.so.78)

2026-08-15T02:13:07Z [9,126ms] [Error] [omni.graph.tools._impl.internal.extension_contents_1_18] Exception while importing test omni.replicator.core.ogn.tests.TestOgnPhysicsSimulate: Traceback (most recent call last):
  File "/root/miniforge3/envs/coordex/lib/python3.11/site-packages/isaacsim/extscache/omni.graph.tools-1.79.2+8131b85d/omni/graph/tools/_impl/internal/extension_contents_1_18.py", line 394, in do_import_test_definition
    test_module = load_module_from_file(test_module_name, test_file)
                  ^^^^^^^^^^^^^^^^^^^^^^^^^^^^^^^^^^^^^^^^^^^^^^^^^^
  File "/root/miniforge3/envs/coordex/lib/python3.11/site-packages/isaacsim/extscache/omni.graph.tools-1.79.2+8131b85d/omni/graph/tools/_impl/internal/file_utils.py", line 239, in load_module_from_file
    spec.loader.exec_module(module)
  File "<frozen importlib._bootstrap_external>", line 940, in exec_module
  File "<frozen importlib._bootstrap>", line 241, in _call_with_frames_removed
  File "/root/miniforge3/envs/coordex/lib/python3.11/site-packages/isaacsim/extscache/omni.replicator.core-1.12.16+107.3.1.lx64.r.cp311/omni/replicator/core/ogn/tests/TestOgnPhysicsSimulate.py", line 2, in <module>
    import omni.kit.test
  File "/root/miniforge3/envs/coordex/lib/python3.11/site-packages/isaacsim/extscache/omni.kit.test-2.0.1+8131b85d.lx64.r.cp311/omni/kit/test/__init__.py", line 7, in <module>
    from . import unittests
  File "/root/miniforge3/envs/coordex/lib/python3.11/site-packages/isaacsim/extscache/omni.kit.test-2.0.1+8131b85d.lx64.r.cp311/omni/kit/test/unittests.py", line 21, in <module>
    from .async_unittest import AsyncTestSuite, AsyncTextTestRunner, OmniTestResult, AsyncTestCase
  File "/root/miniforge3/envs/coordex/lib/python3.11/site-packages/isaacsim/extscache/omni.kit.test-2.0.1+8131b85d.lx64.r.cp311/omni/kit/test/async_unittest.py", line 25, in <module>
    from .reporter import TestReporter
  File "/root/miniforge3/envs/coordex/lib/python3.11/site-packages/isaacsim/extscache/omni.kit.test-2.0.1+8131b85d.lx64.r.cp311/omni/kit/test/reporter.py", line 27, in <module>
    from .test_coverage import generate_coverage_report
  File "/root/miniforge3/envs/coordex/lib/python3.11/site-packages/isaacsim/extscache/omni.kit.test-2.0.1+8131b85d.lx64.r.cp311/omni/kit/test/test_coverage.py", line 10, in <module>
    import coverage
  File "/root/miniforge3/envs/coordex/lib/python3.11/site-packages/coverage/__init__.py", line 24, in <module>
    from coverage.control import (
  File "/root/miniforge3/envs/coordex/lib/python3.11/site-packages/coverage/control.py", line 28, in <module>
    from coverage.collector import Collector, HAS_CTRACER
  File "/root/miniforge3/envs/coordex/lib/python3.11/site-packages/coverage/collector.py", line 19, in <module>
    from coverage.data import CoverageData
  File "/root/miniforge3/envs/coordex/lib/python3.11/site-packages/coverage/data.py", line 24, in <module>
    from coverage.sqldata import CoverageData
  File "/root/miniforge3/envs/coordex/lib/python3.11/site-packages/coverage/sqldata.py", line 16, in <module>
    import sqlite3
  File "/root/miniforge3/envs/coordex/lib/python3.11/sqlite3/__init__.py", line 57, in <module>
    from sqlite3.dbapi2 import *
  File "/root/miniforge3/envs/coordex/lib/python3.11/sqlite3/dbapi2.py", line 27, in <module>
    from _sqlite3 import *
ImportError: /lib/x86_64-linux-gnu/libstdc++.so.6: version `CXXABI_1.3.15' not found (required by /root/miniforge3/envs/coordex/lib/python3.11/lib-dynload/../.././libicui18n.so.78)

2026-08-15T02:13:07Z [9,142ms] [Error] [omni.graph.tools._impl.internal.extension_contents_1_18] Exception while importing test omni.replicator.core.ogn.tests.TestOgnPhysicsReset: Traceback (most recent call last):
  File "/root/miniforge3/envs/coordex/lib/python3.11/site-packages/isaacsim/extscache/omni.graph.tools-1.79.2+8131b85d/omni/graph/tools/_impl/internal/extension_contents_1_18.py", line 394, in do_import_test_definition
    test_module = load_module_from_file(test_module_name, test_file)
                  ^^^^^^^^^^^^^^^^^^^^^^^^^^^^^^^^^^^^^^^^^^^^^^^^^^
  File "/root/miniforge3/envs/coordex/lib/python3.11/site-packages/isaacsim/extscache/omni.graph.tools-1.79.2+8131b85d/omni/graph/tools/_impl/internal/file_utils.py", line 239, in load_module_from_file
    spec.loader.exec_module(module)
  File "<frozen importlib._bootstrap_external>", line 940, in exec_module
  File "<frozen importlib._bootstrap>", line 241, in _call_with_frames_removed
  File "/root/miniforge3/envs/coordex/lib/python3.11/site-packages/isaacsim/extscache/omni.replicator.core-1.12.16+107.3.1.lx64.r.cp311/omni/replicator/core/ogn/tests/TestOgnPhysicsReset.py", line 2, in <module>
    import omni.kit.test
  File "/root/miniforge3/envs/coordex/lib/python3.11/site-packages/isaacsim/extscache/omni.kit.test-2.0.1+8131b85d.lx64.r.cp311/omni/kit/test/__init__.py", line 7, in <module>
    from . import unittests
  File "/root/miniforge3/envs/coordex/lib/python3.11/site-packages/isaacsim/extscache/omni.kit.test-2.0.1+8131b85d.lx64.r.cp311/omni/kit/test/unittests.py", line 21, in <module>
    from .async_unittest import AsyncTestSuite, AsyncTextTestRunner, OmniTestResult, AsyncTestCase
  File "/root/miniforge3/envs/coordex/lib/python3.11/site-packages/isaacsim/extscache/omni.kit.test-2.0.1+8131b85d.lx64.r.cp311/omni/kit/test/async_unittest.py", line 25, in <module>
    from .reporter import TestReporter
  File "/root/miniforge3/envs/coordex/lib/python3.11/site-packages/isaacsim/extscache/omni.kit.test-2.0.1+8131b85d.lx64.r.cp311/omni/kit/test/reporter.py", line 27, in <module>
    from .test_coverage import generate_coverage_report
  File "/root/miniforge3/envs/coordex/lib/python3.11/site-packages/isaacsim/extscache/omni.kit.test-2.0.1+8131b85d.lx64.r.cp311/omni/kit/test/test_coverage.py", line 10, in <module>
    import coverage
  File "/root/miniforge3/envs/coordex/lib/python3.11/site-packages/coverage/__init__.py", line 24, in <module>
    from coverage.control import (
  File "/root/miniforge3/envs/coordex/lib/python3.11/site-packages/coverage/control.py", line 28, in <module>
    from coverage.collector import Collector, HAS_CTRACER
  File "/root/miniforge3/envs/coordex/lib/python3.11/site-packages/coverage/collector.py", line 19, in <module>
    from coverage.data import CoverageData
  File "/root/miniforge3/envs/coordex/lib/python3.11/site-packages/coverage/data.py", line 24, in <module>
    from coverage.sqldata import CoverageData
  File "/root/miniforge3/envs/coordex/lib/python3.11/site-packages/coverage/sqldata.py", line 16, in <module>
    import sqlite3
  File "/root/miniforge3/envs/coordex/lib/python3.11/sqlite3/__init__.py", line 57, in <module>
    from sqlite3.dbapi2 import *
  File "/root/miniforge3/envs/coordex/lib/python3.11/sqlite3/dbapi2.py", line 27, in <module>
    from _sqlite3 import *
ImportError: /lib/x86_64-linux-gnu/libstdc++.so.6: version `CXXABI_1.3.15' not found (required by /root/miniforge3/envs/coordex/lib/python3.11/lib-dynload/../.././libicui18n.so.78)

2026-08-15T02:13:07Z [9,160ms] [Error] [omni.graph.tools._impl.internal.extension_contents_1_18] Exception while importing test omni.replicator.core.ogn.tests.TestOgnAugContrastExp: Traceback (most recent call last):
  File "/root/miniforge3/envs/coordex/lib/python3.11/site-packages/isaacsim/extscache/omni.graph.tools-1.79.2+8131b85d/omni/graph/tools/_impl/internal/extension_contents_1_18.py", line 394, in do_import_test_definition
    test_module = load_module_from_file(test_module_name, test_file)
                  ^^^^^^^^^^^^^^^^^^^^^^^^^^^^^^^^^^^^^^^^^^^^^^^^^^
  File "/root/miniforge3/envs/coordex/lib/python3.11/site-packages/isaacsim/extscache/omni.graph.tools-1.79.2+8131b85d/omni/graph/tools/_impl/internal/file_utils.py", line 239, in load_module_from_file
    spec.loader.exec_module(module)
  File "<frozen importlib._bootstrap_external>", line 940, in exec_module
  File "<frozen importlib._bootstrap>", line 241, in _call_with_frames_removed
  File "/root/miniforge3/envs/coordex/lib/python3.11/site-packages/isaacsim/extscache/omni.replicator.core-1.12.16+107.3.1.lx64.r.cp311/omni/replicator/core/ogn/tests/TestOgnAugContrastExp.py", line 2, in <module>
    import omni.kit.test
  File "/root/miniforge3/envs/coordex/lib/python3.11/site-packages/isaacsim/extscache/omni.kit.test-2.0.1+8131b85d.lx64.r.cp311/omni/kit/test/__init__.py", line 7, in <module>
    from . import unittests
  File "/root/miniforge3/envs/coordex/lib/python3.11/site-packages/isaacsim/extscache/omni.kit.test-2.0.1+8131b85d.lx64.r.cp311/omni/kit/test/unittests.py", line 21, in <module>
    from .async_unittest import AsyncTestSuite, AsyncTextTestRunner, OmniTestResult, AsyncTestCase
  File "/root/miniforge3/envs/coordex/lib/python3.11/site-packages/isaacsim/extscache/omni.kit.test-2.0.1+8131b85d.lx64.r.cp311/omni/kit/test/async_unittest.py", line 25, in <module>
    from .reporter import TestReporter
  File "/root/miniforge3/envs/coordex/lib/python3.11/site-packages/isaacsim/extscache/omni.kit.test-2.0.1+8131b85d.lx64.r.cp311/omni/kit/test/reporter.py", line 27, in <module>
    from .test_coverage import generate_coverage_report
  File "/root/miniforge3/envs/coordex/lib/python3.11/site-packages/isaacsim/extscache/omni.kit.test-2.0.1+8131b85d.lx64.r.cp311/omni/kit/test/test_coverage.py", line 10, in <module>
    import coverage
  File "/root/miniforge3/envs/coordex/lib/python3.11/site-packages/coverage/__init__.py", line 24, in <module>
    from coverage.control import (
  File "/root/miniforge3/envs/coordex/lib/python3.11/site-packages/coverage/control.py", line 28, in <module>
    from coverage.collector import Collector, HAS_CTRACER
  File "/root/miniforge3/envs/coordex/lib/python3.11/site-packages/coverage/collector.py", line 19, in <module>
    from coverage.data import CoverageData
  File "/root/miniforge3/envs/coordex/lib/python3.11/site-packages/coverage/data.py", line 24, in <module>
    from coverage.sqldata import CoverageData
  File "/root/miniforge3/envs/coordex/lib/python3.11/site-packages/coverage/sqldata.py", line 16, in <module>
    import sqlite3
  File "/root/miniforge3/envs/coordex/lib/python3.11/sqlite3/__init__.py", line 57, in <module>
    from sqlite3.dbapi2 import *
  File "/root/miniforge3/envs/coordex/lib/python3.11/sqlite3/dbapi2.py", line 27, in <module>
    from _sqlite3 import *
ImportError: /lib/x86_64-linux-gnu/libstdc++.so.6: version `CXXABI_1.3.15' not found (required by /root/miniforge3/envs/coordex/lib/python3.11/lib-dynload/../.././libicui18n.so.78)

2026-08-15T02:13:07Z [9,175ms] [Error] [omni.graph.tools._impl.internal.extension_contents_1_18] Exception while importing test omni.replicator.core.ogn.tests.TestOgnSetVisibility: Traceback (most recent call last):
  File "/root/miniforge3/envs/coordex/lib/python3.11/site-packages/isaacsim/extscache/omni.graph.tools-1.79.2+8131b85d/omni/graph/tools/_impl/internal/extension_contents_1_18.py", line 394, in do_import_test_definition
    test_module = load_module_from_file(test_module_name, test_file)
                  ^^^^^^^^^^^^^^^^^^^^^^^^^^^^^^^^^^^^^^^^^^^^^^^^^^
  File "/root/miniforge3/envs/coordex/lib/python3.11/site-packages/isaacsim/extscache/omni.graph.tools-1.79.2+8131b85d/omni/graph/tools/_impl/internal/file_utils.py", line 239, in load_module_from_file
    spec.loader.exec_module(module)
  File "<frozen importlib._bootstrap_external>", line 940, in exec_module
  File "<frozen importlib._bootstrap>", line 241, in _call_with_frames_removed
  File "/root/miniforge3/envs/coordex/lib/python3.11/site-packages/isaacsim/extscache/omni.replicator.core-1.12.16+107.3.1.lx64.r.cp311/omni/replicator/core/ogn/tests/TestOgnSetVisibility.py", line 2, in <module>
    import omni.kit.test
  File "/root/miniforge3/envs/coordex/lib/python3.11/site-packages/isaacsim/extscache/omni.kit.test-2.0.1+8131b85d.lx64.r.cp311/omni/kit/test/__init__.py", line 7, in <module>
    from . import unittests
  File "/root/miniforge3/envs/coordex/lib/python3.11/site-packages/isaacsim/extscache/omni.kit.test-2.0.1+8131b85d.lx64.r.cp311/omni/kit/test/unittests.py", line 21, in <module>
    from .async_unittest import AsyncTestSuite, AsyncTextTestRunner, OmniTestResult, AsyncTestCase
  File "/root/miniforge3/envs/coordex/lib/python3.11/site-packages/isaacsim/extscache/omni.kit.test-2.0.1+8131b85d.lx64.r.cp311/omni/kit/test/async_unittest.py", line 25, in <module>
    from .reporter import TestReporter
  File "/root/miniforge3/envs/coordex/lib/python3.11/site-packages/isaacsim/extscache/omni.kit.test-2.0.1+8131b85d.lx64.r.cp311/omni/kit/test/reporter.py", line 27, in <module>
    from .test_coverage import generate_coverage_report
  File "/root/miniforge3/envs/coordex/lib/python3.11/site-packages/isaacsim/extscache/omni.kit.test-2.0.1+8131b85d.lx64.r.cp311/omni/kit/test/test_coverage.py", line 10, in <module>
    import coverage
  File "/root/miniforge3/envs/coordex/lib/python3.11/site-packages/coverage/__init__.py", line 24, in <module>
    from coverage.control import (
  File "/root/miniforge3/envs/coordex/lib/python3.11/site-packages/coverage/control.py", line 28, in <module>
    from coverage.collector import Collector, HAS_CTRACER
  File "/root/miniforge3/envs/coordex/lib/python3.11/site-packages/coverage/collector.py", line 19, in <module>
    from coverage.data import CoverageData
  File "/root/miniforge3/envs/coordex/lib/python3.11/site-packages/coverage/data.py", line 24, in <module>
    from coverage.sqldata import CoverageData
  File "/root/miniforge3/envs/coordex/lib/python3.11/site-packages/coverage/sqldata.py", line 16, in <module>
    import sqlite3
  File "/root/miniforge3/envs/coordex/lib/python3.11/sqlite3/__init__.py", line 57, in <module>
    from sqlite3.dbapi2 import *
  File "/root/miniforge3/envs/coordex/lib/python3.11/sqlite3/dbapi2.py", line 27, in <module>
    from _sqlite3 import *
ImportError: /lib/x86_64-linux-gnu/libstdc++.so.6: version `CXXABI_1.3.15' not found (required by /root/miniforge3/envs/coordex/lib/python3.11/lib-dynload/../.././libicui18n.so.78)

2026-08-15T02:13:07Z [9,193ms] [Error] [omni.graph.tools._impl.internal.extension_contents_1_18] Exception while importing test omni.replicator.core.ogn.tests.TestOgnSemanticSegmentation: Traceback (most recent call last):
  File "/root/miniforge3/envs/coordex/lib/python3.11/site-packages/isaacsim/extscache/omni.graph.tools-1.79.2+8131b85d/omni/graph/tools/_impl/internal/extension_contents_1_18.py", line 394, in do_import_test_definition
    test_module = load_module_from_file(test_module_name, test_file)
                  ^^^^^^^^^^^^^^^^^^^^^^^^^^^^^^^^^^^^^^^^^^^^^^^^^^
  File "/root/miniforge3/envs/coordex/lib/python3.11/site-packages/isaacsim/extscache/omni.graph.tools-1.79.2+8131b85d/omni/graph/tools/_impl/internal/file_utils.py", line 239, in load_module_from_file
    spec.loader.exec_module(module)
  File "<frozen importlib._bootstrap_external>", line 940, in exec_module
  File "<frozen importlib._bootstrap>", line 241, in _call_with_frames_removed
  File "/root/miniforge3/envs/coordex/lib/python3.11/site-packages/isaacsim/extscache/omni.replicator.core-1.12.16+107.3.1.lx64.r.cp311/omni/replicator/core/ogn/tests/TestOgnSemanticSegmentation.py", line 2, in <module>
    import omni.kit.test
  File "/root/miniforge3/envs/coordex/lib/python3.11/site-packages/isaacsim/extscache/omni.kit.test-2.0.1+8131b85d.lx64.r.cp311/omni/kit/test/__init__.py", line 7, in <module>
    from . import unittests
  File "/root/miniforge3/envs/coordex/lib/python3.11/site-packages/isaacsim/extscache/omni.kit.test-2.0.1+8131b85d.lx64.r.cp311/omni/kit/test/unittests.py", line 21, in <module>
    from .async_unittest import AsyncTestSuite, AsyncTextTestRunner, OmniTestResult, AsyncTestCase
  File "/root/miniforge3/envs/coordex/lib/python3.11/site-packages/isaacsim/extscache/omni.kit.test-2.0.1+8131b85d.lx64.r.cp311/omni/kit/test/async_unittest.py", line 25, in <module>
    from .reporter import TestReporter
  File "/root/miniforge3/envs/coordex/lib/python3.11/site-packages/isaacsim/extscache/omni.kit.test-2.0.1+8131b85d.lx64.r.cp311/omni/kit/test/reporter.py", line 27, in <module>
    from .test_coverage import generate_coverage_report
  File "/root/miniforge3/envs/coordex/lib/python3.11/site-packages/isaacsim/extscache/omni.kit.test-2.0.1+8131b85d.lx64.r.cp311/omni/kit/test/test_coverage.py", line 10, in <module>
    import coverage
  File "/root/miniforge3/envs/coordex/lib/python3.11/site-packages/coverage/__init__.py", line 24, in <module>
    from coverage.control import (
  File "/root/miniforge3/envs/coordex/lib/python3.11/site-packages/coverage/control.py", line 28, in <module>
    from coverage.collector import Collector, HAS_CTRACER
  File "/root/miniforge3/envs/coordex/lib/python3.11/site-packages/coverage/collector.py", line 19, in <module>
    from coverage.data import CoverageData
  File "/root/miniforge3/envs/coordex/lib/python3.11/site-packages/coverage/data.py", line 24, in <module>
    from coverage.sqldata import CoverageData
  File "/root/miniforge3/envs/coordex/lib/python3.11/site-packages/coverage/sqldata.py", line 16, in <module>
    import sqlite3
  File "/root/miniforge3/envs/coordex/lib/python3.11/sqlite3/__init__.py", line 57, in <module>
    from sqlite3.dbapi2 import *
  File "/root/miniforge3/envs/coordex/lib/python3.11/sqlite3/dbapi2.py", line 27, in <module>
    from _sqlite3 import *
ImportError: /lib/x86_64-linux-gnu/libstdc++.so.6: version `CXXABI_1.3.15' not found (required by /root/miniforge3/envs/coordex/lib/python3.11/lib-dynload/../.././libicui18n.so.78)

2026-08-15T02:13:07Z [9,208ms] [Error] [omni.graph.tools._impl.internal.extension_contents_1_18] Exception while importing test omni.replicator.core.ogn.tests.TestOgnAugConv2dExp: Traceback (most recent call last):
  File "/root/miniforge3/envs/coordex/lib/python3.11/site-packages/isaacsim/extscache/omni.graph.tools-1.79.2+8131b85d/omni/graph/tools/_impl/internal/extension_contents_1_18.py", line 394, in do_import_test_definition
    test_module = load_module_from_file(test_module_name, test_file)
                  ^^^^^^^^^^^^^^^^^^^^^^^^^^^^^^^^^^^^^^^^^^^^^^^^^^
  File "/root/miniforge3/envs/coordex/lib/python3.11/site-packages/isaacsim/extscache/omni.graph.tools-1.79.2+8131b85d/omni/graph/tools/_impl/internal/file_utils.py", line 239, in load_module_from_file
    spec.loader.exec_module(module)
  File "<frozen importlib._bootstrap_external>", line 940, in exec_module
  File "<frozen importlib._bootstrap>", line 241, in _call_with_frames_removed
  File "/root/miniforge3/envs/coordex/lib/python3.11/site-packages/isaacsim/extscache/omni.replicator.core-1.12.16+107.3.1.lx64.r.cp311/omni/replicator/core/ogn/tests/TestOgnAugConv2dExp.py", line 2, in <module>
    import omni.kit.test
  File "/root/miniforge3/envs/coordex/lib/python3.11/site-packages/isaacsim/extscache/omni.kit.test-2.0.1+8131b85d.lx64.r.cp311/omni/kit/test/__init__.py", line 7, in <module>
    from . import unittests
  File "/root/miniforge3/envs/coordex/lib/python3.11/site-packages/isaacsim/extscache/omni.kit.test-2.0.1+8131b85d.lx64.r.cp311/omni/kit/test/unittests.py", line 21, in <module>
    from .async_unittest import AsyncTestSuite, AsyncTextTestRunner, OmniTestResult, AsyncTestCase
  File "/root/miniforge3/envs/coordex/lib/python3.11/site-packages/isaacsim/extscache/omni.kit.test-2.0.1+8131b85d.lx64.r.cp311/omni/kit/test/async_unittest.py", line 25, in <module>
    from .reporter import TestReporter
  File "/root/miniforge3/envs/coordex/lib/python3.11/site-packages/isaacsim/extscache/omni.kit.test-2.0.1+8131b85d.lx64.r.cp311/omni/kit/test/reporter.py", line 27, in <module>
    from .test_coverage import generate_coverage_report
  File "/root/miniforge3/envs/coordex/lib/python3.11/site-packages/isaacsim/extscache/omni.kit.test-2.0.1+8131b85d.lx64.r.cp311/omni/kit/test/test_coverage.py", line 10, in <module>
    import coverage
  File "/root/miniforge3/envs/coordex/lib/python3.11/site-packages/coverage/__init__.py", line 24, in <module>
    from coverage.control import (
  File "/root/miniforge3/envs/coordex/lib/python3.11/site-packages/coverage/control.py", line 28, in <module>
    from coverage.collector import Collector, HAS_CTRACER
  File "/root/miniforge3/envs/coordex/lib/python3.11/site-packages/coverage/collector.py", line 19, in <module>
    from coverage.data import CoverageData
  File "/root/miniforge3/envs/coordex/lib/python3.11/site-packages/coverage/data.py", line 24, in <module>
    from coverage.sqldata import CoverageData
  File "/root/miniforge3/envs/coordex/lib/python3.11/site-packages/coverage/sqldata.py", line 16, in <module>
    import sqlite3
  File "/root/miniforge3/envs/coordex/lib/python3.11/sqlite3/__init__.py", line 57, in <module>
    from sqlite3.dbapi2 import *
  File "/root/miniforge3/envs/coordex/lib/python3.11/sqlite3/dbapi2.py", line 27, in <module>
    from _sqlite3 import *
ImportError: /lib/x86_64-linux-gnu/libstdc++.so.6: version `CXXABI_1.3.15' not found (required by /root/miniforge3/envs/coordex/lib/python3.11/lib-dynload/../.././libicui18n.so.78)

2026-08-15T02:13:07Z [9,230ms] [Error] [omni.graph.tools._impl.internal.extension_contents_1_18] Exception while importing test omni.replicator.core.ogn.tests.TestOgnAugImgBlendExp: Traceback (most recent call last):
  File "/root/miniforge3/envs/coordex/lib/python3.11/site-packages/isaacsim/extscache/omni.graph.tools-1.79.2+8131b85d/omni/graph/tools/_impl/internal/extension_contents_1_18.py", line 394, in do_import_test_definition
    test_module = load_module_from_file(test_module_name, test_file)
                  ^^^^^^^^^^^^^^^^^^^^^^^^^^^^^^^^^^^^^^^^^^^^^^^^^^
  File "/root/miniforge3/envs/coordex/lib/python3.11/site-packages/isaacsim/extscache/omni.graph.tools-1.79.2+8131b85d/omni/graph/tools/_impl/internal/file_utils.py", line 239, in load_module_from_file
    spec.loader.exec_module(module)
  File "<frozen importlib._bootstrap_external>", line 940, in exec_module
  File "<frozen importlib._bootstrap>", line 241, in _call_with_frames_removed
  File "/root/miniforge3/envs/coordex/lib/python3.11/site-packages/isaacsim/extscache/omni.replicator.core-1.12.16+107.3.1.lx64.r.cp311/omni/replicator/core/ogn/tests/TestOgnAugImgBlendExp.py", line 2, in <module>
    import omni.kit.test
  File "/root/miniforge3/envs/coordex/lib/python3.11/site-packages/isaacsim/extscache/omni.kit.test-2.0.1+8131b85d.lx64.r.cp311/omni/kit/test/__init__.py", line 7, in <module>
    from . import unittests
  File "/root/miniforge3/envs/coordex/lib/python3.11/site-packages/isaacsim/extscache/omni.kit.test-2.0.1+8131b85d.lx64.r.cp311/omni/kit/test/unittests.py", line 21, in <module>
    from .async_unittest import AsyncTestSuite, AsyncTextTestRunner, OmniTestResult, AsyncTestCase
  File "/root/miniforge3/envs/coordex/lib/python3.11/site-packages/isaacsim/extscache/omni.kit.test-2.0.1+8131b85d.lx64.r.cp311/omni/kit/test/async_unittest.py", line 25, in <module>
    from .reporter import TestReporter
  File "/root/miniforge3/envs/coordex/lib/python3.11/site-packages/isaacsim/extscache/omni.kit.test-2.0.1+8131b85d.lx64.r.cp311/omni/kit/test/reporter.py", line 27, in <module>
    from .test_coverage import generate_coverage_report
  File "/root/miniforge3/envs/coordex/lib/python3.11/site-packages/isaacsim/extscache/omni.kit.test-2.0.1+8131b85d.lx64.r.cp311/omni/kit/test/test_coverage.py", line 10, in <module>
    import coverage
  File "/root/miniforge3/envs/coordex/lib/python3.11/site-packages/coverage/__init__.py", line 24, in <module>
    from coverage.control import (
  File "/root/miniforge3/envs/coordex/lib/python3.11/site-packages/coverage/control.py", line 28, in <module>
    from coverage.collector import Collector, HAS_CTRACER
  File "/root/miniforge3/envs/coordex/lib/python3.11/site-packages/coverage/collector.py", line 19, in <module>
    from coverage.data import CoverageData
  File "/root/miniforge3/envs/coordex/lib/python3.11/site-packages/coverage/data.py", line 24, in <module>
    from coverage.sqldata import CoverageData
  File "/root/miniforge3/envs/coordex/lib/python3.11/site-packages/coverage/sqldata.py", line 16, in <module>
    import sqlite3
  File "/root/miniforge3/envs/coordex/lib/python3.11/sqlite3/__init__.py", line 57, in <module>
    from sqlite3.dbapi2 import *
  File "/root/miniforge3/envs/coordex/lib/python3.11/sqlite3/dbapi2.py", line 27, in <module>
    from _sqlite3 import *
ImportError: /lib/x86_64-linux-gnu/libstdc++.so.6: version `CXXABI_1.3.15' not found (required by /root/miniforge3/envs/coordex/lib/python3.11/lib-dynload/../.././libicui18n.so.78)

2026-08-15T02:13:07Z [9,246ms] [Error] [omni.graph.tools._impl.internal.extension_contents_1_18] Exception while importing test omni.replicator.core.ogn.tests.TestOgnModifyProjectionMaterial: Traceback (most recent call last):
  File "/root/miniforge3/envs/coordex/lib/python3.11/site-packages/isaacsim/extscache/omni.graph.tools-1.79.2+8131b85d/omni/graph/tools/_impl/internal/extension_contents_1_18.py", line 394, in do_import_test_definition
    test_module = load_module_from_file(test_module_name, test_file)
                  ^^^^^^^^^^^^^^^^^^^^^^^^^^^^^^^^^^^^^^^^^^^^^^^^^^
  File "/root/miniforge3/envs/coordex/lib/python3.11/site-packages/isaacsim/extscache/omni.graph.tools-1.79.2+8131b85d/omni/graph/tools/_impl/internal/file_utils.py", line 239, in load_module_from_file
    spec.loader.exec_module(module)
  File "<frozen importlib._bootstrap_external>", line 940, in exec_module
  File "<frozen importlib._bootstrap>", line 241, in _call_with_frames_removed
  File "/root/miniforge3/envs/coordex/lib/python3.11/site-packages/isaacsim/extscache/omni.replicator.core-1.12.16+107.3.1.lx64.r.cp311/omni/replicator/core/ogn/tests/TestOgnModifyProjectionMaterial.py", line 2, in <module>
    import omni.kit.test
  File "/root/miniforge3/envs/coordex/lib/python3.11/site-packages/isaacsim/extscache/omni.kit.test-2.0.1+8131b85d.lx64.r.cp311/omni/kit/test/__init__.py", line 7, in <module>
    from . import unittests
  File "/root/miniforge3/envs/coordex/lib/python3.11/site-packages/isaacsim/extscache/omni.kit.test-2.0.1+8131b85d.lx64.r.cp311/omni/kit/test/unittests.py", line 21, in <module>
    from .async_unittest import AsyncTestSuite, AsyncTextTestRunner, OmniTestResult, AsyncTestCase
  File "/root/miniforge3/envs/coordex/lib/python3.11/site-packages/isaacsim/extscache/omni.kit.test-2.0.1+8131b85d.lx64.r.cp311/omni/kit/test/async_unittest.py", line 25, in <module>
    from .reporter import TestReporter
  File "/root/miniforge3/envs/coordex/lib/python3.11/site-packages/isaacsim/extscache/omni.kit.test-2.0.1+8131b85d.lx64.r.cp311/omni/kit/test/reporter.py", line 27, in <module>
    from .test_coverage import generate_coverage_report
  File "/root/miniforge3/envs/coordex/lib/python3.11/site-packages/isaacsim/extscache/omni.kit.test-2.0.1+8131b85d.lx64.r.cp311/omni/kit/test/test_coverage.py", line 10, in <module>
    import coverage
  File "/root/miniforge3/envs/coordex/lib/python3.11/site-packages/coverage/__init__.py", line 24, in <module>
    from coverage.control import (
  File "/root/miniforge3/envs/coordex/lib/python3.11/site-packages/coverage/control.py", line 28, in <module>
    from coverage.collector import Collector, HAS_CTRACER
  File "/root/miniforge3/envs/coordex/lib/python3.11/site-packages/coverage/collector.py", line 19, in <module>
    from coverage.data import CoverageData
  File "/root/miniforge3/envs/coordex/lib/python3.11/site-packages/coverage/data.py", line 24, in <module>
    from coverage.sqldata import CoverageData
  File "/root/miniforge3/envs/coordex/lib/python3.11/site-packages/coverage/sqldata.py", line 16, in <module>
    import sqlite3
  File "/root/miniforge3/envs/coordex/lib/python3.11/sqlite3/__init__.py", line 57, in <module>
    from sqlite3.dbapi2 import *
  File "/root/miniforge3/envs/coordex/lib/python3.11/sqlite3/dbapi2.py", line 27, in <module>
    from _sqlite3 import *
ImportError: /lib/x86_64-linux-gnu/libstdc++.so.6: version `CXXABI_1.3.15' not found (required by /root/miniforge3/envs/coordex/lib/python3.11/lib-dynload/../.././libicui18n.so.78)

2026-08-15T02:13:07Z [9,265ms] [Error] [omni.graph.tools._impl.internal.extension_contents_1_18] Exception while importing test omni.replicator.core.ogn.tests.TestOgnAugPixellateExp: Traceback (most recent call last):
  File "/root/miniforge3/envs/coordex/lib/python3.11/site-packages/isaacsim/extscache/omni.graph.tools-1.79.2+8131b85d/omni/graph/tools/_impl/internal/extension_contents_1_18.py", line 394, in do_import_test_definition
    test_module = load_module_from_file(test_module_name, test_file)
                  ^^^^^^^^^^^^^^^^^^^^^^^^^^^^^^^^^^^^^^^^^^^^^^^^^^
  File "/root/miniforge3/envs/coordex/lib/python3.11/site-packages/isaacsim/extscache/omni.graph.tools-1.79.2+8131b85d/omni/graph/tools/_impl/internal/file_utils.py", line 239, in load_module_from_file
    spec.loader.exec_module(module)
  File "<frozen importlib._bootstrap_external>", line 940, in exec_module
  File "<frozen importlib._bootstrap>", line 241, in _call_with_frames_removed
  File "/root/miniforge3/envs/coordex/lib/python3.11/site-packages/isaacsim/extscache/omni.replicator.core-1.12.16+107.3.1.lx64.r.cp311/omni/replicator/core/ogn/tests/TestOgnAugPixellateExp.py", line 2, in <module>
    import omni.kit.test
  File "/root/miniforge3/envs/coordex/lib/python3.11/site-packages/isaacsim/extscache/omni.kit.test-2.0.1+8131b85d.lx64.r.cp311/omni/kit/test/__init__.py", line 7, in <module>
    from . import unittests
  File "/root/miniforge3/envs/coordex/lib/python3.11/site-packages/isaacsim/extscache/omni.kit.test-2.0.1+8131b85d.lx64.r.cp311/omni/kit/test/unittests.py", line 21, in <module>
    from .async_unittest import AsyncTestSuite, AsyncTextTestRunner, OmniTestResult, AsyncTestCase
  File "/root/miniforge3/envs/coordex/lib/python3.11/site-packages/isaacsim/extscache/omni.kit.test-2.0.1+8131b85d.lx64.r.cp311/omni/kit/test/async_unittest.py", line 25, in <module>
    from .reporter import TestReporter
  File "/root/miniforge3/envs/coordex/lib/python3.11/site-packages/isaacsim/extscache/omni.kit.test-2.0.1+8131b85d.lx64.r.cp311/omni/kit/test/reporter.py", line 27, in <module>
    from .test_coverage import generate_coverage_report
  File "/root/miniforge3/envs/coordex/lib/python3.11/site-packages/isaacsim/extscache/omni.kit.test-2.0.1+8131b85d.lx64.r.cp311/omni/kit/test/test_coverage.py", line 10, in <module>
    import coverage
  File "/root/miniforge3/envs/coordex/lib/python3.11/site-packages/coverage/__init__.py", line 24, in <module>
    from coverage.control import (
  File "/root/miniforge3/envs/coordex/lib/python3.11/site-packages/coverage/control.py", line 28, in <module>
    from coverage.collector import Collector, HAS_CTRACER
  File "/root/miniforge3/envs/coordex/lib/python3.11/site-packages/coverage/collector.py", line 19, in <module>
    from coverage.data import CoverageData
  File "/root/miniforge3/envs/coordex/lib/python3.11/site-packages/coverage/data.py", line 24, in <module>
    from coverage.sqldata import CoverageData
  File "/root/miniforge3/envs/coordex/lib/python3.11/site-packages/coverage/sqldata.py", line 16, in <module>
    import sqlite3
  File "/root/miniforge3/envs/coordex/lib/python3.11/sqlite3/__init__.py", line 57, in <module>
    from sqlite3.dbapi2 import *
  File "/root/miniforge3/envs/coordex/lib/python3.11/sqlite3/dbapi2.py", line 27, in <module>
    from _sqlite3 import *
ImportError: /lib/x86_64-linux-gnu/libstdc++.so.6: version `CXXABI_1.3.15' not found (required by /root/miniforge3/envs/coordex/lib/python3.11/lib-dynload/../.././libicui18n.so.78)

2026-08-15T02:13:07Z [9,280ms] [Error] [omni.graph.tools._impl.internal.extension_contents_1_18] Exception while importing test omni.replicator.core.ogn.tests.TestOgnSampleSequence: Traceback (most recent call last):
  File "/root/miniforge3/envs/coordex/lib/python3.11/site-packages/isaacsim/extscache/omni.graph.tools-1.79.2+8131b85d/omni/graph/tools/_impl/internal/extension_contents_1_18.py", line 394, in do_import_test_definition
    test_module = load_module_from_file(test_module_name, test_file)
                  ^^^^^^^^^^^^^^^^^^^^^^^^^^^^^^^^^^^^^^^^^^^^^^^^^^
  File "/root/miniforge3/envs/coordex/lib/python3.11/site-packages/isaacsim/extscache/omni.graph.tools-1.79.2+8131b85d/omni/graph/tools/_impl/internal/file_utils.py", line 239, in load_module_from_file
    spec.loader.exec_module(module)
  File "<frozen importlib._bootstrap_external>", line 940, in exec_module
  File "<frozen importlib._bootstrap>", line 241, in _call_with_frames_removed
  File "/root/miniforge3/envs/coordex/lib/python3.11/site-packages/isaacsim/extscache/omni.replicator.core-1.12.16+107.3.1.lx64.r.cp311/omni/replicator/core/ogn/tests/TestOgnSampleSequence.py", line 2, in <module>
    import omni.kit.test
  File "/root/miniforge3/envs/coordex/lib/python3.11/site-packages/isaacsim/extscache/omni.kit.test-2.0.1+8131b85d.lx64.r.cp311/omni/kit/test/__init__.py", line 7, in <module>
    from . import unittests
  File "/root/miniforge3/envs/coordex/lib/python3.11/site-packages/isaacsim/extscache/omni.kit.test-2.0.1+8131b85d.lx64.r.cp311/omni/kit/test/unittests.py", line 21, in <module>
    from .async_unittest import AsyncTestSuite, AsyncTextTestRunner, OmniTestResult, AsyncTestCase
  File "/root/miniforge3/envs/coordex/lib/python3.11/site-packages/isaacsim/extscache/omni.kit.test-2.0.1+8131b85d.lx64.r.cp311/omni/kit/test/async_unittest.py", line 25, in <module>
    from .reporter import TestReporter
  File "/root/miniforge3/envs/coordex/lib/python3.11/site-packages/isaacsim/extscache/omni.kit.test-2.0.1+8131b85d.lx64.r.cp311/omni/kit/test/reporter.py", line 27, in <module>
    from .test_coverage import generate_coverage_report
  File "/root/miniforge3/envs/coordex/lib/python3.11/site-packages/isaacsim/extscache/omni.kit.test-2.0.1+8131b85d.lx64.r.cp311/omni/kit/test/test_coverage.py", line 10, in <module>
    import coverage
  File "/root/miniforge3/envs/coordex/lib/python3.11/site-packages/coverage/__init__.py", line 24, in <module>
    from coverage.control import (
  File "/root/miniforge3/envs/coordex/lib/python3.11/site-packages/coverage/control.py", line 28, in <module>
    from coverage.collector import Collector, HAS_CTRACER
  File "/root/miniforge3/envs/coordex/lib/python3.11/site-packages/coverage/collector.py", line 19, in <module>
    from coverage.data import CoverageData
  File "/root/miniforge3/envs/coordex/lib/python3.11/site-packages/coverage/data.py", line 24, in <module>
    from coverage.sqldata import CoverageData
  File "/root/miniforge3/envs/coordex/lib/python3.11/site-packages/coverage/sqldata.py", line 16, in <module>
    import sqlite3
  File "/root/miniforge3/envs/coordex/lib/python3.11/sqlite3/__init__.py", line 57, in <module>
    from sqlite3.dbapi2 import *
  File "/root/miniforge3/envs/coordex/lib/python3.11/sqlite3/dbapi2.py", line 27, in <module>
    from _sqlite3 import *
ImportError: /lib/x86_64-linux-gnu/libstdc++.so.6: version `CXXABI_1.3.15' not found (required by /root/miniforge3/envs/coordex/lib/python3.11/lib-dynload/../.././libicui18n.so.78)

2026-08-15T02:13:07Z [9,291ms] [Error] [omni.graph.tools._impl.internal.extension_contents_1_18] Exception while importing test omni.replicator.core.ogn.tests.TestOgnWriteCarbSetting: Traceback (most recent call last):
  File "/root/miniforge3/envs/coordex/lib/python3.11/site-packages/isaacsim/extscache/omni.graph.tools-1.79.2+8131b85d/omni/graph/tools/_impl/internal/extension_contents_1_18.py", line 394, in do_import_test_definition
    test_module = load_module_from_file(test_module_name, test_file)
                  ^^^^^^^^^^^^^^^^^^^^^^^^^^^^^^^^^^^^^^^^^^^^^^^^^^
  File "/root/miniforge3/envs/coordex/lib/python3.11/site-packages/isaacsim/extscache/omni.graph.tools-1.79.2+8131b85d/omni/graph/tools/_impl/internal/file_utils.py", line 239, in load_module_from_file
    spec.loader.exec_module(module)
  File "<frozen importlib._bootstrap_external>", line 940, in exec_module
  File "<frozen importlib._bootstrap>", line 241, in _call_with_frames_removed
  File "/root/miniforge3/envs/coordex/lib/python3.11/site-packages/isaacsim/extscache/omni.replicator.core-1.12.16+107.3.1.lx64.r.cp311/omni/replicator/core/ogn/tests/TestOgnWriteCarbSetting.py", line 2, in <module>
    import omni.kit.test
  File "/root/miniforge3/envs/coordex/lib/python3.11/site-packages/isaacsim/extscache/omni.kit.test-2.0.1+8131b85d.lx64.r.cp311/omni/kit/test/__init__.py", line 7, in <module>
    from . import unittests
  File "/root/miniforge3/envs/coordex/lib/python3.11/site-packages/isaacsim/extscache/omni.kit.test-2.0.1+8131b85d.lx64.r.cp311/omni/kit/test/unittests.py", line 21, in <module>
    from .async_unittest import AsyncTestSuite, AsyncTextTestRunner, OmniTestResult, AsyncTestCase
  File "/root/miniforge3/envs/coordex/lib/python3.11/site-packages/isaacsim/extscache/omni.kit.test-2.0.1+8131b85d.lx64.r.cp311/omni/kit/test/async_unittest.py", line 25, in <module>
    from .reporter import TestReporter
  File "/root/miniforge3/envs/coordex/lib/python3.11/site-packages/isaacsim/extscache/omni.kit.test-2.0.1+8131b85d.lx64.r.cp311/omni/kit/test/reporter.py", line 27, in <module>
    from .test_coverage import generate_coverage_report
  File "/root/miniforge3/envs/coordex/lib/python3.11/site-packages/isaacsim/extscache/omni.kit.test-2.0.1+8131b85d.lx64.r.cp311/omni/kit/test/test_coverage.py", line 10, in <module>
    import coverage
  File "/root/miniforge3/envs/coordex/lib/python3.11/site-packages/coverage/__init__.py", line 24, in <module>
    from coverage.control import (
  File "/root/miniforge3/envs/coordex/lib/python3.11/site-packages/coverage/control.py", line 28, in <module>
    from coverage.collector import Collector, HAS_CTRACER
  File "/root/miniforge3/envs/coordex/lib/python3.11/site-packages/coverage/collector.py", line 19, in <module>
    from coverage.data import CoverageData
  File "/root/miniforge3/envs/coordex/lib/python3.11/site-packages/coverage/data.py", line 24, in <module>
    from coverage.sqldata import CoverageData
  File "/root/miniforge3/envs/coordex/lib/python3.11/site-packages/coverage/sqldata.py", line 16, in <module>
    import sqlite3
  File "/root/miniforge3/envs/coordex/lib/python3.11/sqlite3/__init__.py", line 57, in <module>
    from sqlite3.dbapi2 import *
  File "/root/miniforge3/envs/coordex/lib/python3.11/sqlite3/dbapi2.py", line 27, in <module>
    from _sqlite3 import *
ImportError: /lib/x86_64-linux-gnu/libstdc++.so.6: version `CXXABI_1.3.15' not found (required by /root/miniforge3/envs/coordex/lib/python3.11/lib-dynload/../.././libicui18n.so.78)

2026-08-15T02:13:07Z [9,323ms] [Error] [omni.graph.tools._impl.internal.extension_contents_1_18] Exception while importing test omni.replicator.core.ogn.tests.TestOgnSampleSequencePrim: Traceback (most recent call last):
  File "/root/miniforge3/envs/coordex/lib/python3.11/site-packages/isaacsim/extscache/omni.graph.tools-1.79.2+8131b85d/omni/graph/tools/_impl/internal/extension_contents_1_18.py", line 394, in do_import_test_definition
    test_module = load_module_from_file(test_module_name, test_file)
                  ^^^^^^^^^^^^^^^^^^^^^^^^^^^^^^^^^^^^^^^^^^^^^^^^^^
  File "/root/miniforge3/envs/coordex/lib/python3.11/site-packages/isaacsim/extscache/omni.graph.tools-1.79.2+8131b85d/omni/graph/tools/_impl/internal/file_utils.py", line 239, in load_module_from_file
    spec.loader.exec_module(module)
  File "<frozen importlib._bootstrap_external>", line 940, in exec_module
  File "<frozen importlib._bootstrap>", line 241, in _call_with_frames_removed
  File "/root/miniforge3/envs/coordex/lib/python3.11/site-packages/isaacsim/extscache/omni.replicator.core-1.12.16+107.3.1.lx64.r.cp311/omni/replicator/core/ogn/tests/TestOgnSampleSequencePrim.py", line 2, in <module>
    import omni.kit.test
  File "/root/miniforge3/envs/coordex/lib/python3.11/site-packages/isaacsim/extscache/omni.kit.test-2.0.1+8131b85d.lx64.r.cp311/omni/kit/test/__init__.py", line 7, in <module>
    from . import unittests
  File "/root/miniforge3/envs/coordex/lib/python3.11/site-packages/isaacsim/extscache/omni.kit.test-2.0.1+8131b85d.lx64.r.cp311/omni/kit/test/unittests.py", line 21, in <module>
    from .async_unittest import AsyncTestSuite, AsyncTextTestRunner, OmniTestResult, AsyncTestCase
  File "/root/miniforge3/envs/coordex/lib/python3.11/site-packages/isaacsim/extscache/omni.kit.test-2.0.1+8131b85d.lx64.r.cp311/omni/kit/test/async_unittest.py", line 25, in <module>
    from .reporter import TestReporter
  File "/root/miniforge3/envs/coordex/lib/python3.11/site-packages/isaacsim/extscache/omni.kit.test-2.0.1+8131b85d.lx64.r.cp311/omni/kit/test/reporter.py", line 27, in <module>
    from .test_coverage import generate_coverage_report
  File "/root/miniforge3/envs/coordex/lib/python3.11/site-packages/isaacsim/extscache/omni.kit.test-2.0.1+8131b85d.lx64.r.cp311/omni/kit/test/test_coverage.py", line 10, in <module>
    import coverage
  File "/root/miniforge3/envs/coordex/lib/python3.11/site-packages/coverage/__init__.py", line 24, in <module>
    from coverage.control import (
  File "/root/miniforge3/envs/coordex/lib/python3.11/site-packages/coverage/control.py", line 28, in <module>
    from coverage.collector import Collector, HAS_CTRACER
  File "/root/miniforge3/envs/coordex/lib/python3.11/site-packages/coverage/collector.py", line 19, in <module>
    from coverage.data import CoverageData
  File "/root/miniforge3/envs/coordex/lib/python3.11/site-packages/coverage/data.py", line 24, in <module>
    from coverage.sqldata import CoverageData
  File "/root/miniforge3/envs/coordex/lib/python3.11/site-packages/coverage/sqldata.py", line 16, in <module>
    import sqlite3
  File "/root/miniforge3/envs/coordex/lib/python3.11/sqlite3/__init__.py", line 57, in <module>
    from sqlite3.dbapi2 import *
  File "/root/miniforge3/envs/coordex/lib/python3.11/sqlite3/dbapi2.py", line 27, in <module>
    from _sqlite3 import *
ImportError: /lib/x86_64-linux-gnu/libstdc++.so.6: version `CXXABI_1.3.15' not found (required by /root/miniforge3/envs/coordex/lib/python3.11/lib-dynload/../.././libicui18n.so.78)

2026-08-15T02:13:07Z [9,339ms] [Error] [omni.graph.tools._impl.internal.extension_contents_1_18] Exception while importing test omni.replicator.core.ogn.tests.TestOgnScatter3D: Traceback (most recent call last):
  File "/root/miniforge3/envs/coordex/lib/python3.11/site-packages/isaacsim/extscache/omni.graph.tools-1.79.2+8131b85d/omni/graph/tools/_impl/internal/extension_contents_1_18.py", line 394, in do_import_test_definition
    test_module = load_module_from_file(test_module_name, test_file)
                  ^^^^^^^^^^^^^^^^^^^^^^^^^^^^^^^^^^^^^^^^^^^^^^^^^^
  File "/root/miniforge3/envs/coordex/lib/python3.11/site-packages/isaacsim/extscache/omni.graph.tools-1.79.2+8131b85d/omni/graph/tools/_impl/internal/file_utils.py", line 239, in load_module_from_file
    spec.loader.exec_module(module)
  File "<frozen importlib._bootstrap_external>", line 940, in exec_module
  File "<frozen importlib._bootstrap>", line 241, in _call_with_frames_removed
  File "/root/miniforge3/envs/coordex/lib/python3.11/site-packages/isaacsim/extscache/omni.replicator.core-1.12.16+107.3.1.lx64.r.cp311/omni/replicator/core/ogn/tests/TestOgnScatter3D.py", line 2, in <module>
    import omni.kit.test
  File "/root/miniforge3/envs/coordex/lib/python3.11/site-packages/isaacsim/extscache/omni.kit.test-2.0.1+8131b85d.lx64.r.cp311/omni/kit/test/__init__.py", line 7, in <module>
    from . import unittests
  File "/root/miniforge3/envs/coordex/lib/python3.11/site-packages/isaacsim/extscache/omni.kit.test-2.0.1+8131b85d.lx64.r.cp311/omni/kit/test/unittests.py", line 21, in <module>
    from .async_unittest import AsyncTestSuite, AsyncTextTestRunner, OmniTestResult, AsyncTestCase
  File "/root/miniforge3/envs/coordex/lib/python3.11/site-packages/isaacsim/extscache/omni.kit.test-2.0.1+8131b85d.lx64.r.cp311/omni/kit/test/async_unittest.py", line 25, in <module>
    from .reporter import TestReporter
  File "/root/miniforge3/envs/coordex/lib/python3.11/site-packages/isaacsim/extscache/omni.kit.test-2.0.1+8131b85d.lx64.r.cp311/omni/kit/test/reporter.py", line 27, in <module>
    from .test_coverage import generate_coverage_report
  File "/root/miniforge3/envs/coordex/lib/python3.11/site-packages/isaacsim/extscache/omni.kit.test-2.0.1+8131b85d.lx64.r.cp311/omni/kit/test/test_coverage.py", line 10, in <module>
    import coverage
  File "/root/miniforge3/envs/coordex/lib/python3.11/site-packages/coverage/__init__.py", line 24, in <module>
    from coverage.control import (
  File "/root/miniforge3/envs/coordex/lib/python3.11/site-packages/coverage/control.py", line 28, in <module>
    from coverage.collector import Collector, HAS_CTRACER
  File "/root/miniforge3/envs/coordex/lib/python3.11/site-packages/coverage/collector.py", line 19, in <module>
    from coverage.data import CoverageData
  File "/root/miniforge3/envs/coordex/lib/python3.11/site-packages/coverage/data.py", line 24, in <module>
    from coverage.sqldata import CoverageData
  File "/root/miniforge3/envs/coordex/lib/python3.11/site-packages/coverage/sqldata.py", line 16, in <module>
    import sqlite3
  File "/root/miniforge3/envs/coordex/lib/python3.11/sqlite3/__init__.py", line 57, in <module>
    from sqlite3.dbapi2 import *
  File "/root/miniforge3/envs/coordex/lib/python3.11/sqlite3/dbapi2.py", line 27, in <module>
    from _sqlite3 import *
ImportError: /lib/x86_64-linux-gnu/libstdc++.so.6: version `CXXABI_1.3.15' not found (required by /root/miniforge3/envs/coordex/lib/python3.11/lib-dynload/../.././libicui18n.so.78)

2026-08-15T02:13:07Z [9,358ms] [Error] [omni.graph.tools._impl.internal.extension_contents_1_18] Exception while importing test omni.replicator.core.ogn.tests.TestOgnOnTime: Traceback (most recent call last):
  File "/root/miniforge3/envs/coordex/lib/python3.11/site-packages/isaacsim/extscache/omni.graph.tools-1.79.2+8131b85d/omni/graph/tools/_impl/internal/extension_contents_1_18.py", line 394, in do_import_test_definition
    test_module = load_module_from_file(test_module_name, test_file)
                  ^^^^^^^^^^^^^^^^^^^^^^^^^^^^^^^^^^^^^^^^^^^^^^^^^^
  File "/root/miniforge3/envs/coordex/lib/python3.11/site-packages/isaacsim/extscache/omni.graph.tools-1.79.2+8131b85d/omni/graph/tools/_impl/internal/file_utils.py", line 239, in load_module_from_file
    spec.loader.exec_module(module)
  File "<frozen importlib._bootstrap_external>", line 940, in exec_module
  File "<frozen importlib._bootstrap>", line 241, in _call_with_frames_removed
  File "/root/miniforge3/envs/coordex/lib/python3.11/site-packages/isaacsim/extscache/omni.replicator.core-1.12.16+107.3.1.lx64.r.cp311/omni/replicator/core/ogn/tests/TestOgnOnTime.py", line 2, in <module>
    import omni.kit.test
  File "/root/miniforge3/envs/coordex/lib/python3.11/site-packages/isaacsim/extscache/omni.kit.test-2.0.1+8131b85d.lx64.r.cp311/omni/kit/test/__init__.py", line 7, in <module>
    from . import unittests
  File "/root/miniforge3/envs/coordex/lib/python3.11/site-packages/isaacsim/extscache/omni.kit.test-2.0.1+8131b85d.lx64.r.cp311/omni/kit/test/unittests.py", line 21, in <module>
    from .async_unittest import AsyncTestSuite, AsyncTextTestRunner, OmniTestResult, AsyncTestCase
  File "/root/miniforge3/envs/coordex/lib/python3.11/site-packages/isaacsim/extscache/omni.kit.test-2.0.1+8131b85d.lx64.r.cp311/omni/kit/test/async_unittest.py", line 25, in <module>
    from .reporter import TestReporter
  File "/root/miniforge3/envs/coordex/lib/python3.11/site-packages/isaacsim/extscache/omni.kit.test-2.0.1+8131b85d.lx64.r.cp311/omni/kit/test/reporter.py", line 27, in <module>
    from .test_coverage import generate_coverage_report
  File "/root/miniforge3/envs/coordex/lib/python3.11/site-packages/isaacsim/extscache/omni.kit.test-2.0.1+8131b85d.lx64.r.cp311/omni/kit/test/test_coverage.py", line 10, in <module>
    import coverage
  File "/root/miniforge3/envs/coordex/lib/python3.11/site-packages/coverage/__init__.py", line 24, in <module>
    from coverage.control import (
  File "/root/miniforge3/envs/coordex/lib/python3.11/site-packages/coverage/control.py", line 28, in <module>
    from coverage.collector import Collector, HAS_CTRACER
  File "/root/miniforge3/envs/coordex/lib/python3.11/site-packages/coverage/collector.py", line 19, in <module>
    from coverage.data import CoverageData
  File "/root/miniforge3/envs/coordex/lib/python3.11/site-packages/coverage/data.py", line 24, in <module>
    from coverage.sqldata import CoverageData
  File "/root/miniforge3/envs/coordex/lib/python3.11/site-packages/coverage/sqldata.py", line 16, in <module>
    import sqlite3
  File "/root/miniforge3/envs/coordex/lib/python3.11/sqlite3/__init__.py", line 57, in <module>
    from sqlite3.dbapi2 import *
  File "/root/miniforge3/envs/coordex/lib/python3.11/sqlite3/dbapi2.py", line 27, in <module>
    from _sqlite3 import *
ImportError: /lib/x86_64-linux-gnu/libstdc++.so.6: version `CXXABI_1.3.15' not found (required by /root/miniforge3/envs/coordex/lib/python3.11/lib-dynload/../.././libicui18n.so.78)

2026-08-15T02:13:07Z [9,387ms] [Error] [omni.graph.tools._impl.internal.extension_contents_1_18] Exception while importing test omni.replicator.core.ogn.tests.TestOgnAugmentCPU: Traceback (most recent call last):
  File "/root/miniforge3/envs/coordex/lib/python3.11/site-packages/isaacsim/extscache/omni.graph.tools-1.79.2+8131b85d/omni/graph/tools/_impl/internal/extension_contents_1_18.py", line 394, in do_import_test_definition
    test_module = load_module_from_file(test_module_name, test_file)
                  ^^^^^^^^^^^^^^^^^^^^^^^^^^^^^^^^^^^^^^^^^^^^^^^^^^
  File "/root/miniforge3/envs/coordex/lib/python3.11/site-packages/isaacsim/extscache/omni.graph.tools-1.79.2+8131b85d/omni/graph/tools/_impl/internal/file_utils.py", line 239, in load_module_from_file
    spec.loader.exec_module(module)
  File "<frozen importlib._bootstrap_external>", line 940, in exec_module
  File "<frozen importlib._bootstrap>", line 241, in _call_with_frames_removed
  File "/root/miniforge3/envs/coordex/lib/python3.11/site-packages/isaacsim/extscache/omni.replicator.core-1.12.16+107.3.1.lx64.r.cp311/omni/replicator/core/ogn/tests/TestOgnAugmentCPU.py", line 2, in <module>
    import omni.kit.test
  File "/root/miniforge3/envs/coordex/lib/python3.11/site-packages/isaacsim/extscache/omni.kit.test-2.0.1+8131b85d.lx64.r.cp311/omni/kit/test/__init__.py", line 7, in <module>
    from . import unittests
  File "/root/miniforge3/envs/coordex/lib/python3.11/site-packages/isaacsim/extscache/omni.kit.test-2.0.1+8131b85d.lx64.r.cp311/omni/kit/test/unittests.py", line 21, in <module>
    from .async_unittest import AsyncTestSuite, AsyncTextTestRunner, OmniTestResult, AsyncTestCase
  File "/root/miniforge3/envs/coordex/lib/python3.11/site-packages/isaacsim/extscache/omni.kit.test-2.0.1+8131b85d.lx64.r.cp311/omni/kit/test/async_unittest.py", line 25, in <module>
    from .reporter import TestReporter
  File "/root/miniforge3/envs/coordex/lib/python3.11/site-packages/isaacsim/extscache/omni.kit.test-2.0.1+8131b85d.lx64.r.cp311/omni/kit/test/reporter.py", line 27, in <module>
    from .test_coverage import generate_coverage_report
  File "/root/miniforge3/envs/coordex/lib/python3.11/site-packages/isaacsim/extscache/omni.kit.test-2.0.1+8131b85d.lx64.r.cp311/omni/kit/test/test_coverage.py", line 10, in <module>
    import coverage
  File "/root/miniforge3/envs/coordex/lib/python3.11/site-packages/coverage/__init__.py", line 24, in <module>
    from coverage.control import (
  File "/root/miniforge3/envs/coordex/lib/python3.11/site-packages/coverage/control.py", line 28, in <module>
    from coverage.collector import Collector, HAS_CTRACER
  File "/root/miniforge3/envs/coordex/lib/python3.11/site-packages/coverage/collector.py", line 19, in <module>
    from coverage.data import CoverageData
  File "/root/miniforge3/envs/coordex/lib/python3.11/site-packages/coverage/data.py", line 24, in <module>
    from coverage.sqldata import CoverageData
  File "/root/miniforge3/envs/coordex/lib/python3.11/site-packages/coverage/sqldata.py", line 16, in <module>
    import sqlite3
  File "/root/miniforge3/envs/coordex/lib/python3.11/sqlite3/__init__.py", line 57, in <module>
    from sqlite3.dbapi2 import *
  File "/root/miniforge3/envs/coordex/lib/python3.11/sqlite3/dbapi2.py", line 27, in <module>
    from _sqlite3 import *
ImportError: /lib/x86_64-linux-gnu/libstdc++.so.6: version `CXXABI_1.3.15' not found (required by /root/miniforge3/envs/coordex/lib/python3.11/lib-dynload/../.././libicui18n.so.78)

2026-08-15T02:13:07Z [9,403ms] [Error] [omni.graph.tools._impl.internal.extension_contents_1_18] Exception while importing test omni.replicator.core.ogn.tests.TestOgnCameraRelativePosition: Traceback (most recent call last):
  File "/root/miniforge3/envs/coordex/lib/python3.11/site-packages/isaacsim/extscache/omni.graph.tools-1.79.2+8131b85d/omni/graph/tools/_impl/internal/extension_contents_1_18.py", line 394, in do_import_test_definition
    test_module = load_module_from_file(test_module_name, test_file)
                  ^^^^^^^^^^^^^^^^^^^^^^^^^^^^^^^^^^^^^^^^^^^^^^^^^^
  File "/root/miniforge3/envs/coordex/lib/python3.11/site-packages/isaacsim/extscache/omni.graph.tools-1.79.2+8131b85d/omni/graph/tools/_impl/internal/file_utils.py", line 239, in load_module_from_file
    spec.loader.exec_module(module)
  File "<frozen importlib._bootstrap_external>", line 940, in exec_module
  File "<frozen importlib._bootstrap>", line 241, in _call_with_frames_removed
  File "/root/miniforge3/envs/coordex/lib/python3.11/site-packages/isaacsim/extscache/omni.replicator.core-1.12.16+107.3.1.lx64.r.cp311/omni/replicator/core/ogn/tests/TestOgnCameraRelativePosition.py", line 2, in <module>
    import omni.kit.test
  File "/root/miniforge3/envs/coordex/lib/python3.11/site-packages/isaacsim/extscache/omni.kit.test-2.0.1+8131b85d.lx64.r.cp311/omni/kit/test/__init__.py", line 7, in <module>
    from . import unittests
  File "/root/miniforge3/envs/coordex/lib/python3.11/site-packages/isaacsim/extscache/omni.kit.test-2.0.1+8131b85d.lx64.r.cp311/omni/kit/test/unittests.py", line 21, in <module>
    from .async_unittest import AsyncTestSuite, AsyncTextTestRunner, OmniTestResult, AsyncTestCase
  File "/root/miniforge3/envs/coordex/lib/python3.11/site-packages/isaacsim/extscache/omni.kit.test-2.0.1+8131b85d.lx64.r.cp311/omni/kit/test/async_unittest.py", line 25, in <module>
    from .reporter import TestReporter
  File "/root/miniforge3/envs/coordex/lib/python3.11/site-packages/isaacsim/extscache/omni.kit.test-2.0.1+8131b85d.lx64.r.cp311/omni/kit/test/reporter.py", line 27, in <module>
    from .test_coverage import generate_coverage_report
  File "/root/miniforge3/envs/coordex/lib/python3.11/site-packages/isaacsim/extscache/omni.kit.test-2.0.1+8131b85d.lx64.r.cp311/omni/kit/test/test_coverage.py", line 10, in <module>
    import coverage
  File "/root/miniforge3/envs/coordex/lib/python3.11/site-packages/coverage/__init__.py", line 24, in <module>
    from coverage.control import (
  File "/root/miniforge3/envs/coordex/lib/python3.11/site-packages/coverage/control.py", line 28, in <module>
    from coverage.collector import Collector, HAS_CTRACER
  File "/root/miniforge3/envs/coordex/lib/python3.11/site-packages/coverage/collector.py", line 19, in <module>
    from coverage.data import CoverageData
  File "/root/miniforge3/envs/coordex/lib/python3.11/site-packages/coverage/data.py", line 24, in <module>
    from coverage.sqldata import CoverageData
  File "/root/miniforge3/envs/coordex/lib/python3.11/site-packages/coverage/sqldata.py", line 16, in <module>
    import sqlite3
  File "/root/miniforge3/envs/coordex/lib/python3.11/sqlite3/__init__.py", line 57, in <module>
    from sqlite3.dbapi2 import *
  File "/root/miniforge3/envs/coordex/lib/python3.11/sqlite3/dbapi2.py", line 27, in <module>
    from _sqlite3 import *
ImportError: /lib/x86_64-linux-gnu/libstdc++.so.6: version `CXXABI_1.3.15' not found (required by /root/miniforge3/envs/coordex/lib/python3.11/lib-dynload/../.././libicui18n.so.78)

2026-08-15T02:13:07Z [9,427ms] [Error] [omni.graph.tools._impl.internal.extension_contents_1_18] Exception while importing test omni.replicator.core.ogn.tests.TestOgnInstanceIdSegmentationLegacy: Traceback (most recent call last):
  File "/root/miniforge3/envs/coordex/lib/python3.11/site-packages/isaacsim/extscache/omni.graph.tools-1.79.2+8131b85d/omni/graph/tools/_impl/internal/extension_contents_1_18.py", line 394, in do_import_test_definition
    test_module = load_module_from_file(test_module_name, test_file)
                  ^^^^^^^^^^^^^^^^^^^^^^^^^^^^^^^^^^^^^^^^^^^^^^^^^^
  File "/root/miniforge3/envs/coordex/lib/python3.11/site-packages/isaacsim/extscache/omni.graph.tools-1.79.2+8131b85d/omni/graph/tools/_impl/internal/file_utils.py", line 239, in load_module_from_file
    spec.loader.exec_module(module)
  File "<frozen importlib._bootstrap_external>", line 940, in exec_module
  File "<frozen importlib._bootstrap>", line 241, in _call_with_frames_removed
  File "/root/miniforge3/envs/coordex/lib/python3.11/site-packages/isaacsim/extscache/omni.replicator.core-1.12.16+107.3.1.lx64.r.cp311/omni/replicator/core/ogn/tests/TestOgnInstanceIdSegmentationLegacy.py", line 2, in <module>
    import omni.kit.test
  File "/root/miniforge3/envs/coordex/lib/python3.11/site-packages/isaacsim/extscache/omni.kit.test-2.0.1+8131b85d.lx64.r.cp311/omni/kit/test/__init__.py", line 7, in <module>
    from . import unittests
  File "/root/miniforge3/envs/coordex/lib/python3.11/site-packages/isaacsim/extscache/omni.kit.test-2.0.1+8131b85d.lx64.r.cp311/omni/kit/test/unittests.py", line 21, in <module>
    from .async_unittest import AsyncTestSuite, AsyncTextTestRunner, OmniTestResult, AsyncTestCase
  File "/root/miniforge3/envs/coordex/lib/python3.11/site-packages/isaacsim/extscache/omni.kit.test-2.0.1+8131b85d.lx64.r.cp311/omni/kit/test/async_unittest.py", line 25, in <module>
    from .reporter import TestReporter
  File "/root/miniforge3/envs/coordex/lib/python3.11/site-packages/isaacsim/extscache/omni.kit.test-2.0.1+8131b85d.lx64.r.cp311/omni/kit/test/reporter.py", line 27, in <module>
    from .test_coverage import generate_coverage_report
  File "/root/miniforge3/envs/coordex/lib/python3.11/site-packages/isaacsim/extscache/omni.kit.test-2.0.1+8131b85d.lx64.r.cp311/omni/kit/test/test_coverage.py", line 10, in <module>
    import coverage
  File "/root/miniforge3/envs/coordex/lib/python3.11/site-packages/coverage/__init__.py", line 24, in <module>
    from coverage.control import (
  File "/root/miniforge3/envs/coordex/lib/python3.11/site-packages/coverage/control.py", line 28, in <module>
    from coverage.collector import Collector, HAS_CTRACER
  File "/root/miniforge3/envs/coordex/lib/python3.11/site-packages/coverage/collector.py", line 19, in <module>
    from coverage.data import CoverageData
  File "/root/miniforge3/envs/coordex/lib/python3.11/site-packages/coverage/data.py", line 24, in <module>
    from coverage.sqldata import CoverageData
  File "/root/miniforge3/envs/coordex/lib/python3.11/site-packages/coverage/sqldata.py", line 16, in <module>
    import sqlite3
  File "/root/miniforge3/envs/coordex/lib/python3.11/sqlite3/__init__.py", line 57, in <module>
    from sqlite3.dbapi2 import *
  File "/root/miniforge3/envs/coordex/lib/python3.11/sqlite3/dbapi2.py", line 27, in <module>
    from _sqlite3 import *
ImportError: /lib/x86_64-linux-gnu/libstdc++.so.6: version `CXXABI_1.3.15' not found (required by /root/miniforge3/envs/coordex/lib/python3.11/lib-dynload/../.././libicui18n.so.78)

2026-08-15T02:13:07Z [9,452ms] [Error] [omni.graph.tools._impl.internal.extension_contents_1_18] Exception while importing test omni.replicator.core.ogn.tests.TestOgnPointCloudGenerator: Traceback (most recent call last):
  File "/root/miniforge3/envs/coordex/lib/python3.11/site-packages/isaacsim/extscache/omni.graph.tools-1.79.2+8131b85d/omni/graph/tools/_impl/internal/extension_contents_1_18.py", line 394, in do_import_test_definition
    test_module = load_module_from_file(test_module_name, test_file)
                  ^^^^^^^^^^^^^^^^^^^^^^^^^^^^^^^^^^^^^^^^^^^^^^^^^^
  File "/root/miniforge3/envs/coordex/lib/python3.11/site-packages/isaacsim/extscache/omni.graph.tools-1.79.2+8131b85d/omni/graph/tools/_impl/internal/file_utils.py", line 239, in load_module_from_file
    spec.loader.exec_module(module)
  File "<frozen importlib._bootstrap_external>", line 940, in exec_module
  File "<frozen importlib._bootstrap>", line 241, in _call_with_frames_removed
  File "/root/miniforge3/envs/coordex/lib/python3.11/site-packages/isaacsim/extscache/omni.replicator.core-1.12.16+107.3.1.lx64.r.cp311/omni/replicator/core/ogn/tests/TestOgnPointCloudGenerator.py", line 2, in <module>
    import omni.kit.test
  File "/root/miniforge3/envs/coordex/lib/python3.11/site-packages/isaacsim/extscache/omni.kit.test-2.0.1+8131b85d.lx64.r.cp311/omni/kit/test/__init__.py", line 7, in <module>
    from . import unittests
  File "/root/miniforge3/envs/coordex/lib/python3.11/site-packages/isaacsim/extscache/omni.kit.test-2.0.1+8131b85d.lx64.r.cp311/omni/kit/test/unittests.py", line 21, in <module>
    from .async_unittest import AsyncTestSuite, AsyncTextTestRunner, OmniTestResult, AsyncTestCase
  File "/root/miniforge3/envs/coordex/lib/python3.11/site-packages/isaacsim/extscache/omni.kit.test-2.0.1+8131b85d.lx64.r.cp311/omni/kit/test/async_unittest.py", line 25, in <module>
    from .reporter import TestReporter
  File "/root/miniforge3/envs/coordex/lib/python3.11/site-packages/isaacsim/extscache/omni.kit.test-2.0.1+8131b85d.lx64.r.cp311/omni/kit/test/reporter.py", line 27, in <module>
    from .test_coverage import generate_coverage_report
  File "/root/miniforge3/envs/coordex/lib/python3.11/site-packages/isaacsim/extscache/omni.kit.test-2.0.1+8131b85d.lx64.r.cp311/omni/kit/test/test_coverage.py", line 10, in <module>
    import coverage
  File "/root/miniforge3/envs/coordex/lib/python3.11/site-packages/coverage/__init__.py", line 24, in <module>
    from coverage.control import (
  File "/root/miniforge3/envs/coordex/lib/python3.11/site-packages/coverage/control.py", line 28, in <module>
    from coverage.collector import Collector, HAS_CTRACER
  File "/root/miniforge3/envs/coordex/lib/python3.11/site-packages/coverage/collector.py", line 19, in <module>
    from coverage.data import CoverageData
  File "/root/miniforge3/envs/coordex/lib/python3.11/site-packages/coverage/data.py", line 24, in <module>
    from coverage.sqldata import CoverageData
  File "/root/miniforge3/envs/coordex/lib/python3.11/site-packages/coverage/sqldata.py", line 16, in <module>
    import sqlite3
  File "/root/miniforge3/envs/coordex/lib/python3.11/sqlite3/__init__.py", line 57, in <module>
    from sqlite3.dbapi2 import *
  File "/root/miniforge3/envs/coordex/lib/python3.11/sqlite3/dbapi2.py", line 27, in <module>
    from _sqlite3 import *
ImportError: /lib/x86_64-linux-gnu/libstdc++.so.6: version `CXXABI_1.3.15' not found (required by /root/miniforge3/envs/coordex/lib/python3.11/lib-dynload/../.././libicui18n.so.78)

2026-08-15T02:13:07Z [9,502ms] [Error] [omni.graph.tools._impl.internal.extension_contents_1_18] Exception while importing test omni.replicator.core.ogn.tests.TestOgnSampleOmniPBR: Traceback (most recent call last):
  File "/root/miniforge3/envs/coordex/lib/python3.11/site-packages/isaacsim/extscache/omni.graph.tools-1.79.2+8131b85d/omni/graph/tools/_impl/internal/extension_contents_1_18.py", line 394, in do_import_test_definition
    test_module = load_module_from_file(test_module_name, test_file)
                  ^^^^^^^^^^^^^^^^^^^^^^^^^^^^^^^^^^^^^^^^^^^^^^^^^^
  File "/root/miniforge3/envs/coordex/lib/python3.11/site-packages/isaacsim/extscache/omni.graph.tools-1.79.2+8131b85d/omni/graph/tools/_impl/internal/file_utils.py", line 239, in load_module_from_file
    spec.loader.exec_module(module)
  File "<frozen importlib._bootstrap_external>", line 940, in exec_module
  File "<frozen importlib._bootstrap>", line 241, in _call_with_frames_removed
  File "/root/miniforge3/envs/coordex/lib/python3.11/site-packages/isaacsim/extscache/omni.replicator.core-1.12.16+107.3.1.lx64.r.cp311/omni/replicator/core/ogn/tests/TestOgnSampleOmniPBR.py", line 2, in <module>
    import omni.kit.test
  File "/root/miniforge3/envs/coordex/lib/python3.11/site-packages/isaacsim/extscache/omni.kit.test-2.0.1+8131b85d.lx64.r.cp311/omni/kit/test/__init__.py", line 7, in <module>
    from . import unittests
  File "/root/miniforge3/envs/coordex/lib/python3.11/site-packages/isaacsim/extscache/omni.kit.test-2.0.1+8131b85d.lx64.r.cp311/omni/kit/test/unittests.py", line 21, in <module>
    from .async_unittest import AsyncTestSuite, AsyncTextTestRunner, OmniTestResult, AsyncTestCase
  File "/root/miniforge3/envs/coordex/lib/python3.11/site-packages/isaacsim/extscache/omni.kit.test-2.0.1+8131b85d.lx64.r.cp311/omni/kit/test/async_unittest.py", line 25, in <module>
    from .reporter import TestReporter
  File "/root/miniforge3/envs/coordex/lib/python3.11/site-packages/isaacsim/extscache/omni.kit.test-2.0.1+8131b85d.lx64.r.cp311/omni/kit/test/reporter.py", line 27, in <module>
    from .test_coverage import generate_coverage_report
  File "/root/miniforge3/envs/coordex/lib/python3.11/site-packages/isaacsim/extscache/omni.kit.test-2.0.1+8131b85d.lx64.r.cp311/omni/kit/test/test_coverage.py", line 10, in <module>
    import coverage
  File "/root/miniforge3/envs/coordex/lib/python3.11/site-packages/coverage/__init__.py", line 24, in <module>
    from coverage.control import (
  File "/root/miniforge3/envs/coordex/lib/python3.11/site-packages/coverage/control.py", line 28, in <module>
    from coverage.collector import Collector, HAS_CTRACER
  File "/root/miniforge3/envs/coordex/lib/python3.11/site-packages/coverage/collector.py", line 19, in <module>
    from coverage.data import CoverageData
  File "/root/miniforge3/envs/coordex/lib/python3.11/site-packages/coverage/data.py", line 24, in <module>
    from coverage.sqldata import CoverageData
  File "/root/miniforge3/envs/coordex/lib/python3.11/site-packages/coverage/sqldata.py", line 16, in <module>
    import sqlite3
  File "/root/miniforge3/envs/coordex/lib/python3.11/sqlite3/__init__.py", line 57, in <module>
    from sqlite3.dbapi2 import *
  File "/root/miniforge3/envs/coordex/lib/python3.11/sqlite3/dbapi2.py", line 27, in <module>
    from _sqlite3 import *
ImportError: /lib/x86_64-linux-gnu/libstdc++.so.6: version `CXXABI_1.3.15' not found (required by /root/miniforge3/envs/coordex/lib/python3.11/lib-dynload/../.././libicui18n.so.78)

2026-08-15T02:13:07Z [9,537ms] [Error] [omni.graph.tools._impl.internal.extension_contents_1_18] Exception while importing test omni.replicator.core.ogn.tests.TestOgnOnFrame: Traceback (most recent call last):
  File "/root/miniforge3/envs/coordex/lib/python3.11/site-packages/isaacsim/extscache/omni.graph.tools-1.79.2+8131b85d/omni/graph/tools/_impl/internal/extension_contents_1_18.py", line 394, in do_import_test_definition
    test_module = load_module_from_file(test_module_name, test_file)
                  ^^^^^^^^^^^^^^^^^^^^^^^^^^^^^^^^^^^^^^^^^^^^^^^^^^
  File "/root/miniforge3/envs/coordex/lib/python3.11/site-packages/isaacsim/extscache/omni.graph.tools-1.79.2+8131b85d/omni/graph/tools/_impl/internal/file_utils.py", line 239, in load_module_from_file
    spec.loader.exec_module(module)
  File "<frozen importlib._bootstrap_external>", line 940, in exec_module
  File "<frozen importlib._bootstrap>", line 241, in _call_with_frames_removed
  File "/root/miniforge3/envs/coordex/lib/python3.11/site-packages/isaacsim/extscache/omni.replicator.core-1.12.16+107.3.1.lx64.r.cp311/omni/replicator/core/ogn/tests/TestOgnOnFrame.py", line 2, in <module>
    import omni.kit.test
  File "/root/miniforge3/envs/coordex/lib/python3.11/site-packages/isaacsim/extscache/omni.kit.test-2.0.1+8131b85d.lx64.r.cp311/omni/kit/test/__init__.py", line 7, in <module>
    from . import unittests
  File "/root/miniforge3/envs/coordex/lib/python3.11/site-packages/isaacsim/extscache/omni.kit.test-2.0.1+8131b85d.lx64.r.cp311/omni/kit/test/unittests.py", line 21, in <module>
    from .async_unittest import AsyncTestSuite, AsyncTextTestRunner, OmniTestResult, AsyncTestCase
  File "/root/miniforge3/envs/coordex/lib/python3.11/site-packages/isaacsim/extscache/omni.kit.test-2.0.1+8131b85d.lx64.r.cp311/omni/kit/test/async_unittest.py", line 25, in <module>
    from .reporter import TestReporter
  File "/root/miniforge3/envs/coordex/lib/python3.11/site-packages/isaacsim/extscache/omni.kit.test-2.0.1+8131b85d.lx64.r.cp311/omni/kit/test/reporter.py", line 27, in <module>
    from .test_coverage import generate_coverage_report
  File "/root/miniforge3/envs/coordex/lib/python3.11/site-packages/isaacsim/extscache/omni.kit.test-2.0.1+8131b85d.lx64.r.cp311/omni/kit/test/test_coverage.py", line 10, in <module>
    import coverage
  File "/root/miniforge3/envs/coordex/lib/python3.11/site-packages/coverage/__init__.py", line 24, in <module>
    from coverage.control import (
  File "/root/miniforge3/envs/coordex/lib/python3.11/site-packages/coverage/control.py", line 28, in <module>
    from coverage.collector import Collector, HAS_CTRACER
  File "/root/miniforge3/envs/coordex/lib/python3.11/site-packages/coverage/collector.py", line 19, in <module>
    from coverage.data import CoverageData
  File "/root/miniforge3/envs/coordex/lib/python3.11/site-packages/coverage/data.py", line 24, in <module>
    from coverage.sqldata import CoverageData
  File "/root/miniforge3/envs/coordex/lib/python3.11/site-packages/coverage/sqldata.py", line 16, in <module>
    import sqlite3
  File "/root/miniforge3/envs/coordex/lib/python3.11/sqlite3/__init__.py", line 57, in <module>
    from sqlite3.dbapi2 import *
  File "/root/miniforge3/envs/coordex/lib/python3.11/sqlite3/dbapi2.py", line 27, in <module>
    from _sqlite3 import *
ImportError: /lib/x86_64-linux-gnu/libstdc++.so.6: version `CXXABI_1.3.15' not found (required by /root/miniforge3/envs/coordex/lib/python3.11/lib-dynload/../.././libicui18n.so.78)

2026-08-15T02:13:07Z [9,570ms] [Error] [omni.graph.tools._impl.internal.extension_contents_1_18] Exception while importing test omni.replicator.core.ogn.tests.TestOgnAugShadeSegmentation: Traceback (most recent call last):
  File "/root/miniforge3/envs/coordex/lib/python3.11/site-packages/isaacsim/extscache/omni.graph.tools-1.79.2+8131b85d/omni/graph/tools/_impl/internal/extension_contents_1_18.py", line 394, in do_import_test_definition
    test_module = load_module_from_file(test_module_name, test_file)
                  ^^^^^^^^^^^^^^^^^^^^^^^^^^^^^^^^^^^^^^^^^^^^^^^^^^
  File "/root/miniforge3/envs/coordex/lib/python3.11/site-packages/isaacsim/extscache/omni.graph.tools-1.79.2+8131b85d/omni/graph/tools/_impl/internal/file_utils.py", line 239, in load_module_from_file
    spec.loader.exec_module(module)
  File "<frozen importlib._bootstrap_external>", line 940, in exec_module
  File "<frozen importlib._bootstrap>", line 241, in _call_with_frames_removed
  File "/root/miniforge3/envs/coordex/lib/python3.11/site-packages/isaacsim/extscache/omni.replicator.core-1.12.16+107.3.1.lx64.r.cp311/omni/replicator/core/ogn/tests/TestOgnAugShadeSegmentation.py", line 2, in <module>
    import omni.kit.test
  File "/root/miniforge3/envs/coordex/lib/python3.11/site-packages/isaacsim/extscache/omni.kit.test-2.0.1+8131b85d.lx64.r.cp311/omni/kit/test/__init__.py", line 7, in <module>
    from . import unittests
  File "/root/miniforge3/envs/coordex/lib/python3.11/site-packages/isaacsim/extscache/omni.kit.test-2.0.1+8131b85d.lx64.r.cp311/omni/kit/test/unittests.py", line 21, in <module>
    from .async_unittest import AsyncTestSuite, AsyncTextTestRunner, OmniTestResult, AsyncTestCase
  File "/root/miniforge3/envs/coordex/lib/python3.11/site-packages/isaacsim/extscache/omni.kit.test-2.0.1+8131b85d.lx64.r.cp311/omni/kit/test/async_unittest.py", line 25, in <module>
    from .reporter import TestReporter
  File "/root/miniforge3/envs/coordex/lib/python3.11/site-packages/isaacsim/extscache/omni.kit.test-2.0.1+8131b85d.lx64.r.cp311/omni/kit/test/reporter.py", line 27, in <module>
    from .test_coverage import generate_coverage_report
  File "/root/miniforge3/envs/coordex/lib/python3.11/site-packages/isaacsim/extscache/omni.kit.test-2.0.1+8131b85d.lx64.r.cp311/omni/kit/test/test_coverage.py", line 10, in <module>
    import coverage
  File "/root/miniforge3/envs/coordex/lib/python3.11/site-packages/coverage/__init__.py", line 24, in <module>
    from coverage.control import (
  File "/root/miniforge3/envs/coordex/lib/python3.11/site-packages/coverage/control.py", line 28, in <module>
    from coverage.collector import Collector, HAS_CTRACER
  File "/root/miniforge3/envs/coordex/lib/python3.11/site-packages/coverage/collector.py", line 19, in <module>
    from coverage.data import CoverageData
  File "/root/miniforge3/envs/coordex/lib/python3.11/site-packages/coverage/data.py", line 24, in <module>
    from coverage.sqldata import CoverageData
  File "/root/miniforge3/envs/coordex/lib/python3.11/site-packages/coverage/sqldata.py", line 16, in <module>
    import sqlite3
  File "/root/miniforge3/envs/coordex/lib/python3.11/sqlite3/__init__.py", line 57, in <module>
    from sqlite3.dbapi2 import *
  File "/root/miniforge3/envs/coordex/lib/python3.11/sqlite3/dbapi2.py", line 27, in <module>
    from _sqlite3 import *
ImportError: /lib/x86_64-linux-gnu/libstdc++.so.6: version `CXXABI_1.3.15' not found (required by /root/miniforge3/envs/coordex/lib/python3.11/lib-dynload/../.././libicui18n.so.78)

2026-08-15T02:13:07Z [9,583ms] [Error] [omni.graph.tools._impl.internal.extension_contents_1_18] Exception while importing test omni.replicator.core.ogn.tests.TestOgnAugMotionBlurExp: Traceback (most recent call last):
  File "/root/miniforge3/envs/coordex/lib/python3.11/site-packages/isaacsim/extscache/omni.graph.tools-1.79.2+8131b85d/omni/graph/tools/_impl/internal/extension_contents_1_18.py", line 394, in do_import_test_definition
    test_module = load_module_from_file(test_module_name, test_file)
                  ^^^^^^^^^^^^^^^^^^^^^^^^^^^^^^^^^^^^^^^^^^^^^^^^^^
  File "/root/miniforge3/envs/coordex/lib/python3.11/site-packages/isaacsim/extscache/omni.graph.tools-1.79.2+8131b85d/omni/graph/tools/_impl/internal/file_utils.py", line 239, in load_module_from_file
    spec.loader.exec_module(module)
  File "<frozen importlib._bootstrap_external>", line 940, in exec_module
  File "<frozen importlib._bootstrap>", line 241, in _call_with_frames_removed
  File "/root/miniforge3/envs/coordex/lib/python3.11/site-packages/isaacsim/extscache/omni.replicator.core-1.12.16+107.3.1.lx64.r.cp311/omni/replicator/core/ogn/tests/TestOgnAugMotionBlurExp.py", line 2, in <module>
    import omni.kit.test
  File "/root/miniforge3/envs/coordex/lib/python3.11/site-packages/isaacsim/extscache/omni.kit.test-2.0.1+8131b85d.lx64.r.cp311/omni/kit/test/__init__.py", line 7, in <module>
    from . import unittests
  File "/root/miniforge3/envs/coordex/lib/python3.11/site-packages/isaacsim/extscache/omni.kit.test-2.0.1+8131b85d.lx64.r.cp311/omni/kit/test/unittests.py", line 21, in <module>
    from .async_unittest import AsyncTestSuite, AsyncTextTestRunner, OmniTestResult, AsyncTestCase
  File "/root/miniforge3/envs/coordex/lib/python3.11/site-packages/isaacsim/extscache/omni.kit.test-2.0.1+8131b85d.lx64.r.cp311/omni/kit/test/async_unittest.py", line 25, in <module>
    from .reporter import TestReporter
  File "/root/miniforge3/envs/coordex/lib/python3.11/site-packages/isaacsim/extscache/omni.kit.test-2.0.1+8131b85d.lx64.r.cp311/omni/kit/test/reporter.py", line 27, in <module>
    from .test_coverage import generate_coverage_report
  File "/root/miniforge3/envs/coordex/lib/python3.11/site-packages/isaacsim/extscache/omni.kit.test-2.0.1+8131b85d.lx64.r.cp311/omni/kit/test/test_coverage.py", line 10, in <module>
    import coverage
  File "/root/miniforge3/envs/coordex/lib/python3.11/site-packages/coverage/__init__.py", line 24, in <module>
    from coverage.control import (
  File "/root/miniforge3/envs/coordex/lib/python3.11/site-packages/coverage/control.py", line 28, in <module>
    from coverage.collector import Collector, HAS_CTRACER
  File "/root/miniforge3/envs/coordex/lib/python3.11/site-packages/coverage/collector.py", line 19, in <module>
    from coverage.data import CoverageData
  File "/root/miniforge3/envs/coordex/lib/python3.11/site-packages/coverage/data.py", line 24, in <module>
    from coverage.sqldata import CoverageData
  File "/root/miniforge3/envs/coordex/lib/python3.11/site-packages/coverage/sqldata.py", line 16, in <module>
    import sqlite3
  File "/root/miniforge3/envs/coordex/lib/python3.11/sqlite3/__init__.py", line 57, in <module>
    from sqlite3.dbapi2 import *
  File "/root/miniforge3/envs/coordex/lib/python3.11/sqlite3/dbapi2.py", line 27, in <module>
    from _sqlite3 import *
ImportError: /lib/x86_64-linux-gnu/libstdc++.so.6: version `CXXABI_1.3.15' not found (required by /root/miniforge3/envs/coordex/lib/python3.11/lib-dynload/../.././libicui18n.so.78)

2026-08-15T02:13:07Z [9,609ms] [Error] [omni.graph.tools._impl.internal.extension_contents_1_18] Exception while importing test omni.replicator.core.ogn.tests.TestOgnAugCropResizeExp: Traceback (most recent call last):
  File "/root/miniforge3/envs/coordex/lib/python3.11/site-packages/isaacsim/extscache/omni.graph.tools-1.79.2+8131b85d/omni/graph/tools/_impl/internal/extension_contents_1_18.py", line 394, in do_import_test_definition
    test_module = load_module_from_file(test_module_name, test_file)
                  ^^^^^^^^^^^^^^^^^^^^^^^^^^^^^^^^^^^^^^^^^^^^^^^^^^
  File "/root/miniforge3/envs/coordex/lib/python3.11/site-packages/isaacsim/extscache/omni.graph.tools-1.79.2+8131b85d/omni/graph/tools/_impl/internal/file_utils.py", line 239, in load_module_from_file
    spec.loader.exec_module(module)
  File "<frozen importlib._bootstrap_external>", line 940, in exec_module
  File "<frozen importlib._bootstrap>", line 241, in _call_with_frames_removed
  File "/root/miniforge3/envs/coordex/lib/python3.11/site-packages/isaacsim/extscache/omni.replicator.core-1.12.16+107.3.1.lx64.r.cp311/omni/replicator/core/ogn/tests/TestOgnAugCropResizeExp.py", line 2, in <module>
    import omni.kit.test
  File "/root/miniforge3/envs/coordex/lib/python3.11/site-packages/isaacsim/extscache/omni.kit.test-2.0.1+8131b85d.lx64.r.cp311/omni/kit/test/__init__.py", line 7, in <module>
    from . import unittests
  File "/root/miniforge3/envs/coordex/lib/python3.11/site-packages/isaacsim/extscache/omni.kit.test-2.0.1+8131b85d.lx64.r.cp311/omni/kit/test/unittests.py", line 21, in <module>
    from .async_unittest import AsyncTestSuite, AsyncTextTestRunner, OmniTestResult, AsyncTestCase
  File "/root/miniforge3/envs/coordex/lib/python3.11/site-packages/isaacsim/extscache/omni.kit.test-2.0.1+8131b85d.lx64.r.cp311/omni/kit/test/async_unittest.py", line 25, in <module>
    from .reporter import TestReporter
  File "/root/miniforge3/envs/coordex/lib/python3.11/site-packages/isaacsim/extscache/omni.kit.test-2.0.1+8131b85d.lx64.r.cp311/omni/kit/test/reporter.py", line 27, in <module>
    from .test_coverage import generate_coverage_report
  File "/root/miniforge3/envs/coordex/lib/python3.11/site-packages/isaacsim/extscache/omni.kit.test-2.0.1+8131b85d.lx64.r.cp311/omni/kit/test/test_coverage.py", line 10, in <module>
    import coverage
  File "/root/miniforge3/envs/coordex/lib/python3.11/site-packages/coverage/__init__.py", line 24, in <module>
    from coverage.control import (
  File "/root/miniforge3/envs/coordex/lib/python3.11/site-packages/coverage/control.py", line 28, in <module>
    from coverage.collector import Collector, HAS_CTRACER
  File "/root/miniforge3/envs/coordex/lib/python3.11/site-packages/coverage/collector.py", line 19, in <module>
    from coverage.data import CoverageData
  File "/root/miniforge3/envs/coordex/lib/python3.11/site-packages/coverage/data.py", line 24, in <module>
    from coverage.sqldata import CoverageData
  File "/root/miniforge3/envs/coordex/lib/python3.11/site-packages/coverage/sqldata.py", line 16, in <module>
    import sqlite3
  File "/root/miniforge3/envs/coordex/lib/python3.11/sqlite3/__init__.py", line 57, in <module>
    from sqlite3.dbapi2 import *
  File "/root/miniforge3/envs/coordex/lib/python3.11/sqlite3/dbapi2.py", line 27, in <module>
    from _sqlite3 import *
ImportError: /lib/x86_64-linux-gnu/libstdc++.so.6: version `CXXABI_1.3.15' not found (required by /root/miniforge3/envs/coordex/lib/python3.11/lib-dynload/../.././libicui18n.so.78)

2026-08-15T02:13:07Z [9,620ms] [Error] [omni.graph.tools._impl.internal.extension_contents_1_18] Exception while importing test omni.replicator.core.ogn.tests.TestOgnWriteSemantics: Traceback (most recent call last):
  File "/root/miniforge3/envs/coordex/lib/python3.11/site-packages/isaacsim/extscache/omni.graph.tools-1.79.2+8131b85d/omni/graph/tools/_impl/internal/extension_contents_1_18.py", line 394, in do_import_test_definition
    test_module = load_module_from_file(test_module_name, test_file)
                  ^^^^^^^^^^^^^^^^^^^^^^^^^^^^^^^^^^^^^^^^^^^^^^^^^^
  File "/root/miniforge3/envs/coordex/lib/python3.11/site-packages/isaacsim/extscache/omni.graph.tools-1.79.2+8131b85d/omni/graph/tools/_impl/internal/file_utils.py", line 239, in load_module_from_file
    spec.loader.exec_module(module)
  File "<frozen importlib._bootstrap_external>", line 940, in exec_module
  File "<frozen importlib._bootstrap>", line 241, in _call_with_frames_removed
  File "/root/miniforge3/envs/coordex/lib/python3.11/site-packages/isaacsim/extscache/omni.replicator.core-1.12.16+107.3.1.lx64.r.cp311/omni/replicator/core/ogn/tests/TestOgnWriteSemantics.py", line 2, in <module>
    import omni.kit.test
  File "/root/miniforge3/envs/coordex/lib/python3.11/site-packages/isaacsim/extscache/omni.kit.test-2.0.1+8131b85d.lx64.r.cp311/omni/kit/test/__init__.py", line 7, in <module>
    from . import unittests
  File "/root/miniforge3/envs/coordex/lib/python3.11/site-packages/isaacsim/extscache/omni.kit.test-2.0.1+8131b85d.lx64.r.cp311/omni/kit/test/unittests.py", line 21, in <module>
    from .async_unittest import AsyncTestSuite, AsyncTextTestRunner, OmniTestResult, AsyncTestCase
  File "/root/miniforge3/envs/coordex/lib/python3.11/site-packages/isaacsim/extscache/omni.kit.test-2.0.1+8131b85d.lx64.r.cp311/omni/kit/test/async_unittest.py", line 25, in <module>
    from .reporter import TestReporter
  File "/root/miniforge3/envs/coordex/lib/python3.11/site-packages/isaacsim/extscache/omni.kit.test-2.0.1+8131b85d.lx64.r.cp311/omni/kit/test/reporter.py", line 27, in <module>
    from .test_coverage import generate_coverage_report
  File "/root/miniforge3/envs/coordex/lib/python3.11/site-packages/isaacsim/extscache/omni.kit.test-2.0.1+8131b85d.lx64.r.cp311/omni/kit/test/test_coverage.py", line 10, in <module>
    import coverage
  File "/root/miniforge3/envs/coordex/lib/python3.11/site-packages/coverage/__init__.py", line 24, in <module>
    from coverage.control import (
  File "/root/miniforge3/envs/coordex/lib/python3.11/site-packages/coverage/control.py", line 28, in <module>
    from coverage.collector import Collector, HAS_CTRACER
  File "/root/miniforge3/envs/coordex/lib/python3.11/site-packages/coverage/collector.py", line 19, in <module>
    from coverage.data import CoverageData
  File "/root/miniforge3/envs/coordex/lib/python3.11/site-packages/coverage/data.py", line 24, in <module>
    from coverage.sqldata import CoverageData
  File "/root/miniforge3/envs/coordex/lib/python3.11/site-packages/coverage/sqldata.py", line 16, in <module>
    import sqlite3
  File "/root/miniforge3/envs/coordex/lib/python3.11/sqlite3/__init__.py", line 57, in <module>
    from sqlite3.dbapi2 import *
  File "/root/miniforge3/envs/coordex/lib/python3.11/sqlite3/dbapi2.py", line 27, in <module>
    from _sqlite3 import *
ImportError: /lib/x86_64-linux-gnu/libstdc++.so.6: version `CXXABI_1.3.15' not found (required by /root/miniforge3/envs/coordex/lib/python3.11/lib-dynload/../.././libicui18n.so.78)

2026-08-15T02:13:07Z [9,638ms] [Error] [omni.graph.tools._impl.internal.extension_contents_1_18] Exception while importing test omni.replicator.core.ogn.tests.TestOgnOnCondition: Traceback (most recent call last):
  File "/root/miniforge3/envs/coordex/lib/python3.11/site-packages/isaacsim/extscache/omni.graph.tools-1.79.2+8131b85d/omni/graph/tools/_impl/internal/extension_contents_1_18.py", line 394, in do_import_test_definition
    test_module = load_module_from_file(test_module_name, test_file)
                  ^^^^^^^^^^^^^^^^^^^^^^^^^^^^^^^^^^^^^^^^^^^^^^^^^^
  File "/root/miniforge3/envs/coordex/lib/python3.11/site-packages/isaacsim/extscache/omni.graph.tools-1.79.2+8131b85d/omni/graph/tools/_impl/internal/file_utils.py", line 239, in load_module_from_file
    spec.loader.exec_module(module)
  File "<frozen importlib._bootstrap_external>", line 940, in exec_module
  File "<frozen importlib._bootstrap>", line 241, in _call_with_frames_removed
  File "/root/miniforge3/envs/coordex/lib/python3.11/site-packages/isaacsim/extscache/omni.replicator.core-1.12.16+107.3.1.lx64.r.cp311/omni/replicator/core/ogn/tests/TestOgnOnCondition.py", line 2, in <module>
    import omni.kit.test
  File "/root/miniforge3/envs/coordex/lib/python3.11/site-packages/isaacsim/extscache/omni.kit.test-2.0.1+8131b85d.lx64.r.cp311/omni/kit/test/__init__.py", line 7, in <module>
    from . import unittests
  File "/root/miniforge3/envs/coordex/lib/python3.11/site-packages/isaacsim/extscache/omni.kit.test-2.0.1+8131b85d.lx64.r.cp311/omni/kit/test/unittests.py", line 21, in <module>
    from .async_unittest import AsyncTestSuite, AsyncTextTestRunner, OmniTestResult, AsyncTestCase
  File "/root/miniforge3/envs/coordex/lib/python3.11/site-packages/isaacsim/extscache/omni.kit.test-2.0.1+8131b85d.lx64.r.cp311/omni/kit/test/async_unittest.py", line 25, in <module>
    from .reporter import TestReporter
  File "/root/miniforge3/envs/coordex/lib/python3.11/site-packages/isaacsim/extscache/omni.kit.test-2.0.1+8131b85d.lx64.r.cp311/omni/kit/test/reporter.py", line 27, in <module>
    from .test_coverage import generate_coverage_report
  File "/root/miniforge3/envs/coordex/lib/python3.11/site-packages/isaacsim/extscache/omni.kit.test-2.0.1+8131b85d.lx64.r.cp311/omni/kit/test/test_coverage.py", line 10, in <module>
    import coverage
  File "/root/miniforge3/envs/coordex/lib/python3.11/site-packages/coverage/__init__.py", line 24, in <module>
    from coverage.control import (
  File "/root/miniforge3/envs/coordex/lib/python3.11/site-packages/coverage/control.py", line 28, in <module>
    from coverage.collector import Collector, HAS_CTRACER
  File "/root/miniforge3/envs/coordex/lib/python3.11/site-packages/coverage/collector.py", line 19, in <module>
    from coverage.data import CoverageData
  File "/root/miniforge3/envs/coordex/lib/python3.11/site-packages/coverage/data.py", line 24, in <module>
    from coverage.sqldata import CoverageData
  File "/root/miniforge3/envs/coordex/lib/python3.11/site-packages/coverage/sqldata.py", line 16, in <module>
    import sqlite3
  File "/root/miniforge3/envs/coordex/lib/python3.11/sqlite3/__init__.py", line 57, in <module>
    from sqlite3.dbapi2 import *
  File "/root/miniforge3/envs/coordex/lib/python3.11/sqlite3/dbapi2.py", line 27, in <module>
    from _sqlite3 import *
ImportError: /lib/x86_64-linux-gnu/libstdc++.so.6: version `CXXABI_1.3.15' not found (required by /root/miniforge3/envs/coordex/lib/python3.11/lib-dynload/../.././libicui18n.so.78)

2026-08-15T02:13:07Z [9,648ms] [Error] [omni.graph.tools._impl.internal.extension_contents_1_18] Exception while importing test omni.replicator.core.ogn.tests.TestOgnSizeToScale: Traceback (most recent call last):
  File "/root/miniforge3/envs/coordex/lib/python3.11/site-packages/isaacsim/extscache/omni.graph.tools-1.79.2+8131b85d/omni/graph/tools/_impl/internal/extension_contents_1_18.py", line 394, in do_import_test_definition
    test_module = load_module_from_file(test_module_name, test_file)
                  ^^^^^^^^^^^^^^^^^^^^^^^^^^^^^^^^^^^^^^^^^^^^^^^^^^
  File "/root/miniforge3/envs/coordex/lib/python3.11/site-packages/isaacsim/extscache/omni.graph.tools-1.79.2+8131b85d/omni/graph/tools/_impl/internal/file_utils.py", line 239, in load_module_from_file
    spec.loader.exec_module(module)
  File "<frozen importlib._bootstrap_external>", line 940, in exec_module
  File "<frozen importlib._bootstrap>", line 241, in _call_with_frames_removed
  File "/root/miniforge3/envs/coordex/lib/python3.11/site-packages/isaacsim/extscache/omni.replicator.core-1.12.16+107.3.1.lx64.r.cp311/omni/replicator/core/ogn/tests/TestOgnSizeToScale.py", line 2, in <module>
    import omni.kit.test
  File "/root/miniforge3/envs/coordex/lib/python3.11/site-packages/isaacsim/extscache/omni.kit.test-2.0.1+8131b85d.lx64.r.cp311/omni/kit/test/__init__.py", line 7, in <module>
    from . import unittests
  File "/root/miniforge3/envs/coordex/lib/python3.11/site-packages/isaacsim/extscache/omni.kit.test-2.0.1+8131b85d.lx64.r.cp311/omni/kit/test/unittests.py", line 21, in <module>
    from .async_unittest import AsyncTestSuite, AsyncTextTestRunner, OmniTestResult, AsyncTestCase
  File "/root/miniforge3/envs/coordex/lib/python3.11/site-packages/isaacsim/extscache/omni.kit.test-2.0.1+8131b85d.lx64.r.cp311/omni/kit/test/async_unittest.py", line 25, in <module>
    from .reporter import TestReporter
  File "/root/miniforge3/envs/coordex/lib/python3.11/site-packages/isaacsim/extscache/omni.kit.test-2.0.1+8131b85d.lx64.r.cp311/omni/kit/test/reporter.py", line 27, in <module>
    from .test_coverage import generate_coverage_report
  File "/root/miniforge3/envs/coordex/lib/python3.11/site-packages/isaacsim/extscache/omni.kit.test-2.0.1+8131b85d.lx64.r.cp311/omni/kit/test/test_coverage.py", line 10, in <module>
    import coverage
  File "/root/miniforge3/envs/coordex/lib/python3.11/site-packages/coverage/__init__.py", line 24, in <module>
    from coverage.control import (
  File "/root/miniforge3/envs/coordex/lib/python3.11/site-packages/coverage/control.py", line 28, in <module>
    from coverage.collector import Collector, HAS_CTRACER
  File "/root/miniforge3/envs/coordex/lib/python3.11/site-packages/coverage/collector.py", line 19, in <module>
    from coverage.data import CoverageData
  File "/root/miniforge3/envs/coordex/lib/python3.11/site-packages/coverage/data.py", line 24, in <module>
    from coverage.sqldata import CoverageData
  File "/root/miniforge3/envs/coordex/lib/python3.11/site-packages/coverage/sqldata.py", line 16, in <module>
    import sqlite3
  File "/root/miniforge3/envs/coordex/lib/python3.11/sqlite3/__init__.py", line 57, in <module>
    from sqlite3.dbapi2 import *
  File "/root/miniforge3/envs/coordex/lib/python3.11/sqlite3/dbapi2.py", line 27, in <module>
    from _sqlite3 import *
ImportError: /lib/x86_64-linux-gnu/libstdc++.so.6: version `CXXABI_1.3.15' not found (required by /root/miniforge3/envs/coordex/lib/python3.11/lib-dynload/../.././libicui18n.so.78)

2026-08-15T02:13:07Z [9,671ms] [Error] [omni.graph.tools._impl.internal.extension_contents_1_18] Exception while importing test omni.replicator.core.ogn.tests.TestOgnTriggerGate: Traceback (most recent call last):
  File "/root/miniforge3/envs/coordex/lib/python3.11/site-packages/isaacsim/extscache/omni.graph.tools-1.79.2+8131b85d/omni/graph/tools/_impl/internal/extension_contents_1_18.py", line 394, in do_import_test_definition
    test_module = load_module_from_file(test_module_name, test_file)
                  ^^^^^^^^^^^^^^^^^^^^^^^^^^^^^^^^^^^^^^^^^^^^^^^^^^
  File "/root/miniforge3/envs/coordex/lib/python3.11/site-packages/isaacsim/extscache/omni.graph.tools-1.79.2+8131b85d/omni/graph/tools/_impl/internal/file_utils.py", line 239, in load_module_from_file
    spec.loader.exec_module(module)
  File "<frozen importlib._bootstrap_external>", line 940, in exec_module
  File "<frozen importlib._bootstrap>", line 241, in _call_with_frames_removed
  File "/root/miniforge3/envs/coordex/lib/python3.11/site-packages/isaacsim/extscache/omni.replicator.core-1.12.16+107.3.1.lx64.r.cp311/omni/replicator/core/ogn/tests/TestOgnTriggerGate.py", line 2, in <module>
    import omni.kit.test
  File "/root/miniforge3/envs/coordex/lib/python3.11/site-packages/isaacsim/extscache/omni.kit.test-2.0.1+8131b85d.lx64.r.cp311/omni/kit/test/__init__.py", line 7, in <module>
    from . import unittests
  File "/root/miniforge3/envs/coordex/lib/python3.11/site-packages/isaacsim/extscache/omni.kit.test-2.0.1+8131b85d.lx64.r.cp311/omni/kit/test/unittests.py", line 21, in <module>
    from .async_unittest import AsyncTestSuite, AsyncTextTestRunner, OmniTestResult, AsyncTestCase
  File "/root/miniforge3/envs/coordex/lib/python3.11/site-packages/isaacsim/extscache/omni.kit.test-2.0.1+8131b85d.lx64.r.cp311/omni/kit/test/async_unittest.py", line 25, in <module>
    from .reporter import TestReporter
  File "/root/miniforge3/envs/coordex/lib/python3.11/site-packages/isaacsim/extscache/omni.kit.test-2.0.1+8131b85d.lx64.r.cp311/omni/kit/test/reporter.py", line 27, in <module>
    from .test_coverage import generate_coverage_report
  File "/root/miniforge3/envs/coordex/lib/python3.11/site-packages/isaacsim/extscache/omni.kit.test-2.0.1+8131b85d.lx64.r.cp311/omni/kit/test/test_coverage.py", line 10, in <module>
    import coverage
  File "/root/miniforge3/envs/coordex/lib/python3.11/site-packages/coverage/__init__.py", line 24, in <module>
    from coverage.control import (
  File "/root/miniforge3/envs/coordex/lib/python3.11/site-packages/coverage/control.py", line 28, in <module>
    from coverage.collector import Collector, HAS_CTRACER
  File "/root/miniforge3/envs/coordex/lib/python3.11/site-packages/coverage/collector.py", line 19, in <module>
    from coverage.data import CoverageData
  File "/root/miniforge3/envs/coordex/lib/python3.11/site-packages/coverage/data.py", line 24, in <module>
    from coverage.sqldata import CoverageData
  File "/root/miniforge3/envs/coordex/lib/python3.11/site-packages/coverage/sqldata.py", line 16, in <module>
    import sqlite3
  File "/root/miniforge3/envs/coordex/lib/python3.11/sqlite3/__init__.py", line 57, in <module>
    from sqlite3.dbapi2 import *
  File "/root/miniforge3/envs/coordex/lib/python3.11/sqlite3/dbapi2.py", line 27, in <module>
    from _sqlite3 import *
ImportError: /lib/x86_64-linux-gnu/libstdc++.so.6: version `CXXABI_1.3.15' not found (required by /root/miniforge3/envs/coordex/lib/python3.11/lib-dynload/../.././libicui18n.so.78)

2026-08-15T02:13:07Z [9,679ms] [Error] [omni.graph.tools._impl.internal.extension_contents_1_18] Exception while importing test omni.replicator.core.ogn.tests.TestOgnAugCutMixExp: Traceback (most recent call last):
  File "/root/miniforge3/envs/coordex/lib/python3.11/site-packages/isaacsim/extscache/omni.graph.tools-1.79.2+8131b85d/omni/graph/tools/_impl/internal/extension_contents_1_18.py", line 394, in do_import_test_definition
    test_module = load_module_from_file(test_module_name, test_file)
                  ^^^^^^^^^^^^^^^^^^^^^^^^^^^^^^^^^^^^^^^^^^^^^^^^^^
  File "/root/miniforge3/envs/coordex/lib/python3.11/site-packages/isaacsim/extscache/omni.graph.tools-1.79.2+8131b85d/omni/graph/tools/_impl/internal/file_utils.py", line 239, in load_module_from_file
    spec.loader.exec_module(module)
  File "<frozen importlib._bootstrap_external>", line 940, in exec_module
  File "<frozen importlib._bootstrap>", line 241, in _call_with_frames_removed
  File "/root/miniforge3/envs/coordex/lib/python3.11/site-packages/isaacsim/extscache/omni.replicator.core-1.12.16+107.3.1.lx64.r.cp311/omni/replicator/core/ogn/tests/TestOgnAugCutMixExp.py", line 2, in <module>
    import omni.kit.test
  File "/root/miniforge3/envs/coordex/lib/python3.11/site-packages/isaacsim/extscache/omni.kit.test-2.0.1+8131b85d.lx64.r.cp311/omni/kit/test/__init__.py", line 7, in <module>
    from . import unittests
  File "/root/miniforge3/envs/coordex/lib/python3.11/site-packages/isaacsim/extscache/omni.kit.test-2.0.1+8131b85d.lx64.r.cp311/omni/kit/test/unittests.py", line 21, in <module>
    from .async_unittest import AsyncTestSuite, AsyncTextTestRunner, OmniTestResult, AsyncTestCase
  File "/root/miniforge3/envs/coordex/lib/python3.11/site-packages/isaacsim/extscache/omni.kit.test-2.0.1+8131b85d.lx64.r.cp311/omni/kit/test/async_unittest.py", line 25, in <module>
    from .reporter import TestReporter
  File "/root/miniforge3/envs/coordex/lib/python3.11/site-packages/isaacsim/extscache/omni.kit.test-2.0.1+8131b85d.lx64.r.cp311/omni/kit/test/reporter.py", line 27, in <module>
    from .test_coverage import generate_coverage_report
  File "/root/miniforge3/envs/coordex/lib/python3.11/site-packages/isaacsim/extscache/omni.kit.test-2.0.1+8131b85d.lx64.r.cp311/omni/kit/test/test_coverage.py", line 10, in <module>
    import coverage
  File "/root/miniforge3/envs/coordex/lib/python3.11/site-packages/coverage/__init__.py", line 24, in <module>
    from coverage.control import (
  File "/root/miniforge3/envs/coordex/lib/python3.11/site-packages/coverage/control.py", line 28, in <module>
    from coverage.collector import Collector, HAS_CTRACER
  File "/root/miniforge3/envs/coordex/lib/python3.11/site-packages/coverage/collector.py", line 19, in <module>
    from coverage.data import CoverageData
  File "/root/miniforge3/envs/coordex/lib/python3.11/site-packages/coverage/data.py", line 24, in <module>
    from coverage.sqldata import CoverageData
  File "/root/miniforge3/envs/coordex/lib/python3.11/site-packages/coverage/sqldata.py", line 16, in <module>
    import sqlite3
  File "/root/miniforge3/envs/coordex/lib/python3.11/sqlite3/__init__.py", line 57, in <module>
    from sqlite3.dbapi2 import *
  File "/root/miniforge3/envs/coordex/lib/python3.11/sqlite3/dbapi2.py", line 27, in <module>
    from _sqlite3 import *
ImportError: /lib/x86_64-linux-gnu/libstdc++.so.6: version `CXXABI_1.3.15' not found (required by /root/miniforge3/envs/coordex/lib/python3.11/lib-dynload/../.././libicui18n.so.78)

2026-08-15T02:13:07Z [9,687ms] [Error] [omni.graph.tools._impl.internal.extension_contents_1_18] Exception while importing test omni.replicator.core.ogn.tests.TestOgnSampleChoicePrim: Traceback (most recent call last):
  File "/root/miniforge3/envs/coordex/lib/python3.11/site-packages/isaacsim/extscache/omni.graph.tools-1.79.2+8131b85d/omni/graph/tools/_impl/internal/extension_contents_1_18.py", line 394, in do_import_test_definition
    test_module = load_module_from_file(test_module_name, test_file)
                  ^^^^^^^^^^^^^^^^^^^^^^^^^^^^^^^^^^^^^^^^^^^^^^^^^^
  File "/root/miniforge3/envs/coordex/lib/python3.11/site-packages/isaacsim/extscache/omni.graph.tools-1.79.2+8131b85d/omni/graph/tools/_impl/internal/file_utils.py", line 239, in load_module_from_file
    spec.loader.exec_module(module)
  File "<frozen importlib._bootstrap_external>", line 940, in exec_module
  File "<frozen importlib._bootstrap>", line 241, in _call_with_frames_removed
  File "/root/miniforge3/envs/coordex/lib/python3.11/site-packages/isaacsim/extscache/omni.replicator.core-1.12.16+107.3.1.lx64.r.cp311/omni/replicator/core/ogn/tests/TestOgnSampleChoicePrim.py", line 2, in <module>
    import omni.kit.test
  File "/root/miniforge3/envs/coordex/lib/python3.11/site-packages/isaacsim/extscache/omni.kit.test-2.0.1+8131b85d.lx64.r.cp311/omni/kit/test/__init__.py", line 7, in <module>
    from . import unittests
  File "/root/miniforge3/envs/coordex/lib/python3.11/site-packages/isaacsim/extscache/omni.kit.test-2.0.1+8131b85d.lx64.r.cp311/omni/kit/test/unittests.py", line 21, in <module>
    from .async_unittest import AsyncTestSuite, AsyncTextTestRunner, OmniTestResult, AsyncTestCase
  File "/root/miniforge3/envs/coordex/lib/python3.11/site-packages/isaacsim/extscache/omni.kit.test-2.0.1+8131b85d.lx64.r.cp311/omni/kit/test/async_unittest.py", line 25, in <module>
    from .reporter import TestReporter
  File "/root/miniforge3/envs/coordex/lib/python3.11/site-packages/isaacsim/extscache/omni.kit.test-2.0.1+8131b85d.lx64.r.cp311/omni/kit/test/reporter.py", line 27, in <module>
    from .test_coverage import generate_coverage_report
  File "/root/miniforge3/envs/coordex/lib/python3.11/site-packages/isaacsim/extscache/omni.kit.test-2.0.1+8131b85d.lx64.r.cp311/omni/kit/test/test_coverage.py", line 10, in <module>
    import coverage
  File "/root/miniforge3/envs/coordex/lib/python3.11/site-packages/coverage/__init__.py", line 24, in <module>
    from coverage.control import (
  File "/root/miniforge3/envs/coordex/lib/python3.11/site-packages/coverage/control.py", line 28, in <module>
    from coverage.collector import Collector, HAS_CTRACER
  File "/root/miniforge3/envs/coordex/lib/python3.11/site-packages/coverage/collector.py", line 19, in <module>
    from coverage.data import CoverageData
  File "/root/miniforge3/envs/coordex/lib/python3.11/site-packages/coverage/data.py", line 24, in <module>
    from coverage.sqldata import CoverageData
  File "/root/miniforge3/envs/coordex/lib/python3.11/site-packages/coverage/sqldata.py", line 16, in <module>
    import sqlite3
  File "/root/miniforge3/envs/coordex/lib/python3.11/sqlite3/__init__.py", line 57, in <module>
    from sqlite3.dbapi2 import *
  File "/root/miniforge3/envs/coordex/lib/python3.11/sqlite3/dbapi2.py", line 27, in <module>
    from _sqlite3 import *
ImportError: /lib/x86_64-linux-gnu/libstdc++.so.6: version `CXXABI_1.3.15' not found (required by /root/miniforge3/envs/coordex/lib/python3.11/lib-dynload/../.././libicui18n.so.78)

2026-08-15T02:13:07Z [9,694ms] [Error] [omni.graph.tools._impl.internal.extension_contents_1_18] Exception while importing test omni.replicator.core.ogn.tests.TestOgnAugment: Traceback (most recent call last):
  File "/root/miniforge3/envs/coordex/lib/python3.11/site-packages/isaacsim/extscache/omni.graph.tools-1.79.2+8131b85d/omni/graph/tools/_impl/internal/extension_contents_1_18.py", line 394, in do_import_test_definition
    test_module = load_module_from_file(test_module_name, test_file)
                  ^^^^^^^^^^^^^^^^^^^^^^^^^^^^^^^^^^^^^^^^^^^^^^^^^^
  File "/root/miniforge3/envs/coordex/lib/python3.11/site-packages/isaacsim/extscache/omni.graph.tools-1.79.2+8131b85d/omni/graph/tools/_impl/internal/file_utils.py", line 239, in load_module_from_file
    spec.loader.exec_module(module)
  File "<frozen importlib._bootstrap_external>", line 940, in exec_module
  File "<frozen importlib._bootstrap>", line 241, in _call_with_frames_removed
  File "/root/miniforge3/envs/coordex/lib/python3.11/site-packages/isaacsim/extscache/omni.replicator.core-1.12.16+107.3.1.lx64.r.cp311/omni/replicator/core/ogn/tests/TestOgnAugment.py", line 2, in <module>
    import omni.kit.test
  File "/root/miniforge3/envs/coordex/lib/python3.11/site-packages/isaacsim/extscache/omni.kit.test-2.0.1+8131b85d.lx64.r.cp311/omni/kit/test/__init__.py", line 7, in <module>
    from . import unittests
  File "/root/miniforge3/envs/coordex/lib/python3.11/site-packages/isaacsim/extscache/omni.kit.test-2.0.1+8131b85d.lx64.r.cp311/omni/kit/test/unittests.py", line 21, in <module>
    from .async_unittest import AsyncTestSuite, AsyncTextTestRunner, OmniTestResult, AsyncTestCase
  File "/root/miniforge3/envs/coordex/lib/python3.11/site-packages/isaacsim/extscache/omni.kit.test-2.0.1+8131b85d.lx64.r.cp311/omni/kit/test/async_unittest.py", line 25, in <module>
    from .reporter import TestReporter
  File "/root/miniforge3/envs/coordex/lib/python3.11/site-packages/isaacsim/extscache/omni.kit.test-2.0.1+8131b85d.lx64.r.cp311/omni/kit/test/reporter.py", line 27, in <module>
    from .test_coverage import generate_coverage_report
  File "/root/miniforge3/envs/coordex/lib/python3.11/site-packages/isaacsim/extscache/omni.kit.test-2.0.1+8131b85d.lx64.r.cp311/omni/kit/test/test_coverage.py", line 10, in <module>
    import coverage
  File "/root/miniforge3/envs/coordex/lib/python3.11/site-packages/coverage/__init__.py", line 24, in <module>
    from coverage.control import (
  File "/root/miniforge3/envs/coordex/lib/python3.11/site-packages/coverage/control.py", line 28, in <module>
    from coverage.collector import Collector, HAS_CTRACER
  File "/root/miniforge3/envs/coordex/lib/python3.11/site-packages/coverage/collector.py", line 19, in <module>
    from coverage.data import CoverageData
  File "/root/miniforge3/envs/coordex/lib/python3.11/site-packages/coverage/data.py", line 24, in <module>
    from coverage.sqldata import CoverageData
  File "/root/miniforge3/envs/coordex/lib/python3.11/site-packages/coverage/sqldata.py", line 16, in <module>
    import sqlite3
  File "/root/miniforge3/envs/coordex/lib/python3.11/sqlite3/__init__.py", line 57, in <module>
    from sqlite3.dbapi2 import *
  File "/root/miniforge3/envs/coordex/lib/python3.11/sqlite3/dbapi2.py", line 27, in <module>
    from _sqlite3 import *
ImportError: /lib/x86_64-linux-gnu/libstdc++.so.6: version `CXXABI_1.3.15' not found (required by /root/miniforge3/envs/coordex/lib/python3.11/lib-dynload/../.././libicui18n.so.78)

2026-08-15T02:13:07Z [9,700ms] [Error] [omni.graph.tools._impl.internal.extension_contents_1_18] Exception while importing test omni.replicator.core.ogn.tests.TestOgnSetTimeline: Traceback (most recent call last):
  File "/root/miniforge3/envs/coordex/lib/python3.11/site-packages/isaacsim/extscache/omni.graph.tools-1.79.2+8131b85d/omni/graph/tools/_impl/internal/extension_contents_1_18.py", line 394, in do_import_test_definition
    test_module = load_module_from_file(test_module_name, test_file)
                  ^^^^^^^^^^^^^^^^^^^^^^^^^^^^^^^^^^^^^^^^^^^^^^^^^^
  File "/root/miniforge3/envs/coordex/lib/python3.11/site-packages/isaacsim/extscache/omni.graph.tools-1.79.2+8131b85d/omni/graph/tools/_impl/internal/file_utils.py", line 239, in load_module_from_file
    spec.loader.exec_module(module)
  File "<frozen importlib._bootstrap_external>", line 940, in exec_module
  File "<frozen importlib._bootstrap>", line 241, in _call_with_frames_removed
  File "/root/miniforge3/envs/coordex/lib/python3.11/site-packages/isaacsim/extscache/omni.replicator.core-1.12.16+107.3.1.lx64.r.cp311/omni/replicator/core/ogn/tests/TestOgnSetTimeline.py", line 2, in <module>
    import omni.kit.test
  File "/root/miniforge3/envs/coordex/lib/python3.11/site-packages/isaacsim/extscache/omni.kit.test-2.0.1+8131b85d.lx64.r.cp311/omni/kit/test/__init__.py", line 7, in <module>
    from . import unittests
  File "/root/miniforge3/envs/coordex/lib/python3.11/site-packages/isaacsim/extscache/omni.kit.test-2.0.1+8131b85d.lx64.r.cp311/omni/kit/test/unittests.py", line 21, in <module>
    from .async_unittest import AsyncTestSuite, AsyncTextTestRunner, OmniTestResult, AsyncTestCase
  File "/root/miniforge3/envs/coordex/lib/python3.11/site-packages/isaacsim/extscache/omni.kit.test-2.0.1+8131b85d.lx64.r.cp311/omni/kit/test/async_unittest.py", line 25, in <module>
    from .reporter import TestReporter
  File "/root/miniforge3/envs/coordex/lib/python3.11/site-packages/isaacsim/extscache/omni.kit.test-2.0.1+8131b85d.lx64.r.cp311/omni/kit/test/reporter.py", line 27, in <module>
    from .test_coverage import generate_coverage_report
  File "/root/miniforge3/envs/coordex/lib/python3.11/site-packages/isaacsim/extscache/omni.kit.test-2.0.1+8131b85d.lx64.r.cp311/omni/kit/test/test_coverage.py", line 10, in <module>
    import coverage
  File "/root/miniforge3/envs/coordex/lib/python3.11/site-packages/coverage/__init__.py", line 24, in <module>
    from coverage.control import (
  File "/root/miniforge3/envs/coordex/lib/python3.11/site-packages/coverage/control.py", line 28, in <module>
    from coverage.collector import Collector, HAS_CTRACER
  File "/root/miniforge3/envs/coordex/lib/python3.11/site-packages/coverage/collector.py", line 19, in <module>
    from coverage.data import CoverageData
  File "/root/miniforge3/envs/coordex/lib/python3.11/site-packages/coverage/data.py", line 24, in <module>
    from coverage.sqldata import CoverageData
  File "/root/miniforge3/envs/coordex/lib/python3.11/site-packages/coverage/sqldata.py", line 16, in <module>
    import sqlite3
  File "/root/miniforge3/envs/coordex/lib/python3.11/sqlite3/__init__.py", line 57, in <module>
    from sqlite3.dbapi2 import *
  File "/root/miniforge3/envs/coordex/lib/python3.11/sqlite3/dbapi2.py", line 27, in <module>
    from _sqlite3 import *
ImportError: /lib/x86_64-linux-gnu/libstdc++.so.6: version `CXXABI_1.3.15' not found (required by /root/miniforge3/envs/coordex/lib/python3.11/lib-dynload/../.././libicui18n.so.78)

2026-08-15T02:13:07Z [9,707ms] [Error] [omni.graph.tools._impl.internal.extension_contents_1_18] Exception while importing test omni.replicator.core.ogn.tests.TestOgnSetVariant: Traceback (most recent call last):
  File "/root/miniforge3/envs/coordex/lib/python3.11/site-packages/isaacsim/extscache/omni.graph.tools-1.79.2+8131b85d/omni/graph/tools/_impl/internal/extension_contents_1_18.py", line 394, in do_import_test_definition
    test_module = load_module_from_file(test_module_name, test_file)
                  ^^^^^^^^^^^^^^^^^^^^^^^^^^^^^^^^^^^^^^^^^^^^^^^^^^
  File "/root/miniforge3/envs/coordex/lib/python3.11/site-packages/isaacsim/extscache/omni.graph.tools-1.79.2+8131b85d/omni/graph/tools/_impl/internal/file_utils.py", line 239, in load_module_from_file
    spec.loader.exec_module(module)
  File "<frozen importlib._bootstrap_external>", line 940, in exec_module
  File "<frozen importlib._bootstrap>", line 241, in _call_with_frames_removed
  File "/root/miniforge3/envs/coordex/lib/python3.11/site-packages/isaacsim/extscache/omni.replicator.core-1.12.16+107.3.1.lx64.r.cp311/omni/replicator/core/ogn/tests/TestOgnSetVariant.py", line 2, in <module>
    import omni.kit.test
  File "/root/miniforge3/envs/coordex/lib/python3.11/site-packages/isaacsim/extscache/omni.kit.test-2.0.1+8131b85d.lx64.r.cp311/omni/kit/test/__init__.py", line 7, in <module>
    from . import unittests
  File "/root/miniforge3/envs/coordex/lib/python3.11/site-packages/isaacsim/extscache/omni.kit.test-2.0.1+8131b85d.lx64.r.cp311/omni/kit/test/unittests.py", line 21, in <module>
    from .async_unittest import AsyncTestSuite, AsyncTextTestRunner, OmniTestResult, AsyncTestCase
  File "/root/miniforge3/envs/coordex/lib/python3.11/site-packages/isaacsim/extscache/omni.kit.test-2.0.1+8131b85d.lx64.r.cp311/omni/kit/test/async_unittest.py", line 25, in <module>
    from .reporter import TestReporter
  File "/root/miniforge3/envs/coordex/lib/python3.11/site-packages/isaacsim/extscache/omni.kit.test-2.0.1+8131b85d.lx64.r.cp311/omni/kit/test/reporter.py", line 27, in <module>
    from .test_coverage import generate_coverage_report
  File "/root/miniforge3/envs/coordex/lib/python3.11/site-packages/isaacsim/extscache/omni.kit.test-2.0.1+8131b85d.lx64.r.cp311/omni/kit/test/test_coverage.py", line 10, in <module>
    import coverage
  File "/root/miniforge3/envs/coordex/lib/python3.11/site-packages/coverage/__init__.py", line 24, in <module>
    from coverage.control import (
  File "/root/miniforge3/envs/coordex/lib/python3.11/site-packages/coverage/control.py", line 28, in <module>
    from coverage.collector import Collector, HAS_CTRACER
  File "/root/miniforge3/envs/coordex/lib/python3.11/site-packages/coverage/collector.py", line 19, in <module>
    from coverage.data import CoverageData
  File "/root/miniforge3/envs/coordex/lib/python3.11/site-packages/coverage/data.py", line 24, in <module>
    from coverage.sqldata import CoverageData
  File "/root/miniforge3/envs/coordex/lib/python3.11/site-packages/coverage/sqldata.py", line 16, in <module>
    import sqlite3
  File "/root/miniforge3/envs/coordex/lib/python3.11/sqlite3/__init__.py", line 57, in <module>
    from sqlite3.dbapi2 import *
  File "/root/miniforge3/envs/coordex/lib/python3.11/sqlite3/dbapi2.py", line 27, in <module>
    from _sqlite3 import *
ImportError: /lib/x86_64-linux-gnu/libstdc++.so.6: version `CXXABI_1.3.15' not found (required by /root/miniforge3/envs/coordex/lib/python3.11/lib-dynload/../.././libicui18n.so.78)

2026-08-15T02:13:07Z [9,716ms] [Error] [omni.graph.tools._impl.internal.extension_contents_1_18] Exception while importing test omni.replicator.core.ogn.tests.TestOgnAugBgRandExp: Traceback (most recent call last):
  File "/root/miniforge3/envs/coordex/lib/python3.11/site-packages/isaacsim/extscache/omni.graph.tools-1.79.2+8131b85d/omni/graph/tools/_impl/internal/extension_contents_1_18.py", line 394, in do_import_test_definition
    test_module = load_module_from_file(test_module_name, test_file)
                  ^^^^^^^^^^^^^^^^^^^^^^^^^^^^^^^^^^^^^^^^^^^^^^^^^^
  File "/root/miniforge3/envs/coordex/lib/python3.11/site-packages/isaacsim/extscache/omni.graph.tools-1.79.2+8131b85d/omni/graph/tools/_impl/internal/file_utils.py", line 239, in load_module_from_file
    spec.loader.exec_module(module)
  File "<frozen importlib._bootstrap_external>", line 940, in exec_module
  File "<frozen importlib._bootstrap>", line 241, in _call_with_frames_removed
  File "/root/miniforge3/envs/coordex/lib/python3.11/site-packages/isaacsim/extscache/omni.replicator.core-1.12.16+107.3.1.lx64.r.cp311/omni/replicator/core/ogn/tests/TestOgnAugBgRandExp.py", line 2, in <module>
    import omni.kit.test
  File "/root/miniforge3/envs/coordex/lib/python3.11/site-packages/isaacsim/extscache/omni.kit.test-2.0.1+8131b85d.lx64.r.cp311/omni/kit/test/__init__.py", line 7, in <module>
    from . import unittests
  File "/root/miniforge3/envs/coordex/lib/python3.11/site-packages/isaacsim/extscache/omni.kit.test-2.0.1+8131b85d.lx64.r.cp311/omni/kit/test/unittests.py", line 21, in <module>
    from .async_unittest import AsyncTestSuite, AsyncTextTestRunner, OmniTestResult, AsyncTestCase
  File "/root/miniforge3/envs/coordex/lib/python3.11/site-packages/isaacsim/extscache/omni.kit.test-2.0.1+8131b85d.lx64.r.cp311/omni/kit/test/async_unittest.py", line 25, in <module>
    from .reporter import TestReporter
  File "/root/miniforge3/envs/coordex/lib/python3.11/site-packages/isaacsim/extscache/omni.kit.test-2.0.1+8131b85d.lx64.r.cp311/omni/kit/test/reporter.py", line 27, in <module>
    from .test_coverage import generate_coverage_report
  File "/root/miniforge3/envs/coordex/lib/python3.11/site-packages/isaacsim/extscache/omni.kit.test-2.0.1+8131b85d.lx64.r.cp311/omni/kit/test/test_coverage.py", line 10, in <module>
    import coverage
  File "/root/miniforge3/envs/coordex/lib/python3.11/site-packages/coverage/__init__.py", line 24, in <module>
    from coverage.control import (
  File "/root/miniforge3/envs/coordex/lib/python3.11/site-packages/coverage/control.py", line 28, in <module>
    from coverage.collector import Collector, HAS_CTRACER
  File "/root/miniforge3/envs/coordex/lib/python3.11/site-packages/coverage/collector.py", line 19, in <module>
    from coverage.data import CoverageData
  File "/root/miniforge3/envs/coordex/lib/python3.11/site-packages/coverage/data.py", line 24, in <module>
    from coverage.sqldata import CoverageData
  File "/root/miniforge3/envs/coordex/lib/python3.11/site-packages/coverage/sqldata.py", line 16, in <module>
    import sqlite3
  File "/root/miniforge3/envs/coordex/lib/python3.11/sqlite3/__init__.py", line 57, in <module>
    from sqlite3.dbapi2 import *
  File "/root/miniforge3/envs/coordex/lib/python3.11/sqlite3/dbapi2.py", line 27, in <module>
    from _sqlite3 import *
ImportError: /lib/x86_64-linux-gnu/libstdc++.so.6: version `CXXABI_1.3.15' not found (required by /root/miniforge3/envs/coordex/lib/python3.11/lib-dynload/../.././libicui18n.so.78)

[INFO][AppLauncher]: Using device: cuda:0
[INFO][AppLauncher]: Loading experience file: /root/IsaacLab/apps/isaaclab.python.headless.rendering.kit
[INFO]: Parsing configuration from: coordex.tasks.locomanip.walkpickturn_env_cfg:WalkPickTurnEnvCfg
[INFO]: Parsing configuration from: coordex.tasks.locomanip.config.g1_wuji.agents.rsl_rl_ppo_cfg:LocomanipCoordResidualPPORunnerCfg
2026-08-15T02:13:08Z [10,266ms] [Warning] [usdrt.population.plugin] using high frequency span is disabled
2026-08-15T02:13:08Z [10,428ms] [Warning] [carb] Acquiring non optional plugin interface which is not listed as dependency: [carb::dictionary::ISerializer v1.1] (plugin: carb.dictionary.serializer-json.plugin), by client: carb.scenerenderer-rtx.plugin. Add it to CARB_PLUGIN_IMPL_DEPS() macro of a client.
2026-08-15T02:13:11Z [13,790ms] [Warning] [usdrt.hydra.fabric_scene_delegate.plugin] using high frequency span is disabled
2026-08-15T02:13:11Z [13,790ms] [Warning] [usdrt.hydra.fabric_scene_delegate.plugin] using high frequency span is disabled
2026-08-15T02:13:11Z [13,791ms] [Warning] [usdrt.hydra.fabric_scene_delegate.plugin] using high frequency span with attrs is disabled
2026-08-15T02:13:11Z [13,799ms] [Warning] [omni.fabric.plugin] Warning: attribute viewportHandle not found for bucket id 7

2026-08-15T02:13:11Z [13,810ms] [Warning] [usdrt.hydra.fabric_scene_delegate.plugin] using high frequency span is disabled
2026-08-15T02:13:11Z [13,810ms] [Warning] [usdrt.hydra.fabric_scene_delegate.plugin] using high frequency span is disabled
2026-08-15T02:13:14Z [16,740ms] [Warning] [isaaclab.envs.manager_based_env] Seed not set for the environment. The environment creation may not be deterministic.
2026-08-15T02:13:15Z [17,124ms] [Warning] [isaaclab.terrains.terrain_importer] Visual material specified for ground plane but no diffuse color found. Using default color: (0.0, 0.0, 0.0)
2026-08-15T02:13:18Z [20,280ms] [Warning] [usdrt.hydra.fabric_scene_delegate.plugin] using high frequency span with attrs is disabled
2026-08-15T02:13:18Z [20,328ms] [Warning] [usdrt.hydra.fabric_scene_delegate.plugin] using high frequency span with attrs is disabled
2026-08-15T02:13:18Z [20,328ms] [Warning] [omni.fabric.plugin] getAttributeCount called on non-existent path /World/envs/env_0/Robot/torso_link/collisions/mesh_3
2026-08-15T02:13:18Z [20,329ms] [Warning] [omni.fabric.plugin] getTypes called on non-existent path /World/envs/env_0/Robot/torso_link/collisions/mesh_3
2026-08-15T02:13:19Z [21,233ms] [Warning] [omni.usd] USD_MDL: in ResolveResource at line 557 of ../../source/plugins/omni.usdMdl/neuray.cpp -- module: /root/astra_workspace/assets/Isaac/Props/Conveyors/Material Library/Metal/Aluminium/Aluminium_Brushed_A.mdl	function: Aluminium_Brushed_A(color,texture_2d,float,float,float,color,float,float,texture_2d,float,float,texture_2d,float,bool,texture_2d,float,texture_2d,bool,color,texture_2d,texture_2d,float,bool,texture_2d,float,bool,::base::mono_mode,float,float,float,texture_2d,float,texture_2d,bool,bool,bool,bool,int,float2,float,float2,float2,float,float2,float,float,bool)	parameter: diffuse_texture	Unable to resolve MDL resource for: '/Z73file_3A/root/astra_workspace/assets/Isaac/Props/Conveyors/Z2CMaterial_2520Library/Metal/Textures/T_Aluminium_Brushed_A1_Albedo.png'.

2026-08-15T02:13:19Z [21,234ms] [Warning] [omni.usd] USD_MDL: in ResolveResource at line 557 of ../../source/plugins/omni.usdMdl/neuray.cpp -- module: /root/astra_workspace/assets/Isaac/Props/Conveyors/Material Library/Metal/Aluminium/Aluminium_Brushed_A.mdl	function: Aluminium_Brushed_A(color,texture_2d,float,float,float,color,float,float,texture_2d,float,float,texture_2d,float,bool,texture_2d,float,texture_2d,bool,color,texture_2d,texture_2d,float,bool,texture_2d,float,bool,::base::mono_mode,float,float,float,texture_2d,float,texture_2d,bool,bool,bool,bool,int,float2,float,float2,float2,float,float2,float,float,bool)	parameter: ORM_texture	Unable to resolve MDL resource for: '/Z73file_3A/root/astra_workspace/assets/Isaac/Props/Conveyors/Z2CMaterial_2520Library/Metal/Textures/T_Aluminium_Brushed_A1_ORM.png'.

2026-08-15T02:13:19Z [21,234ms] [Warning] [omni.usd] USD_MDL: in ResolveResource at line 557 of ../../source/plugins/omni.usdMdl/neuray.cpp -- module: /root/astra_workspace/assets/Isaac/Props/Conveyors/Material Library/Metal/Aluminium/Aluminium_Brushed_A.mdl	function: Aluminium_Brushed_A(color,texture_2d,float,float,float,color,float,float,texture_2d,float,float,texture_2d,float,bool,texture_2d,float,texture_2d,bool,color,texture_2d,texture_2d,float,bool,texture_2d,float,bool,::base::mono_mode,float,float,float,texture_2d,float,texture_2d,bool,bool,bool,bool,int,float2,float,float2,float2,float,float2,float,float,bool)	parameter: normalmap_texture	Unable to resolve MDL resource for: '/Z73file_3A/root/astra_workspace/assets/Isaac/Props/Conveyors/Z2CMaterial_2520Library/Metal/Textures/T_Aluminium_Brushed_A1_Normal.png'.

2026-08-15T02:13:19Z [21,238ms] [Error] [rtx.mdltranslator.plugin] Texture file referenced in the material parameter defaults wasn't resolved properly: 'file:/root/astra_workspace/assets/Isaac/Props/Conveyors/Material%20Library/Metal/Textures/T_Aluminium_Brushed_A1_ORM.png'
2026-08-15T02:13:19Z [21,239ms] [Error] [rtx.mdltranslator.plugin] Texture file referenced in the material parameter defaults wasn't resolved properly: 'file:/root/astra_workspace/assets/Isaac/Props/Conveyors/Material%20Library/Metal/Textures/T_Aluminium_Brushed_A1_Albedo.png'
2026-08-15T02:13:19Z [21,239ms] [Error] [rtx.mdltranslator.plugin] Texture file referenced in the material parameter defaults wasn't resolved properly: 'file:/root/astra_workspace/assets/Isaac/Props/Conveyors/Material%20Library/Metal/Textures/T_Aluminium_Brushed_A1_Normal.png'
2026-08-15T02:13:19Z [21,249ms] [Error] [rtx.mdltranslator.plugin] Texture file referenced in the material parameter defaults wasn't resolved properly: 'file:/root/astra_workspace/assets/Isaac/Props/Conveyors/Material%20Library/Metal/Textures/T_Aluminium_Brushed_A1_ORM.png'
2026-08-15T02:13:19Z [21,250ms] [Error] [rtx.mdltranslator.plugin] Texture file referenced in the material parameter defaults wasn't resolved properly: 'file:/root/astra_workspace/assets/Isaac/Props/Conveyors/Material%20Library/Metal/Textures/T_Aluminium_Brushed_A1_Albedo.png'
2026-08-15T02:13:19Z [21,250ms] [Error] [rtx.mdltranslator.plugin] Texture file referenced in the material parameter defaults wasn't resolved properly: 'file:/root/astra_workspace/assets/Isaac/Props/Conveyors/Material%20Library/Metal/Textures/T_Aluminium_Brushed_A1_Normal.png'
2026-08-15T02:13:20Z [22,109ms] [Warning] [omni.usd] USD_MDL: in ResolveResource at line 557 of ../../source/plugins/omni.usdMdl/neuray.cpp -- module: /root/astra_workspace/assets/Isaac/Props/Conveyors/Material Library/Plastic/Misc/Plastic_Red_A.mdl	function: Plastic_Red_A(color,texture_2d,float,float,float,color,float,float,texture_2d,float,float,texture_2d,float,bool,texture_2d,float,texture_2d,bool,color,texture_2d,texture_2d,float,bool,texture_2d,float,bool,::base::mono_mode,float,float,float,texture_2d,float,texture_2d,bool,bool,bool,bool,int,float2,float,float2,float2,float,float2,float,float,bool)	parameter: diffuse_texture	Unable to resolve MDL resource for: '/Z73file_3A/root/astra_workspace/assets/Isaac/Props/Conveyors/Z2CMaterial_2520Library/Plastic/Textures/T_Plastic_Red_A_Albedo.png'.

2026-08-15T02:13:20Z [22,110ms] [Warning] [omni.usd] USD_MDL: in ResolveResource at line 557 of ../../source/plugins/omni.usdMdl/neuray.cpp -- module: /root/astra_workspace/assets/Isaac/Props/Conveyors/Material Library/Plastic/Misc/Plastic_Red_A.mdl	function: Plastic_Red_A(color,texture_2d,float,float,float,color,float,float,texture_2d,float,float,texture_2d,float,bool,texture_2d,float,texture_2d,bool,color,texture_2d,texture_2d,float,bool,texture_2d,float,bool,::base::mono_mode,float,float,float,texture_2d,float,texture_2d,bool,bool,bool,bool,int,float2,float,float2,float2,float,float2,float,float,bool)	parameter: ORM_texture	Unable to resolve MDL resource for: '/Z73file_3A/root/astra_workspace/assets/Isaac/Props/Conveyors/Z2CMaterial_2520Library/Plastic/Textures/T_Plastic_Red_A_ORM.png'.

2026-08-15T02:13:20Z [22,111ms] [Warning] [omni.usd] USD_MDL: in ResolveResource at line 557 of ../../source/plugins/omni.usdMdl/neuray.cpp -- module: /root/astra_workspace/assets/Isaac/Props/Conveyors/Material Library/Plastic/Misc/Plastic_Red_A.mdl	function: Plastic_Red_A(color,texture_2d,float,float,float,color,float,float,texture_2d,float,float,texture_2d,float,bool,texture_2d,float,texture_2d,bool,color,texture_2d,texture_2d,float,bool,texture_2d,float,bool,::base::mono_mode,float,float,float,texture_2d,float,texture_2d,bool,bool,bool,bool,int,float2,float,float2,float2,float,float2,float,float,bool)	parameter: normalmap_texture	Unable to resolve MDL resource for: '/Z73file_3A/root/astra_workspace/assets/Isaac/Props/Conveyors/Z2CMaterial_2520Library/Plastic/Textures/T_Plastic_Red_A_Normal.png'.

2026-08-15T02:13:20Z [22,114ms] [Error] [rtx.mdltranslator.plugin] Texture file referenced in the material parameter defaults wasn't resolved properly: 'file:/root/astra_workspace/assets/Isaac/Props/Conveyors/Material%20Library/Plastic/Textures/T_Plastic_Red_A_ORM.png'
2026-08-15T02:13:20Z [22,115ms] [Error] [rtx.mdltranslator.plugin] Texture file referenced in the material parameter defaults wasn't resolved properly: 'file:/root/astra_workspace/assets/Isaac/Props/Conveyors/Material%20Library/Plastic/Textures/T_Plastic_Red_A_Albedo.png'
2026-08-15T02:13:20Z [22,115ms] [Error] [rtx.mdltranslator.plugin] Texture file referenced in the material parameter defaults wasn't resolved properly: 'file:/root/astra_workspace/assets/Isaac/Props/Conveyors/Material%20Library/Plastic/Textures/T_Plastic_Red_A_Normal.png'
2026-08-15T02:13:20Z [22,125ms] [Error] [rtx.mdltranslator.plugin] Texture file referenced in the material parameter defaults wasn't resolved properly: 'file:/root/astra_workspace/assets/Isaac/Props/Conveyors/Material%20Library/Plastic/Textures/T_Plastic_Red_A_ORM.png'
2026-08-15T02:13:20Z [22,125ms] [Error] [rtx.mdltranslator.plugin] Texture file referenced in the material parameter defaults wasn't resolved properly: 'file:/root/astra_workspace/assets/Isaac/Props/Conveyors/Material%20Library/Plastic/Textures/T_Plastic_Red_A_Albedo.png'
2026-08-15T02:13:20Z [22,125ms] [Error] [rtx.mdltranslator.plugin] Texture file referenced in the material parameter defaults wasn't resolved properly: 'file:/root/astra_workspace/assets/Isaac/Props/Conveyors/Material%20Library/Plastic/Textures/T_Plastic_Red_A_Normal.png'
2026-08-15T02:13:20Z [22,142ms] [Warning] [omni.usd] USD_MDL: in ResolveResource at line 557 of ../../source/plugins/omni.usdMdl/neuray.cpp -- module: /root/astra_workspace/assets/Isaac/Props/Conveyors/Material Library/Metal/Misc/Metal_Rough_A.mdl	function: Metal_Rough_A(color,texture_2d,float,float,float,color,float,float,texture_2d,float,float,texture_2d,float,bool,texture_2d,float,texture_2d,bool,color,texture_2d,texture_2d,float,bool,texture_2d,float,bool,::base::mono_mode,float,float,float,texture_2d,float,texture_2d,bool,bool,bool,bool,int,float2,float,float2,float2,float,float2,float,float,bool)	parameter: diffuse_texture	Unable to resolve MDL resource for: '/Z73file_3A/root/astra_workspace/assets/Isaac/Props/Conveyors/Z2CMaterial_2520Library/Metal/Textures/T_Metal_Rough_A_Albedo.png'.

2026-08-15T02:13:20Z [22,142ms] [Warning] [omni.usd] USD_MDL: in ResolveResource at line 557 of ../../source/plugins/omni.usdMdl/neuray.cpp -- module: /root/astra_workspace/assets/Isaac/Props/Conveyors/Material Library/Metal/Misc/Metal_Rough_A.mdl	function: Metal_Rough_A(color,texture_2d,float,float,float,color,float,float,texture_2d,float,float,texture_2d,float,bool,texture_2d,float,texture_2d,bool,color,texture_2d,texture_2d,float,bool,texture_2d,float,bool,::base::mono_mode,float,float,float,texture_2d,float,texture_2d,bool,bool,bool,bool,int,float2,float,float2,float2,float,float2,float,float,bool)	parameter: ORM_texture	Unable to resolve MDL resource for: '/Z73file_3A/root/astra_workspace/assets/Isaac/Props/Conveyors/Z2CMaterial_2520Library/Metal/Textures/T_Metal_Rough_A_ORM.png'.

2026-08-15T02:13:20Z [22,143ms] [Warning] [omni.usd] USD_MDL: in ResolveResource at line 557 of ../../source/plugins/omni.usdMdl/neuray.cpp -- module: /root/astra_workspace/assets/Isaac/Props/Conveyors/Material Library/Metal/Misc/Metal_Rough_A.mdl	function: Metal_Rough_A(color,texture_2d,float,float,float,color,float,float,texture_2d,float,float,texture_2d,float,bool,texture_2d,float,texture_2d,bool,color,texture_2d,texture_2d,float,bool,texture_2d,float,bool,::base::mono_mode,float,float,float,texture_2d,float,texture_2d,bool,bool,bool,bool,int,float2,float,float2,float2,float,float2,float,float,bool)	parameter: normalmap_texture	Unable to resolve MDL resource for: '/Z73file_3A/root/astra_workspace/assets/Isaac/Props/Conveyors/Z2CMaterial_2520Library/Metal/Textures/T_Metal_Rough_A_Normal.png'.

2026-08-15T02:13:20Z [22,147ms] [Error] [rtx.mdltranslator.plugin] Texture file referenced in the material parameter defaults wasn't resolved properly: 'file:/root/astra_workspace/assets/Isaac/Props/Conveyors/Material%20Library/Metal/Textures/T_Metal_Rough_A_ORM.png'
2026-08-15T02:13:20Z [22,147ms] [Error] [rtx.mdltranslator.plugin] Texture file referenced in the material parameter defaults wasn't resolved properly: 'file:/root/astra_workspace/assets/Isaac/Props/Conveyors/Material%20Library/Metal/Textures/T_Metal_Rough_A_Albedo.png'
2026-08-15T02:13:20Z [22,147ms] [Error] [rtx.mdltranslator.plugin] Texture file referenced in the material parameter defaults wasn't resolved properly: 'file:/root/astra_workspace/assets/Isaac/Props/Conveyors/Material%20Library/Metal/Textures/T_Metal_Rough_A_Normal.png'
2026-08-15T02:13:20Z [22,157ms] [Error] [rtx.mdltranslator.plugin] Texture file referenced in the material parameter defaults wasn't resolved properly: 'file:/root/astra_workspace/assets/Isaac/Props/Conveyors/Material%20Library/Metal/Textures/T_Metal_Rough_A_ORM.png'
2026-08-15T02:13:20Z [22,157ms] [Error] [rtx.mdltranslator.plugin] Texture file referenced in the material parameter defaults wasn't resolved properly: 'file:/root/astra_workspace/assets/Isaac/Props/Conveyors/Material%20Library/Metal/Textures/T_Metal_Rough_A_Albedo.png'
2026-08-15T02:13:20Z [22,158ms] [Error] [rtx.mdltranslator.plugin] Texture file referenced in the material parameter defaults wasn't resolved properly: 'file:/root/astra_workspace/assets/Isaac/Props/Conveyors/Material%20Library/Metal/Textures/T_Metal_Rough_A_Normal.png'
2026-08-15T02:13:20Z [22,165ms] [Warning] [omni.usd] USD_MDL: in ResolveResource at line 557 of ../../source/plugins/omni.usdMdl/neuray.cpp -- module: /root/astra_workspace/assets/Isaac/Props/Conveyors/Material Library/Plastic/Misc/Plastic_Orange_A.mdl	function: Plastic_Orange_A(color,texture_2d,float,float,float,color,float,float,texture_2d,float,float,texture_2d,float,bool,texture_2d,float,texture_2d,bool,color,texture_2d,texture_2d,float,bool,texture_2d,float,bool,::base::mono_mode,float,float,float,texture_2d,float,texture_2d,bool,bool,bool,bool,int,float2,float,float2,float2,float,float2,float,float,bool)	parameter: diffuse_texture	Unable to resolve MDL resource for: '/Z73file_3A/root/astra_workspace/assets/Isaac/Props/Conveyors/Z2CMaterial_2520Library/Plastic/Textures/T_Plastic_Orange_A_Albedo.png'.

2026-08-15T02:13:20Z [22,166ms] [Warning] [omni.usd] USD_MDL: in ResolveResource at line 557 of ../../source/plugins/omni.usdMdl/neuray.cpp -- module: /root/astra_workspace/assets/Isaac/Props/Conveyors/Material Library/Plastic/Misc/Plastic_Orange_A.mdl	function: Plastic_Orange_A(color,texture_2d,float,float,float,color,float,float,texture_2d,float,float,texture_2d,float,bool,texture_2d,float,texture_2d,bool,color,texture_2d,texture_2d,float,bool,texture_2d,float,bool,::base::mono_mode,float,float,float,texture_2d,float,texture_2d,bool,bool,bool,bool,int,float2,float,float2,float2,float,float2,float,float,bool)	parameter: ORM_texture	Unable to resolve MDL resource for: '/Z73file_3A/root/astra_workspace/assets/Isaac/Props/Conveyors/Z2CMaterial_2520Library/Plastic/Textures/T_Plastic_Orange_A_ORM.png'.

2026-08-15T02:13:20Z [22,166ms] [Warning] [omni.usd] USD_MDL: in ResolveResource at line 557 of ../../source/plugins/omni.usdMdl/neuray.cpp -- module: /root/astra_workspace/assets/Isaac/Props/Conveyors/Material Library/Plastic/Misc/Plastic_Orange_A.mdl	function: Plastic_Orange_A(color,texture_2d,float,float,float,color,float,float,texture_2d,float,float,texture_2d,float,bool,texture_2d,float,texture_2d,bool,color,texture_2d,texture_2d,float,bool,texture_2d,float,bool,::base::mono_mode,float,float,float,texture_2d,float,texture_2d,bool,bool,bool,bool,int,float2,float,float2,float2,float,float2,float,float,bool)	parameter: normalmap_texture	Unable to resolve MDL resource for: '/Z73file_3A/root/astra_workspace/assets/Isaac/Props/Conveyors/Z2CMaterial_2520Library/Plastic/Textures/T_Plastic_Orange_A_Normal.png'.

2026-08-15T02:13:20Z [22,170ms] [Error] [rtx.mdltranslator.plugin] Texture file referenced in the material parameter defaults wasn't resolved properly: 'file:/root/astra_workspace/assets/Isaac/Props/Conveyors/Material%20Library/Plastic/Textures/T_Plastic_Orange_A_ORM.png'
2026-08-15T02:13:20Z [22,171ms] [Error] [rtx.mdltranslator.plugin] Texture file referenced in the material parameter defaults wasn't resolved properly: 'file:/root/astra_workspace/assets/Isaac/Props/Conveyors/Material%20Library/Plastic/Textures/T_Plastic_Orange_A_Albedo.png'
2026-08-15T02:13:20Z [22,171ms] [Error] [rtx.mdltranslator.plugin] Texture file referenced in the material parameter defaults wasn't resolved properly: 'file:/root/astra_workspace/assets/Isaac/Props/Conveyors/Material%20Library/Plastic/Textures/T_Plastic_Orange_A_Normal.png'
2026-08-15T02:13:20Z [22,181ms] [Error] [rtx.mdltranslator.plugin] Texture file referenced in the material parameter defaults wasn't resolved properly: 'file:/root/astra_workspace/assets/Isaac/Props/Conveyors/Material%20Library/Plastic/Textures/T_Plastic_Orange_A_ORM.png'
2026-08-15T02:13:20Z [22,181ms] [Error] [rtx.mdltranslator.plugin] Texture file referenced in the material parameter defaults wasn't resolved properly: 'file:/root/astra_workspace/assets/Isaac/Props/Conveyors/Material%20Library/Plastic/Textures/T_Plastic_Orange_A_Albedo.png'
2026-08-15T02:13:20Z [22,181ms] [Error] [rtx.mdltranslator.plugin] Texture file referenced in the material parameter defaults wasn't resolved properly: 'file:/root/astra_workspace/assets/Isaac/Props/Conveyors/Material%20Library/Plastic/Textures/T_Plastic_Orange_A_Normal.png'
2026-08-15T02:13:20Z [22,220ms] [Warning] [omni.usd] USD_MDL: in ResolveResource at line 557 of ../../source/plugins/omni.usdMdl/neuray.cpp -- module: /root/astra_workspace/assets/Isaac/Props/Conveyors/Material Library/Plastic/Misc/Plastic_Rough_Black_A.mdl	function: Plastic_Rough_Black_A(color,texture_2d,float,float,float,color,float,float,texture_2d,float,float,texture_2d,float,bool,texture_2d,float,texture_2d,bool,color,texture_2d,texture_2d,float,bool,texture_2d,float,bool,::base::mono_mode,float,float,float,texture_2d,float,texture_2d,bool,bool,bool,bool,int,float2,float,float2,float2,float,float2,float,float,bool)	parameter: diffuse_texture	Unable to resolve MDL resource for: '/Z73file_3A/root/astra_workspace/assets/Isaac/Props/Conveyors/Z2CMaterial_2520Library/Plastic/Textures/T_Plastic_Rough_Black_A_Albedo.png'.

2026-08-15T02:13:20Z [22,221ms] [Warning] [omni.usd] USD_MDL: in ResolveResource at line 557 of ../../source/plugins/omni.usdMdl/neuray.cpp -- module: /root/astra_workspace/assets/Isaac/Props/Conveyors/Material Library/Plastic/Misc/Plastic_Rough_Black_A.mdl	function: Plastic_Rough_Black_A(color,texture_2d,float,float,float,color,float,float,texture_2d,float,float,texture_2d,float,bool,texture_2d,float,texture_2d,bool,color,texture_2d,texture_2d,float,bool,texture_2d,float,bool,::base::mono_mode,float,float,float,texture_2d,float,texture_2d,bool,bool,bool,bool,int,float2,float,float2,float2,float,float2,float,float,bool)	parameter: ORM_texture	Unable to resolve MDL resource for: '/Z73file_3A/root/astra_workspace/assets/Isaac/Props/Conveyors/Z2CMaterial_2520Library/Plastic/Textures/T_Plastic_Rough_Black_A_ORM.png'.

2026-08-15T02:13:20Z [22,225ms] [Error] [rtx.mdltranslator.plugin] Texture file referenced in the material parameter defaults wasn't resolved properly: 'file:/root/astra_workspace/assets/Isaac/Props/Conveyors/Material%20Library/Plastic/Textures/T_Plastic_Rough_Black_A_ORM.png'
2026-08-15T02:13:20Z [22,226ms] [Error] [rtx.mdltranslator.plugin] Texture file referenced in the material parameter defaults wasn't resolved properly: 'file:/root/astra_workspace/assets/Isaac/Props/Conveyors/Material%20Library/Plastic/Textures/T_Plastic_Rough_Black_A_Albedo.png'
2026-08-15T02:13:20Z [22,236ms] [Error] [rtx.mdltranslator.plugin] Texture file referenced in the material parameter defaults wasn't resolved properly: 'file:/root/astra_workspace/assets/Isaac/Props/Conveyors/Material%20Library/Plastic/Textures/T_Plastic_Rough_Black_A_ORM.png'
2026-08-15T02:13:20Z [22,236ms] [Error] [rtx.mdltranslator.plugin] Texture file referenced in the material parameter defaults wasn't resolved properly: 'file:/root/astra_workspace/assets/Isaac/Props/Conveyors/Material%20Library/Plastic/Textures/T_Plastic_Rough_Black_A_Albedo.png'
2026-08-15T02:13:20Z [22,252ms] [Warning] [omni.usd] USD_MDL: in ResolveResource at line 557 of ../../source/plugins/omni.usdMdl/neuray.cpp -- module: /root/astra_workspace/assets/Isaac/Props/Conveyors/Material Library/Metal/Misc/Metal_Glossy_A.mdl	function: Metal_Glossy_A(color,texture_2d,float,float,float,color,float,float,texture_2d,float,float,texture_2d,float,bool,texture_2d,float,texture_2d,bool,color,texture_2d,texture_2d,float,bool,texture_2d,float,bool,::base::mono_mode,float,float,float,texture_2d,float,texture_2d,bool,bool,bool,bool,int,float2,float,float2,float2,float,float2,float,float,bool)	parameter: diffuse_texture	Unable to resolve MDL resource for: '/Z73file_3A/root/astra_workspace/assets/Isaac/Props/Conveyors/Z2CMaterial_2520Library/Metal/Textures/T_Metal_Glossy_A_Albedo.png'.

2026-08-15T02:13:20Z [22,253ms] [Warning] [omni.usd] USD_MDL: in ResolveResource at line 557 of ../../source/plugins/omni.usdMdl/neuray.cpp -- module: /root/astra_workspace/assets/Isaac/Props/Conveyors/Material Library/Metal/Misc/Metal_Glossy_A.mdl	function: Metal_Glossy_A(color,texture_2d,float,float,float,color,float,float,texture_2d,float,float,texture_2d,float,bool,texture_2d,float,texture_2d,bool,color,texture_2d,texture_2d,float,bool,texture_2d,float,bool,::base::mono_mode,float,float,float,texture_2d,float,texture_2d,bool,bool,bool,bool,int,float2,float,float2,float2,float,float2,float,float,bool)	parameter: ORM_texture	Unable to resolve MDL resource for: '/Z73file_3A/root/astra_workspace/assets/Isaac/Props/Conveyors/Z2CMaterial_2520Library/Metal/Textures/T_Metal_Glossy_A_ORM.png'.

2026-08-15T02:13:20Z [22,253ms] [Warning] [omni.usd] USD_MDL: in ResolveResource at line 557 of ../../source/plugins/omni.usdMdl/neuray.cpp -- module: /root/astra_workspace/assets/Isaac/Props/Conveyors/Material Library/Metal/Misc/Metal_Glossy_A.mdl	function: Metal_Glossy_A(color,texture_2d,float,float,float,color,float,float,texture_2d,float,float,texture_2d,float,bool,texture_2d,float,texture_2d,bool,color,texture_2d,texture_2d,float,bool,texture_2d,float,bool,::base::mono_mode,float,float,float,texture_2d,float,texture_2d,bool,bool,bool,bool,int,float2,float,float2,float2,float,float2,float,float,bool)	parameter: normalmap_texture	Unable to resolve MDL resource for: '/Z73file_3A/root/astra_workspace/assets/Isaac/Props/Conveyors/Z2CMaterial_2520Library/Metal/Textures/T_Metal_Glossy_A_Normal.png'.

2026-08-15T02:13:20Z [22,257ms] [Error] [rtx.mdltranslator.plugin] Texture file referenced in the material parameter defaults wasn't resolved properly: 'file:/root/astra_workspace/assets/Isaac/Props/Conveyors/Material%20Library/Metal/Textures/T_Metal_Glossy_A_ORM.png'
2026-08-15T02:13:20Z [22,258ms] [Error] [rtx.mdltranslator.plugin] Texture file referenced in the material parameter defaults wasn't resolved properly: 'file:/root/astra_workspace/assets/Isaac/Props/Conveyors/Material%20Library/Metal/Textures/T_Metal_Glossy_A_Albedo.png'
2026-08-15T02:13:20Z [22,258ms] [Error] [rtx.mdltranslator.plugin] Texture file referenced in the material parameter defaults wasn't resolved properly: 'file:/root/astra_workspace/assets/Isaac/Props/Conveyors/Material%20Library/Metal/Textures/T_Metal_Glossy_A_Normal.png'
2026-08-15T02:13:20Z [22,267ms] [Error] [rtx.mdltranslator.plugin] Texture file referenced in the material parameter defaults wasn't resolved properly: 'file:/root/astra_workspace/assets/Isaac/Props/Conveyors/Material%20Library/Metal/Textures/T_Metal_Glossy_A_ORM.png'
2026-08-15T02:13:20Z [22,268ms] [Error] [rtx.mdltranslator.plugin] Texture file referenced in the material parameter defaults wasn't resolved properly: 'file:/root/astra_workspace/assets/Isaac/Props/Conveyors/Material%20Library/Metal/Textures/T_Metal_Glossy_A_Albedo.png'
2026-08-15T02:13:20Z [22,268ms] [Error] [rtx.mdltranslator.plugin] Texture file referenced in the material parameter defaults wasn't resolved properly: 'file:/root/astra_workspace/assets/Isaac/Props/Conveyors/Material%20Library/Metal/Textures/T_Metal_Glossy_A_Normal.png'
2026-08-15T02:13:20Z [22,276ms] [Warning] [omni.usd] USD_MDL: in ResolveResource at line 557 of ../../source/plugins/omni.usdMdl/neuray.cpp -- module: /root/astra_workspace/assets/Isaac/Props/Conveyors/Material Library/Plastic/Misc/Plastic_Yellow_A.mdl	function: Plastic_Yellow_A(color,texture_2d,float,float,float,color,float,float,texture_2d,float,float,texture_2d,float,bool,texture_2d,float,texture_2d,bool,color,texture_2d,texture_2d,float,bool,texture_2d,float,bool,::base::mono_mode,float,float,float,texture_2d,float,texture_2d,bool,bool,bool,bool,int,float2,float,float2,float2,float,float2,float,float,bool)	parameter: diffuse_texture	Unable to resolve MDL resource for: '/Z73file_3A/root/astra_workspace/assets/Isaac/Props/Conveyors/Z2CMaterial_2520Library/Plastic/Textures/T_Plastic_Yellow_A_Albedo.png'.

2026-08-15T02:13:20Z [22,276ms] [Warning] [omni.usd] USD_MDL: in ResolveResource at line 557 of ../../source/plugins/omni.usdMdl/neuray.cpp -- module: /root/astra_workspace/assets/Isaac/Props/Conveyors/Material Library/Plastic/Misc/Plastic_Yellow_A.mdl	function: Plastic_Yellow_A(color,texture_2d,float,float,float,color,float,float,texture_2d,float,float,texture_2d,float,bool,texture_2d,float,texture_2d,bool,color,texture_2d,texture_2d,float,bool,texture_2d,float,bool,::base::mono_mode,float,float,float,texture_2d,float,texture_2d,bool,bool,bool,bool,int,float2,float,float2,float2,float,float2,float,float,bool)	parameter: ORM_texture	Unable to resolve MDL resource for: '/Z73file_3A/root/astra_workspace/assets/Isaac/Props/Conveyors/Z2CMaterial_2520Library/Plastic/Textures/T_Plastic_Yellow_A_ORM.png'.

2026-08-15T02:13:20Z [22,277ms] [Warning] [omni.usd] USD_MDL: in ResolveResource at line 557 of ../../source/plugins/omni.usdMdl/neuray.cpp -- module: /root/astra_workspace/assets/Isaac/Props/Conveyors/Material Library/Plastic/Misc/Plastic_Yellow_A.mdl	function: Plastic_Yellow_A(color,texture_2d,float,float,float,color,float,float,texture_2d,float,float,texture_2d,float,bool,texture_2d,float,texture_2d,bool,color,texture_2d,texture_2d,float,bool,texture_2d,float,bool,::base::mono_mode,float,float,float,texture_2d,float,texture_2d,bool,bool,bool,bool,int,float2,float,float2,float2,float,float2,float,float,bool)	parameter: normalmap_texture	Unable to resolve MDL resource for: '/Z73file_3A/root/astra_workspace/assets/Isaac/Props/Conveyors/Z2CMaterial_2520Library/Plastic/Textures/T_Plastic_Yellow_A_Normal.png'.

2026-08-15T02:13:20Z [22,281ms] [Error] [rtx.mdltranslator.plugin] Texture file referenced in the material parameter defaults wasn't resolved properly: 'file:/root/astra_workspace/assets/Isaac/Props/Conveyors/Material%20Library/Plastic/Textures/T_Plastic_Yellow_A_ORM.png'
2026-08-15T02:13:20Z [22,281ms] [Error] [rtx.mdltranslator.plugin] Texture file referenced in the material parameter defaults wasn't resolved properly: 'file:/root/astra_workspace/assets/Isaac/Props/Conveyors/Material%20Library/Plastic/Textures/T_Plastic_Yellow_A_Albedo.png'
2026-08-15T02:13:20Z [22,281ms] [Error] [rtx.mdltranslator.plugin] Texture file referenced in the material parameter defaults wasn't resolved properly: 'file:/root/astra_workspace/assets/Isaac/Props/Conveyors/Material%20Library/Plastic/Textures/T_Plastic_Yellow_A_Normal.png'
2026-08-15T02:13:20Z [22,291ms] [Error] [rtx.mdltranslator.plugin] Texture file referenced in the material parameter defaults wasn't resolved properly: 'file:/root/astra_workspace/assets/Isaac/Props/Conveyors/Material%20Library/Plastic/Textures/T_Plastic_Yellow_A_ORM.png'
2026-08-15T02:13:20Z [22,291ms] [Error] [rtx.mdltranslator.plugin] Texture file referenced in the material parameter defaults wasn't resolved properly: 'file:/root/astra_workspace/assets/Isaac/Props/Conveyors/Material%20Library/Plastic/Textures/T_Plastic_Yellow_A_Albedo.png'
2026-08-15T02:13:20Z [22,292ms] [Error] [rtx.mdltranslator.plugin] Texture file referenced in the material parameter defaults wasn't resolved properly: 'file:/root/astra_workspace/assets/Isaac/Props/Conveyors/Material%20Library/Plastic/Textures/T_Plastic_Yellow_A_Normal.png'
2026-08-15T02:13:20Z [22,301ms] [Warning] [omni.usd] USD_MDL: in ResolveResource at line 557 of ../../source/plugins/omni.usdMdl/neuray.cpp -- module: /root/astra_workspace/assets/Isaac/Props/Conveyors/Material Library/Metal/Steel/Steel_A.mdl	function: Steel_A(color,texture_2d,float,float,float,color,float,float,texture_2d,float,float,texture_2d,float,bool,texture_2d,float,texture_2d,bool,color,texture_2d,texture_2d,float,bool,texture_2d,float,bool,::base::mono_mode,float,float,float,texture_2d,float,texture_2d,bool,bool,bool,bool,int,float2,float,float2,float2,float,float2,float,float,bool)	parameter: diffuse_texture	Unable to resolve MDL resource for: '/Z73file_3A/root/astra_workspace/assets/Isaac/Props/Conveyors/Z2CMaterial_2520Library/Metal/Textures/T_Steel_A1_Albedo.png'.

2026-08-15T02:13:20Z [22,302ms] [Warning] [omni.usd] USD_MDL: in ResolveResource at line 557 of ../../source/plugins/omni.usdMdl/neuray.cpp -- module: /root/astra_workspace/assets/Isaac/Props/Conveyors/Material Library/Metal/Steel/Steel_A.mdl	function: Steel_A(color,texture_2d,float,float,float,color,float,float,texture_2d,float,float,texture_2d,float,bool,texture_2d,float,texture_2d,bool,color,texture_2d,texture_2d,float,bool,texture_2d,float,bool,::base::mono_mode,float,float,float,texture_2d,float,texture_2d,bool,bool,bool,bool,int,float2,float,float2,float2,float,float2,float,float,bool)	parameter: ORM_texture	Unable to resolve MDL resource for: '/Z73file_3A/root/astra_workspace/assets/Isaac/Props/Conveyors/Z2CMaterial_2520Library/Metal/Textures/T_Steel_A1_ORM.png'.

2026-08-15T02:13:20Z [22,302ms] [Warning] [omni.usd] USD_MDL: in ResolveResource at line 557 of ../../source/plugins/omni.usdMdl/neuray.cpp -- module: /root/astra_workspace/assets/Isaac/Props/Conveyors/Material Library/Metal/Steel/Steel_A.mdl	function: Steel_A(color,texture_2d,float,float,float,color,float,float,texture_2d,float,float,texture_2d,float,bool,texture_2d,float,texture_2d,bool,color,texture_2d,texture_2d,float,bool,texture_2d,float,bool,::base::mono_mode,float,float,float,texture_2d,float,texture_2d,bool,bool,bool,bool,int,float2,float,float2,float2,float,float2,float,float,bool)	parameter: normalmap_texture	Unable to resolve MDL resource for: '/Z73file_3A/root/astra_workspace/assets/Isaac/Props/Conveyors/Z2CMaterial_2520Library/Metal/Textures/T_Steel_A1_Normal.png'.

2026-08-15T02:13:20Z [22,306ms] [Error] [rtx.mdltranslator.plugin] Texture file referenced in the material parameter defaults wasn't resolved properly: 'file:/root/astra_workspace/assets/Isaac/Props/Conveyors/Material%20Library/Metal/Textures/T_Steel_A1_ORM.png'
2026-08-15T02:13:20Z [22,307ms] [Error] [rtx.mdltranslator.plugin] Texture file referenced in the material parameter defaults wasn't resolved properly: 'file:/root/astra_workspace/assets/Isaac/Props/Conveyors/Material%20Library/Metal/Textures/T_Steel_A1_Albedo.png'
2026-08-15T02:13:20Z [22,307ms] [Error] [rtx.mdltranslator.plugin] Texture file referenced in the material parameter defaults wasn't resolved properly: 'file:/root/astra_workspace/assets/Isaac/Props/Conveyors/Material%20Library/Metal/Textures/T_Steel_A1_Normal.png'
2026-08-15T02:13:20Z [22,317ms] [Error] [rtx.mdltranslator.plugin] Texture file referenced in the material parameter defaults wasn't resolved properly: 'file:/root/astra_workspace/assets/Isaac/Props/Conveyors/Material%20Library/Metal/Textures/T_Steel_A1_ORM.png'
2026-08-15T02:13:20Z [22,318ms] [Error] [rtx.mdltranslator.plugin] Texture file referenced in the material parameter defaults wasn't resolved properly: 'file:/root/astra_workspace/assets/Isaac/Props/Conveyors/Material%20Library/Metal/Textures/T_Steel_A1_Albedo.png'
2026-08-15T02:13:20Z [22,319ms] [Error] [rtx.mdltranslator.plugin] Texture file referenced in the material parameter defaults wasn't resolved properly: 'file:/root/astra_workspace/assets/Isaac/Props/Conveyors/Material%20Library/Metal/Textures/T_Steel_A1_Normal.png'
2026-08-15T02:13:20Z [22,329ms] [Warning] [omni.usd] USD_MDL: in ResolveResource at line 557 of ../../source/plugins/omni.usdMdl/neuray.cpp -- module: /root/astra_workspace/assets/Isaac/Props/Conveyors/Material Library/Plastic/Misc/Plastic_Blue_A.mdl	function: Plastic_Blue_A(color,texture_2d,float,float,float,color,float,float,texture_2d,float,float,texture_2d,float,bool,texture_2d,float,texture_2d,bool,color,texture_2d,texture_2d,float,bool,texture_2d,float,bool,::base::mono_mode,float,float,float,texture_2d,float,texture_2d,bool,bool,bool,bool,int,float2,float,float2,float2,float,float2,float,float,bool)	parameter: diffuse_texture	Unable to resolve MDL resource for: '/Z73file_3A/root/astra_workspace/assets/Isaac/Props/Conveyors/Z2CMaterial_2520Library/Plastic/Textures/T_Plastic_Blue_A_Albedo.png'.

2026-08-15T02:13:20Z [22,329ms] [Warning] [omni.usd] USD_MDL: in ResolveResource at line 557 of ../../source/plugins/omni.usdMdl/neuray.cpp -- module: /root/astra_workspace/assets/Isaac/Props/Conveyors/Material Library/Plastic/Misc/Plastic_Blue_A.mdl	function: Plastic_Blue_A(color,texture_2d,float,float,float,color,float,float,texture_2d,float,float,texture_2d,float,bool,texture_2d,float,texture_2d,bool,color,texture_2d,texture_2d,float,bool,texture_2d,float,bool,::base::mono_mode,float,float,float,texture_2d,float,texture_2d,bool,bool,bool,bool,int,float2,float,float2,float2,float,float2,float,float,bool)	parameter: ORM_texture	Unable to resolve MDL resource for: '/Z73file_3A/root/astra_workspace/assets/Isaac/Props/Conveyors/Z2CMaterial_2520Library/Plastic/Textures/T_Plastic_Blue_A_ORM.png'.

2026-08-15T02:13:20Z [22,330ms] [Warning] [omni.usd] USD_MDL: in ResolveResource at line 557 of ../../source/plugins/omni.usdMdl/neuray.cpp -- module: /root/astra_workspace/assets/Isaac/Props/Conveyors/Material Library/Plastic/Misc/Plastic_Blue_A.mdl	function: Plastic_Blue_A(color,texture_2d,float,float,float,color,float,float,texture_2d,float,float,texture_2d,float,bool,texture_2d,float,texture_2d,bool,color,texture_2d,texture_2d,float,bool,texture_2d,float,bool,::base::mono_mode,float,float,float,texture_2d,float,texture_2d,bool,bool,bool,bool,int,float2,float,float2,float2,float,float2,float,float,bool)	parameter: normalmap_texture	Unable to resolve MDL resource for: '/Z73file_3A/root/astra_workspace/assets/Isaac/Props/Conveyors/Z2CMaterial_2520Library/Plastic/Textures/T_Plastic_Blue_A_Normal.png'.

2026-08-15T02:13:20Z [22,334ms] [Error] [rtx.mdltranslator.plugin] Texture file referenced in the material parameter defaults wasn't resolved properly: 'file:/root/astra_workspace/assets/Isaac/Props/Conveyors/Material%20Library/Plastic/Textures/T_Plastic_Blue_A_ORM.png'
2026-08-15T02:13:20Z [22,335ms] [Error] [rtx.mdltranslator.plugin] Texture file referenced in the material parameter defaults wasn't resolved properly: 'file:/root/astra_workspace/assets/Isaac/Props/Conveyors/Material%20Library/Plastic/Textures/T_Plastic_Blue_A_Albedo.png'
2026-08-15T02:13:20Z [22,335ms] [Error] [rtx.mdltranslator.plugin] Texture file referenced in the material parameter defaults wasn't resolved properly: 'file:/root/astra_workspace/assets/Isaac/Props/Conveyors/Material%20Library/Plastic/Textures/T_Plastic_Blue_A_Normal.png'
2026-08-15T02:13:20Z [22,347ms] [Error] [rtx.mdltranslator.plugin] Texture file referenced in the material parameter defaults wasn't resolved properly: 'file:/root/astra_workspace/assets/Isaac/Props/Conveyors/Material%20Library/Plastic/Textures/T_Plastic_Blue_A_ORM.png'
2026-08-15T02:13:20Z [22,347ms] [Error] [rtx.mdltranslator.plugin] Texture file referenced in the material parameter defaults wasn't resolved properly: 'file:/root/astra_workspace/assets/Isaac/Props/Conveyors/Material%20Library/Plastic/Textures/T_Plastic_Blue_A_Albedo.png'
2026-08-15T02:13:20Z [22,348ms] [Error] [rtx.mdltranslator.plugin] Texture file referenced in the material parameter defaults wasn't resolved properly: 'file:/root/astra_workspace/assets/Isaac/Props/Conveyors/Material%20Library/Plastic/Textures/T_Plastic_Blue_A_Normal.png'
2026-08-15T02:13:20Z [22,364ms] [Warning] [omni.usd] USD_MDL: in ResolveResource at line 557 of ../../source/plugins/omni.usdMdl/neuray.cpp -- module: /root/astra_workspace/assets/Isaac/Props/Conveyors/Material Library/Plastic/Misc/Plastic_Gray_A.mdl	function: Plastic_Gray_A(color,texture_2d,float,float,float,color,float,float,texture_2d,float,float,texture_2d,float,bool,texture_2d,float,texture_2d,bool,color,texture_2d,texture_2d,float,bool,texture_2d,float,bool,::base::mono_mode,float,float,float,texture_2d,float,texture_2d,bool,bool,bool,bool,int,float2,float,float2,float2,float,float2,float,float,bool)	parameter: diffuse_texture	Unable to resolve MDL resource for: '/Z73file_3A/root/astra_workspace/assets/Isaac/Props/Conveyors/Z2CMaterial_2520Library/Plastic/Textures/T_Plastic_Gray_A_Albedo.png'.

2026-08-15T02:13:20Z [22,365ms] [Warning] [omni.usd] USD_MDL: in ResolveResource at line 557 of ../../source/plugins/omni.usdMdl/neuray.cpp -- module: /root/astra_workspace/assets/Isaac/Props/Conveyors/Material Library/Plastic/Misc/Plastic_Gray_A.mdl	function: Plastic_Gray_A(color,texture_2d,float,float,float,color,float,float,texture_2d,float,float,texture_2d,float,bool,texture_2d,float,texture_2d,bool,color,texture_2d,texture_2d,float,bool,texture_2d,float,bool,::base::mono_mode,float,float,float,texture_2d,float,texture_2d,bool,bool,bool,bool,int,float2,float,float2,float2,float,float2,float,float,bool)	parameter: ORM_texture	Unable to resolve MDL resource for: '/Z73file_3A/root/astra_workspace/assets/Isaac/Props/Conveyors/Z2CMaterial_2520Library/Plastic/Textures/T_Plastic_Gray_A_ORM.png'.

2026-08-15T02:13:20Z [22,366ms] [Warning] [omni.usd] USD_MDL: in ResolveResource at line 557 of ../../source/plugins/omni.usdMdl/neuray.cpp -- module: /root/astra_workspace/assets/Isaac/Props/Conveyors/Material Library/Plastic/Misc/Plastic_Gray_A.mdl	function: Plastic_Gray_A(color,texture_2d,float,float,float,color,float,float,texture_2d,float,float,texture_2d,float,bool,texture_2d,float,texture_2d,bool,color,texture_2d,texture_2d,float,bool,texture_2d,float,bool,::base::mono_mode,float,float,float,texture_2d,float,texture_2d,bool,bool,bool,bool,int,float2,float,float2,float2,float,float2,float,float,bool)	parameter: normalmap_texture	Unable to resolve MDL resource for: '/Z73file_3A/root/astra_workspace/assets/Isaac/Props/Conveyors/Z2CMaterial_2520Library/Plastic/Textures/T_Plastic_Gray_A_Normal.png'.

2026-08-15T02:13:20Z [22,371ms] [Error] [rtx.mdltranslator.plugin] Texture file referenced in the material parameter defaults wasn't resolved properly: 'file:/root/astra_workspace/assets/Isaac/Props/Conveyors/Material%20Library/Plastic/Textures/T_Plastic_Gray_A_ORM.png'
2026-08-15T02:13:20Z [22,371ms] [Error] [rtx.mdltranslator.plugin] Texture file referenced in the material parameter defaults wasn't resolved properly: 'file:/root/astra_workspace/assets/Isaac/Props/Conveyors/Material%20Library/Plastic/Textures/T_Plastic_Gray_A_Albedo.png'
2026-08-15T02:13:20Z [22,371ms] [Error] [rtx.mdltranslator.plugin] Texture file referenced in the material parameter defaults wasn't resolved properly: 'file:/root/astra_workspace/assets/Isaac/Props/Conveyors/Material%20Library/Plastic/Textures/T_Plastic_Gray_A_Normal.png'
2026-08-15T02:13:20Z [22,386ms] [Error] [rtx.mdltranslator.plugin] Texture file referenced in the material parameter defaults wasn't resolved properly: 'file:/root/astra_workspace/assets/Isaac/Props/Conveyors/Material%20Library/Plastic/Textures/T_Plastic_Gray_A_ORM.png'
2026-08-15T02:13:20Z [22,386ms] [Error] [rtx.mdltranslator.plugin] Texture file referenced in the material parameter defaults wasn't resolved properly: 'file:/root/astra_workspace/assets/Isaac/Props/Conveyors/Material%20Library/Plastic/Textures/T_Plastic_Gray_A_Albedo.png'
2026-08-15T02:13:20Z [22,387ms] [Error] [rtx.mdltranslator.plugin] Texture file referenced in the material parameter defaults wasn't resolved properly: 'file:/root/astra_workspace/assets/Isaac/Props/Conveyors/Material%20Library/Plastic/Textures/T_Plastic_Gray_A_Normal.png'
/root/miniforge3/envs/coordex/lib/python3.11/site-packages/gymnasium/wrappers/rendering.py:296: UserWarning: [33mWARN: Overwriting existing videos at /root/coordex/videos/CoorDex-WalkPickTurn-Wuji-v0 folder (try specifying a different `video_folder` for the `RecordVideo` wrapper if this is not desired)[0m
  logger.warn(
[INFO] Task: CoorDex-WalkPickTurn-Wuji-v0
[INFO] Policy checkpoint: /root/coordex/ckpts/locomanip/walkpickturn_30k.pt
[INFO] Body prior: /root/coordex/ckpts/body_prior/walkpickturn_30k.pt
[INFO] Hand prior: /root/coordex/ckpts/hand_prior/active_wrist_20k.pt
[INFO]: Base environment:
	Environment device    : cuda:0
	Environment seed      : None
	Physics step-size     : 0.004166666666666667
	Rendering step-size   : 0.016666666666666666
	Environment step-size : 0.016666666666666666
[INFO]: Time taken for scene creation : 1.476426 seconds
[INFO]: Scene manager:  <class InteractiveScene>
	Number of environments: 1
	Environment spacing   : 5.0
	Source prim name      : /World/envs/env_0
	Global prim paths     : ['/World/ground']
	Replicate physics     : True
[INFO]: Starting the simulation. This may take a few seconds. Please wait...
[INFO]: Time taken for simulation start : 4.337787 seconds
[INFO] Command Manager:  <CommandManager> contains 1 active terms.
+------------------------------------------+
|           Active Command Terms           |
+-------+-------+--------------------------+
| Index | Name  |           Type           |
+-------+-------+--------------------------+
|   0   | stage | WalkPickTurnStageCommand |
+-------+-------+--------------------------+

[INFO] Event Manager:  <EventManager> contains 2 active terms.
+----------------------------------+
| Active Event Terms in Mode: 'reset' |
+-----------+----------------------+
|   Index   | Name                 |
+-----------+----------------------+
|     0     | reset_scene          |
+-----------+----------------------+
+--------------------------------------+
| Active Event Terms in Mode: 'startup' |
+----------+---------------------------+
|  Index   | Name                      |
+----------+---------------------------+
|    0     | physics_material          |
|    1     | base_com                  |
+----------+---------------------------+

[INFO] Recorder Manager:  <RecorderManager> contains 0 active terms.
+---------------------+
| Active Recorder Terms |
+-----------+---------+
|   Index   | Name    |
+-----------+---------+
+-----------+---------+

[INFO] Action Manager:  <ActionManager> contains 1 active terms.
+------------------------------------+
|  Active Action Terms (shape: 28)   |
+--------+-------------+-------------+
| Index  | Name        |   Dimension |
+--------+-------------+-------------+
|   0    | joint_pos   |          28 |
+--------+-------------+-------------+

[INFO] Observation Manager: <ObservationManager> contains 2 groups.
+------------------------------------------------------------+
| Active Observation Terms in Group: 'policy' (shape: (655,)) |
+----------+------------------------------------+------------+
|  Index   | Name                               |   Shape    |
+----------+------------------------------------+------------+
|    0     | stage                              |    (5,)    |
|    1     | projected_gravity                  |    (3,)    |
|    2     | humanoid_prior                     |   (465,)   |
|    3     | right_hand_prior                   |   (66,)    |
|    4     | last_latent                        |   (28,)    |
|    5     | fingertip_cube_forces              |   (15,)    |
|    6     | cube_pose                          |    (9,)    |
|    7     | source_table_pose                  |    (9,)    |
|    8     | target_table_pose                  |    (9,)    |
|    9     | target_region_pose                 |    (9,)    |
|    10    | cube_pose_in_hand                  |    (9,)    |
|    11    | body_prior_mean                    |   (16,)    |
|    12    | hand_prior_mean                    |   (12,)    |
+----------+------------------------------------+------------+
+------------------------------------------------------------+
| Active Observation Terms in Group: 'critic' (shape: (627,)) |
+----------+------------------------------------+------------+
|  Index   | Name                               |   Shape    |
+----------+------------------------------------+------------+
|    0     | stage                              |    (5,)    |
|    1     | projected_gravity                  |    (3,)    |
|    2     | humanoid_prior                     |   (465,)   |
|    3     | right_hand_prior                   |   (66,)    |
|    4     | last_latent                        |   (28,)    |
|    5     | fingertip_cube_forces              |   (15,)    |
|    6     | cube_pose                          |    (9,)    |
|    7     | source_table_pose                  |    (9,)    |
|    8     | target_table_pose                  |    (9,)    |
|    9     | target_region_pose                 |    (9,)    |
|    10    | cube_pose_in_hand                  |    (9,)    |
+----------+------------------------------------+------------+

[INFO] Termination Manager:  <TerminationManager> contains 6 active terms.
+------------------------------------------------+
|            Active Termination Terms            |
+-------+-----------------------------+----------+
| Index | Name                        | Time Out |
+-------+-----------------------------+----------+
|   0   | time_out                    |   True   |
|   1   | success                     |  False   |
|   2   | cube_dropped                |  False   |
|   3   | robot_root_state_blowup     |  False   |
|   4   | robot_joint_velocity_blowup |  False   |
|   5   | robot_fall                  |  False   |
+-------+-----------------------------+----------+

[INFO] Reward Manager:  <RewardManager> contains 28 active terms.
+-------------------------------------------------+
|               Active Reward Terms               |
+-------+--------------------------------+--------+
| Index | Name                           | Weight |
+-------+--------------------------------+--------+
|   0   | robot_object_distance          |   15.0 |
|   1   | stage_progress_bonus           |   50.0 |
|   2   | heading_to_object              |  -10.0 |
|   3   | right_hand_target_pose         |   15.0 |
|   4   | right_hand_prep_region_penalty |   -5.0 |
|   5   | right_hand_flat_stage0         |   -5.0 |
|   6   | keep_hand_origin               |    5.0 |
|   7   | hand_cube_distance             |   20.0 |
|   8   | fingertip_contact              |   10.0 |
|   9   | grasp_force                    |   10.0 |
|   10  | cube_lift_height               |   50.0 |
|   11  | hold_object                    |   20.0 |
|   12  | cube_not_lifted                |  -10.0 |
|   13  | cube_table_contact_move        |   -5.0 |
|   14  | cube_hand_rel_move             |   -5.0 |
|   15  | upright_orientation            |    5.0 |
|   16  | success_bonus                  | 1000.0 |
|   17  | action_rate_l2                 |  -0.01 |
|   18  | joint_action_rate_l2           |  -0.01 |
|   19  | left_arm_joint_velocity_l2     |  -0.01 |
|   20  | dof_velocity_l2                |  -0.01 |
|   21  | large_lin_vx                   |  -10.0 |
|   22  | large_lin_vy                   |  -10.0 |
|   23  | large_ang_vel                  |   -5.0 |
|   24  | feet_slip                      |   -5.0 |
|   25  | undesired_table_contacts       |  -10.0 |
|   26  | robot_fall_penalty             |  -10.0 |
|   27  | zero_vel_stage_1_4             |  -10.0 |
+-------+--------------------------------+--------+

[INFO] Curriculum Manager:  <CurriculumManager> contains 0 active terms.
+----------------------+
| Active Curriculum Terms |
+-----------+----------+
|   Index   | Name     |
+-----------+----------+
+-----------+----------+

[INFO]: Completed setting up the environment...
[INFO] Recording video.
        video_folder: /root/coordex/videos/CoorDex-WalkPickTurn-Wuji-v0
        step_trigger: lambda step: step == 0
        video_length: 900
        disable_logger: True
[W] object size=0.3,0.2,0.15 mass=0.6 ATTACH_DIST=0.24 (bimanual midpoint weld)
[W] s  25 attached=0/1 min_dist=0.985
[W] s  50 attached=0/1 min_dist=0.554
[W] step   67 env0 ATTACHED  dist=0.239  l_palm=[1.3986281156539917, 3.507197141647339, 0.7042473554611206]  r_palm=[1.7508443593978882, 3.116614818572998, 0.8605136871337891]
[W] s  75 attached=1/1 min_dist=0.238
[W] s 100 attached=1/1 min_dist=0.220
[W] s 125 attached=1/1 min_dist=0.237
[W] s 150 attached=1/1 min_dist=0.197
[W] s 175 attached=1/1 min_dist=0.184
[W] s 200 attached=1/1 min_dist=0.176
[W] s 225 attached=1/1 min_dist=0.172
[W] s 250 attached=1/1 min_dist=0.195
[W] s 275 attached=1/1 min_dist=0.203
[W] s 300 attached=1/1 min_dist=0.226
[W] s 325 attached=1/1 min_dist=0.216
[W] s 350 attached=1/1 min_dist=0.206
[W] s 375 attached=1/1 min_dist=0.200
[W] s 400 attached=1/1 min_dist=0.196
[W] s 425 attached=1/1 min_dist=0.191
[W] s 450 attached=1/1 min_dist=0.183
[W] s 475 attached=1/1 min_dist=0.188
[W] s 500 attached=1/1 min_dist=0.173
[W] s 525 attached=1/1 min_dist=0.185
[W] s 550 attached=1/1 min_dist=0.173
[W] s 575 attached=1/1 min_dist=0.175
[W] s 600 attached=0/1 min_dist=1.195
[W] step  601 env0 ATTACHED  dist=0.224  l_palm=[0.7759763598442078, 3.3231537342071533, 0.7069370746612549]  r_palm=[0.7764379382133484, 2.877105236053467, 0.7073889970779419]
[W] s 625 attached=1/1 min_dist=0.198
[W] s 650 attached=1/1 min_dist=0.176
[W] s 675 attached=1/1 min_dist=0.181
[W] s 700 attached=1/1 min_dist=0.190
[W] s 725 attached=1/1 min_dist=0.259
[W] s 750 attached=1/1 min_dist=0.255
[W] s 775 attached=1/1 min_dist=0.263
[W] s 800 attached=1/1 min_dist=0.263
[W] s 825 attached=1/1 min_dist=0.265
[W] s 850 attached=1/1 min_dist=0.255
[W] s 875 attached=1/1 min_dist=0.257
[W] s 900 attached=1/1 min_dist=0.261
[W] done. total attach events=2
2026-08-15T02:13:21Z [23,975ms] [Warning] [omni.syntheticdata.plugin] OgnSdPostRenderVarToHost : rendervar copy from texture directly to host buffer is counter-performant. Please use copy from texture to device buffer first.
2026-08-15T02:13:30Z [32,390ms] [Warning] [carb] Client gpu.foundation.plugin has acquired [gpu::unstable::IMemoryBudgetManagerFactory v0.1] 100 times. Consider accessing this interface with carb::getCachedInterface() (Performance warning)
