cat: '/sys/devices/system/cpu/cpu*/cpufreq/scaling_governor': No such file or directory
[Warning] [simulation_app.simulation_app] Modules: ['omni.kit_app'] were loaded before SimulationApp was started and might not be loaded correctly.
[Warning] [simulation_app.simulation_app] Please check to make sure no extra omniverse or pxr modules are imported before the call to SimulationApp(...)
Loading user config located at: '/root/miniforge3/envs/coordex/lib/python3.11/site-packages/omni/data/Kit/Isaac-Sim/5.0/user.config.json'
[Info] [carb] Logging to file: /root/miniforge3/envs/coordex/lib/python3.11/site-packages/omni/logs/Kit/Isaac-Sim/5.0/kit_20260815_073215.log
2026-08-15T02:02:15Z [217ms] [Warning] [carb.windowing-glfw.plugin] GLFW initialization failed.
2026-08-15T02:02:15Z [217ms] [Warning] [carb] Failed to startup plugin carb.windowing-glfw.plugin (interfaces: [carb::windowing::IGLContext v1.0],[carb::windowing::IWindowing v1.5]) (impl: carb.windowing-glfw.plugin)
2026-08-15T02:02:15Z [231ms] [Warning] [omni.platforminfo.plugin] failed to open the default display.  Can't verify X Server version.

|---------------------------------------------------------------------------------------------|
| Driver Version: 570.211.01    | Graphics API: Vulkan
|=============================================================================================|
| GPU | Name                             | Active | LDA | GPU Memory | Vendor-ID | LUID       |
|     |                                  |        |     |            | Device-ID | UUID       |
|     |                                  |        |     |            | Bus-ID    |            |
|---------------------------------------------------------------------------------------------|
| 0   | NVIDIA L4                        | Yes: 0 |     | 23034   MB | 10de      | 0          |
|     |                                  |        |     |            | 27b8      | bd8abbfe.. |
|     |                                  |        |     |            | 6         |            |
|=============================================================================================|
| OS: 22.04.5 LTS (Jammy Jellyfish) ubuntu, Version: 22.04.5, Kernel: 5.15.0-187-generic
| Processor: AMD EPYC 7543 32-Core Processor
| Cores: 8 | Logical Cores: 8
|---------------------------------------------------------------------------------------------|
| Total Memory (MB): 32087 | Free Memory: 30840
| Total Page/Swap (MB): 0 | Free Page/Swap: 0
|---------------------------------------------------------------------------------------------|
2026-08-15T02:02:16Z [1,135ms] [Warning] [gpu.foundation.plugin] ECC is enabled on physical device 0
2026-08-15T02:02:16Z [1,137ms] [Warning] [gpu.foundation.plugin] PCIe link width current (8) and maximum (16) for device 0 don't match.
2026-08-15T02:02:16Z [1,514ms] [Error] [omni.ext._impl.custom_importer] Failed to import python module omni.kit.test. Error: /lib/x86_64-linux-gnu/libstdc++.so.6: version `CXXABI_1.3.15' not found (required by /root/miniforge3/envs/coordex/lib/python3.11/lib-dynload/../.././libicui18n.so.78). Traceback:
Traceback (most recent call last):
  File "/root/miniforge3/envs/coordex/lib/python3.11/site-packages/omni/kernel/py/omni/ext/_impl/custom_importer.py", line 85, in import_module
    return importlib.import_module(name)
           ^^^^^^^^^^^^^^^^^^^^^^^^^^^^^
  File "/root/miniforge3/envs/coordex/lib/python3.11/importlib/__init__.py", line 126, in import_module
    return _bootstrap._gcd_import(name[level:], package, level)
           ^^^^^^^^^^^^^^^^^^^^^^^^^^^^^^^^^^^^^^^^^^^^^^^^^^^^
  File "<frozen importlib._bootstrap>", line 1204, in _gcd_import
  File "<frozen importlib._bootstrap>", line 1176, in _find_and_load
  File "<frozen importlib._bootstrap>", line 1147, in _find_and_load_unlocked
  File "<frozen importlib._bootstrap>", line 690, in _load_unlocked
  File "<frozen importlib._bootstrap_external>", line 940, in exec_module
  File "<frozen importlib._bootstrap>", line 241, in _call_with_frames_removed
  File "/root/miniforge3/envs/coordex/lib/python3.11/site-packages/isaacsim/extscache/omni.kit.test-2.0.1+8131b85d.lx64.r.cp311/omni/kit/test/__init__.py", line 7, in <module>
    from . import unittests
  File "/root/miniforge3/envs/coordex/lib/python3.11/site-packages/isaacsim/extscache/omni.kit.test-2.0.1+8131b85d.lx64.r.cp311/omni/kit/test/unittests.py", line 21, in <module>
    from .async_unittest import AsyncTestSuite, AsyncTextTestRunner, OmniTestResult, AsyncTestCase
  File "/root/miniforge3/envs/coordex/lib/python3.11/site-packages/isaacsim/extscache/omni.kit.test-2.0.1+8131b85d.lx64.r.cp311/omni/kit/test/async_unittest.py", line 25, in <module>
    from .reporter import TestReporter
  File "/root/miniforge3/envs/coordex/lib/python3.11/site-packages/isaacsim/extscache/omni.kit.test-2.0.1+8131b85d.lx64.r.cp311/omni/kit/test/reporter.py", line 27, in <module>
    from .test_coverage import generate_coverage_report
  File "/root/miniforge3/envs/coordex/lib/python3.11/site-packages/isaacsim/extscache/omni.kit.test-2.0.1+8131b85d.lx64.r.cp311/omni/kit/test/test_coverage.py", line 10, in <module>
    import coverage
  File "/root/miniforge3/envs/coordex/lib/python3.11/site-packages/coverage/__init__.py", line 24, in <module>
    from coverage.control import (
  File "/root/miniforge3/envs/coordex/lib/python3.11/site-packages/coverage/control.py", line 28, in <module>
    from coverage.collector import Collector, HAS_CTRACER
  File "/root/miniforge3/envs/coordex/lib/python3.11/site-packages/coverage/collector.py", line 19, in <module>
    from coverage.data import CoverageData
  File "/root/miniforge3/envs/coordex/lib/python3.11/site-packages/coverage/data.py", line 24, in <module>
    from coverage.sqldata import CoverageData
  File "/root/miniforge3/envs/coordex/lib/python3.11/site-packages/coverage/sqldata.py", line 16, in <module>
    import sqlite3
  File "/root/miniforge3/envs/coordex/lib/python3.11/sqlite3/__init__.py", line 57, in <module>
    from sqlite3.dbapi2 import *
  File "/root/miniforge3/envs/coordex/lib/python3.11/sqlite3/dbapi2.py", line 27, in <module>
    from _sqlite3 import *
ImportError: /lib/x86_64-linux-gnu/libstdc++.so.6: version `CXXABI_1.3.15' not found (required by /root/miniforge3/envs/coordex/lib/python3.11/lib-dynload/../.././libicui18n.so.78)

2026-08-15T02:02:16Z [1,514ms] [Error] [carb.scripting-python.plugin] Exception: Extension python module: 'omni.kit.test' in '/root/miniforge3/envs/coordex/lib/python3.11/site-packages/isaacsim/extscache/omni.kit.test-2.0.1+8131b85d.lx64.r.cp311' failed to load.

At:
  /root/miniforge3/envs/coordex/lib/python3.11/site-packages/omni/kernel/py/omni/ext/_impl/_internal.py(222): startup
  /root/miniforge3/envs/coordex/lib/python3.11/site-packages/omni/kernel/py/omni/ext/_impl/_internal.py(337): startup_extension
  PythonExtension.cpp::startup()(2): <module>
  /root/miniforge3/envs/coordex/lib/python3.11/site-packages/isaacsim/exts/isaacsim.simulation_app/isaacsim/simulation_app/simulation_app.py(466): _start_app
  /root/miniforge3/envs/coordex/lib/python3.11/site-packages/isaacsim/exts/isaacsim.simulation_app/isaacsim/simulation_app/simulation_app.py(230): __init__
  /root/IsaacLab/source/isaaclab/isaaclab/app/app_launcher.py(793): _create_app
  /root/IsaacLab/source/isaaclab/isaaclab/app/app_launcher.py(127): __init__
  /root/coordex/scripts/rsl_rl/play_weld.py(63): <module>

2026-08-15T02:02:16Z [1,514ms] [Error] [omni.ext.plugin] [ext: omni.kit.test-2.0.1] Failed to startup python extension.
2026-08-15T02:02:17Z [2,063ms] [Warning] [carb.windowing-glfw.plugin] GLFW initialization failed.
2026-08-15T02:02:17Z [2,063ms] [Warning] [carb] Failed to startup plugin carb.windowing-glfw.plugin (interfaces: [carb::windowing::IGLContext v1.0],[carb::windowing::IWindowing v1.5]) (impl: carb.windowing-glfw.plugin)
2026-08-15T02:02:17Z [2,088ms] [Warning] [carb.windowing-glfw.plugin] GLFW initialization failed.
2026-08-15T02:02:17Z [2,088ms] [Warning] [carb] Failed to startup plugin carb.windowing-glfw.plugin (interfaces: [carb::windowing::IGLContext v1.0],[carb::windowing::IWindowing v1.5]) (impl: carb.windowing-glfw.plugin)
2026-08-15T02:02:17Z [2,097ms] [Warning] [carb.windowing-glfw.plugin] GLFW initialization failed.
2026-08-15T02:02:17Z [2,097ms] [Warning] [carb] Failed to startup plugin carb.windowing-glfw.plugin (interfaces: [carb::windowing::IGLContext v1.0],[carb::windowing::IWindowing v1.5]) (impl: carb.windowing-glfw.plugin)
2026-08-15T02:02:17Z [2,121ms] [Warning] [carb.windowing-glfw.plugin] GLFW initialization failed.
2026-08-15T02:02:17Z [2,121ms] [Warning] [carb] Failed to startup plugin carb.windowing-glfw.plugin (interfaces: [carb::windowing::IGLContext v1.0],[carb::windowing::IWindowing v1.5]) (impl: carb.windowing-glfw.plugin)
2026-08-15T02:02:17Z [2,123ms] [Warning] [carb.windowing-glfw.plugin] GLFW initialization failed.
2026-08-15T02:02:17Z [2,123ms] [Warning] [carb] Failed to startup plugin carb.windowing-glfw.plugin (interfaces: [carb::windowing::IGLContext v1.0],[carb::windowing::IWindowing v1.5]) (impl: carb.windowing-glfw.plugin)
2026-08-15T02:02:17Z [2,124ms] [Warning] [carb.windowing-glfw.plugin] GLFW initialization failed.
2026-08-15T02:02:17Z [2,124ms] [Warning] [carb] Failed to startup plugin carb.windowing-glfw.plugin (interfaces: [carb::windowing::IGLContext v1.0],[carb::windowing::IWindowing v1.5]) (impl: carb.windowing-glfw.plugin)
2026-08-15T02:02:17Z [2,309ms] [Warning] [omni.log] Source: omni.hydra was already registered.
2026-08-15T02:02:17Z [2,641ms] [Error] [omni.ext._impl.custom_importer] Failed to import python module omni.kit.window.material_graph.tests. Error: /lib/x86_64-linux-gnu/libstdc++.so.6: version `CXXABI_1.3.15' not found (required by /root/miniforge3/envs/coordex/lib/python3.11/lib-dynload/../.././libicui18n.so.78). Traceback:
Traceback (most recent call last):
  File "/root/miniforge3/envs/coordex/lib/python3.11/site-packages/omni/kernel/py/omni/ext/_impl/custom_importer.py", line 85, in import_module
    return importlib.import_module(name)
           ^^^^^^^^^^^^^^^^^^^^^^^^^^^^^
  File "/root/miniforge3/envs/coordex/lib/python3.11/importlib/__init__.py", line 126, in import_module
    return _bootstrap._gcd_import(name[level:], package, level)
           ^^^^^^^^^^^^^^^^^^^^^^^^^^^^^^^^^^^^^^^^^^^^^^^^^^^^
  File "<frozen importlib._bootstrap>", line 1204, in _gcd_import
  File "<frozen importlib._bootstrap>", line 1176, in _find_and_load
  File "<frozen importlib._bootstrap>", line 1147, in _find_and_load_unlocked
  File "<frozen importlib._bootstrap>", line 690, in _load_unlocked
  File "<frozen importlib._bootstrap_external>", line 940, in exec_module
  File "<frozen importlib._bootstrap>", line 241, in _call_with_frames_removed
  File "/root/miniforge3/envs/coordex/lib/python3.11/site-packages/isaacsim/extscache/omni.kit.window.material_graph-1.8.23/omni/kit/window/material_graph/tests/__init__.py", line 9, in <module>
    from .material_graph_test import TestMaterialGraph
  File "/root/miniforge3/envs/coordex/lib/python3.11/site-packages/isaacsim/extscache/omni.kit.window.material_graph-1.8.23/omni/kit/window/material_graph/tests/material_graph_test.py", line 17, in <module>
    from omni.ui.tests.test_base import OmniUiTest
  File "/root/miniforge3/envs/coordex/lib/python3.11/site-packages/isaacsim/extscache/omni.ui-2.26.18+8131b85d.lx64.r.cp311/omni/ui/tests/__init__.py", line 10, in <module>
    from .test_canvasframe import TestCanvasFrame
  File "/root/miniforge3/envs/coordex/lib/python3.11/site-packages/isaacsim/extscache/omni.ui-2.26.18+8131b85d.lx64.r.cp311/omni/ui/tests/test_canvasframe.py", line 9, in <module>
    import omni.kit.test
  File "/root/miniforge3/envs/coordex/lib/python3.11/site-packages/isaacsim/extscache/omni.kit.test-2.0.1+8131b85d.lx64.r.cp311/omni/kit/test/__init__.py", line 7, in <module>
    from . import unittests
  File "/root/miniforge3/envs/coordex/lib/python3.11/site-packages/isaacsim/extscache/omni.kit.test-2.0.1+8131b85d.lx64.r.cp311/omni/kit/test/unittests.py", line 21, in <module>
    from .async_unittest import AsyncTestSuite, AsyncTextTestRunner, OmniTestResult, AsyncTestCase
  File "/root/miniforge3/envs/coordex/lib/python3.11/site-packages/isaacsim/extscache/omni.kit.test-2.0.1+8131b85d.lx64.r.cp311/omni/kit/test/async_unittest.py", line 25, in <module>
    from .reporter import TestReporter
  File "/root/miniforge3/envs/coordex/lib/python3.11/site-packages/isaacsim/extscache/omni.kit.test-2.0.1+8131b85d.lx64.r.cp311/omni/kit/test/reporter.py", line 27, in <module>
    from .test_coverage import generate_coverage_report
  File "/root/miniforge3/envs/coordex/lib/python3.11/site-packages/isaacsim/extscache/omni.kit.test-2.0.1+8131b85d.lx64.r.cp311/omni/kit/test/test_coverage.py", line 10, in <module>
    import coverage
  File "/root/miniforge3/envs/coordex/lib/python3.11/site-packages/coverage/__init__.py", line 24, in <module>
    from coverage.control import (
  File "/root/miniforge3/envs/coordex/lib/python3.11/site-packages/coverage/control.py", line 28, in <module>
    from coverage.collector import Collector, HAS_CTRACER
  File "/root/miniforge3/envs/coordex/lib/python3.11/site-packages/coverage/collector.py", line 19, in <module>
    from coverage.data import CoverageData
  File "/root/miniforge3/envs/coordex/lib/python3.11/site-packages/coverage/data.py", line 24, in <module>
    from coverage.sqldata import CoverageData
  File "/root/miniforge3/envs/coordex/lib/python3.11/site-packages/coverage/sqldata.py", line 16, in <module>
    import sqlite3
  File "/root/miniforge3/envs/coordex/lib/python3.11/sqlite3/__init__.py", line 57, in <module>
    from sqlite3.dbapi2 import *
  File "/root/miniforge3/envs/coordex/lib/python3.11/sqlite3/dbapi2.py", line 27, in <module>
    from _sqlite3 import *
ImportError: /lib/x86_64-linux-gnu/libstdc++.so.6: version `CXXABI_1.3.15' not found (required by /root/miniforge3/envs/coordex/lib/python3.11/lib-dynload/../.././libicui18n.so.78)

2026-08-15T02:02:17Z [2,641ms] [Error] [carb.scripting-python.plugin] Exception: Extension python module: 'omni.kit.window.material_graph.tests' in '/root/miniforge3/envs/coordex/lib/python3.11/site-packages/isaacsim/extscache/omni.kit.window.material_graph-1.8.23' failed to load.

At:
  /root/miniforge3/envs/coordex/lib/python3.11/site-packages/omni/kernel/py/omni/ext/_impl/_internal.py(222): startup
  /root/miniforge3/envs/coordex/lib/python3.11/site-packages/omni/kernel/py/omni/ext/_impl/_internal.py(337): startup_extension
  PythonExtension.cpp::startup()(2): <module>
  /root/miniforge3/envs/coordex/lib/python3.11/site-packages/isaacsim/exts/isaacsim.simulation_app/isaacsim/simulation_app/simulation_app.py(466): _start_app
  /root/miniforge3/envs/coordex/lib/python3.11/site-packages/isaacsim/exts/isaacsim.simulation_app/isaacsim/simulation_app/simulation_app.py(230): __init__
  /root/IsaacLab/source/isaaclab/isaaclab/app/app_launcher.py(793): _create_app
  /root/IsaacLab/source/isaaclab/isaaclab/app/app_launcher.py(127): __init__
  /root/coordex/scripts/rsl_rl/play_weld.py(63): <module>

2026-08-15T02:02:17Z [2,642ms] [Error] [omni.ext.plugin] [ext: omni.kit.window.material_graph-1.8.23] Failed to startup python extension.
2026-08-15T02:02:17Z [2,645ms] [Warning] [omni.kit.ui.editor_menu] remove_item menu Window/MDL Material Graph not found
2026-08-15T02:02:17Z [2,664ms] [Error] [omni.graph.tools._impl.internal.extension_contents_1_18] Exception while importing test omni.graph.scriptnode.ogn.tests.TestOgnScriptNode: Traceback (most recent call last):
  File "/root/miniforge3/envs/coordex/lib/python3.11/site-packages/isaacsim/extscache/omni.graph.tools-1.79.2+8131b85d/omni/graph/tools/_impl/internal/extension_contents_1_18.py", line 394, in do_import_test_definition
    test_module = load_module_from_file(test_module_name, test_file)
                  ^^^^^^^^^^^^^^^^^^^^^^^^^^^^^^^^^^^^^^^^^^^^^^^^^^
  File "/root/miniforge3/envs/coordex/lib/python3.11/site-packages/isaacsim/extscache/omni.graph.tools-1.79.2+8131b85d/omni/graph/tools/_impl/internal/file_utils.py", line 239, in load_module_from_file
    spec.loader.exec_module(module)
  File "<frozen importlib._bootstrap_external>", line 940, in exec_module
  File "<frozen importlib._bootstrap>", line 241, in _call_with_frames_removed
  File "/root/miniforge3/envs/coordex/lib/python3.11/site-packages/isaacsim/extscache/omni.graph.scriptnode-1.50.0+107.3.0/omni/graph/scriptnode/ogn/tests/TestOgnScriptNode.py", line 4, in <module>
    import omni.graph.core.tests as ogts
  File "/root/miniforge3/envs/coordex/lib/python3.11/site-packages/isaacsim/extscache/omni.graph-1.141.2+8131b85d.lx64.r.cp311/omni/graph/core/tests/__init__.py", line 20, in <module>
    from .omnigraph_test_utils import OmniGraphTestCase
  File "/root/miniforge3/envs/coordex/lib/python3.11/site-packages/isaacsim/extscache/omni.graph-1.141.2+8131b85d.lx64.r.cp311/omni/graph/core/tests/omnigraph_test_utils.py", line 198, in <module>
    OmniGraphTestCase = test_case_class()
                        ^^^^^^^^^^^^^^^^^
  File "/root/miniforge3/envs/coordex/lib/python3.11/site-packages/isaacsim/extscache/omni.graph-1.141.2+8131b85d.lx64.r.cp311/omni/graph/core/tests/omnigraph_test_utils.py", line 135, in test_case_class
    base_class = omni.kit.test.AsyncTestCase
                 ^^^^^^^^^^^^^
AttributeError: module 'omni.kit' has no attribute 'test'

2026-08-15T02:02:18Z [2,819ms] [Warning] [omni.isaac.dynamic_control] omni.isaac.dynamic_control is deprecated as of Isaac Sim 4.5. No action is needed from end-users.
2026-08-15T02:02:18Z [3,328ms] [Error] [omni.graph.tools._impl.internal.extension_contents_1_18] Exception while importing test omni.graph.action_nodes.ogn.tests.TestOgnOnLoaded: Traceback (most recent call last):
  File "/root/miniforge3/envs/coordex/lib/python3.11/site-packages/isaacsim/extscache/omni.graph.tools-1.79.2+8131b85d/omni/graph/tools/_impl/internal/extension_contents_1_18.py", line 394, in do_import_test_definition
    test_module = load_module_from_file(test_module_name, test_file)
                  ^^^^^^^^^^^^^^^^^^^^^^^^^^^^^^^^^^^^^^^^^^^^^^^^^^
  File "/root/miniforge3/envs/coordex/lib/python3.11/site-packages/isaacsim/extscache/omni.graph.tools-1.79.2+8131b85d/omni/graph/tools/_impl/internal/file_utils.py", line 239, in load_module_from_file
    spec.loader.exec_module(module)
  File "<frozen importlib._bootstrap_external>", line 940, in exec_module
  File "<frozen importlib._bootstrap>", line 241, in _call_with_frames_removed
  File "/root/miniforge3/envs/coordex/lib/python3.11/site-packages/isaacsim/extscache/omni.graph.action_nodes-1.50.4+107.3.0.lx64.r.cp311.u353/omni/graph/action_nodes/ogn/tests/TestOgnOnLoaded.py", line 4, in <module>
    import omni.graph.core.tests as ogts
  File "/root/miniforge3/envs/coordex/lib/python3.11/site-packages/isaacsim/extscache/omni.graph-1.141.2+8131b85d.lx64.r.cp311/omni/graph/core/tests/__init__.py", line 20, in <module>
    from .omnigraph_test_utils import OmniGraphTestCase
  File "/root/miniforge3/envs/coordex/lib/python3.11/site-packages/isaacsim/extscache/omni.graph-1.141.2+8131b85d.lx64.r.cp311/omni/graph/core/tests/omnigraph_test_utils.py", line 198, in <module>
    OmniGraphTestCase = test_case_class()
                        ^^^^^^^^^^^^^^^^^
  File "/root/miniforge3/envs/coordex/lib/python3.11/site-packages/isaacsim/extscache/omni.graph-1.141.2+8131b85d.lx64.r.cp311/omni/graph/core/tests/omnigraph_test_utils.py", line 135, in test_case_class
    base_class = omni.kit.test.AsyncTestCase
                 ^^^^^^^^^^^^^
AttributeError: cannot access submodule 'test' of module 'omni.kit' (most likely due to a circular import)

2026-08-15T02:02:18Z [3,336ms] [Error] [omni.graph.tools._impl.internal.extension_contents_1_18] Exception while importing test omni.graph.action_nodes.ogn.tests.TestOgnOnObjectChange: Traceback (most recent call last):
  File "/root/miniforge3/envs/coordex/lib/python3.11/site-packages/isaacsim/extscache/omni.graph.tools-1.79.2+8131b85d/omni/graph/tools/_impl/internal/extension_contents_1_18.py", line 394, in do_import_test_definition
    test_module = load_module_from_file(test_module_name, test_file)
                  ^^^^^^^^^^^^^^^^^^^^^^^^^^^^^^^^^^^^^^^^^^^^^^^^^^
  File "/root/miniforge3/envs/coordex/lib/python3.11/site-packages/isaacsim/extscache/omni.graph.tools-1.79.2+8131b85d/omni/graph/tools/_impl/internal/file_utils.py", line 239, in load_module_from_file
    spec.loader.exec_module(module)
  File "<frozen importlib._bootstrap_external>", line 940, in exec_module
  File "<frozen importlib._bootstrap>", line 241, in _call_with_frames_removed
  File "/root/miniforge3/envs/coordex/lib/python3.11/site-packages/isaacsim/extscache/omni.graph.action_nodes-1.50.4+107.3.0.lx64.r.cp311.u353/omni/graph/action_nodes/ogn/tests/TestOgnOnObjectChange.py", line 4, in <module>
    import omni.graph.core.tests as ogts
  File "/root/miniforge3/envs/coordex/lib/python3.11/site-packages/isaacsim/extscache/omni.graph-1.141.2+8131b85d.lx64.r.cp311/omni/graph/core/tests/__init__.py", line 20, in <module>
    from .omnigraph_test_utils import OmniGraphTestCase
  File "/root/miniforge3/envs/coordex/lib/python3.11/site-packages/isaacsim/extscache/omni.graph-1.141.2+8131b85d.lx64.r.cp311/omni/graph/core/tests/omnigraph_test_utils.py", line 198, in <module>
    OmniGraphTestCase = test_case_class()
                        ^^^^^^^^^^^^^^^^^
  File "/root/miniforge3/envs/coordex/lib/python3.11/site-packages/isaacsim/extscache/omni.graph-1.141.2+8131b85d.lx64.r.cp311/omni/graph/core/tests/omnigraph_test_utils.py", line 135, in test_case_class
    base_class = omni.kit.test.AsyncTestCase
                 ^^^^^^^^^^^^^
AttributeError: cannot access submodule 'test' of module 'omni.kit' (most likely due to a circular import)

2026-08-15T02:02:18Z [3,338ms] [Error] [omni.graph.tools._impl.internal.extension_contents_1_18] Exception while importing test omni.graph.action_nodes.ogn.tests.TestOgnForEach: Traceback (most recent call last):
  File "/root/miniforge3/envs/coordex/lib/python3.11/site-packages/isaacsim/extscache/omni.graph.tools-1.79.2+8131b85d/omni/graph/tools/_impl/internal/extension_contents_1_18.py", line 394, in do_import_test_definition
    test_module = load_module_from_file(test_module_name, test_file)
                  ^^^^^^^^^^^^^^^^^^^^^^^^^^^^^^^^^^^^^^^^^^^^^^^^^^
  File "/root/miniforge3/envs/coordex/lib/python3.11/site-packages/isaacsim/extscache/omni.graph.tools-1.79.2+8131b85d/omni/graph/tools/_impl/internal/file_utils.py", line 239, in load_module_from_file
    spec.loader.exec_module(module)
  File "<frozen importlib._bootstrap_external>", line 940, in exec_module
  File "<frozen importlib._bootstrap>", line 241, in _call_with_frames_removed
  File "/root/miniforge3/envs/coordex/lib/python3.11/site-packages/isaacsim/extscache/omni.graph.action_nodes-1.50.4+107.3.0.lx64.r.cp311.u353/omni/graph/action_nodes/ogn/tests/TestOgnForEach.py", line 4, in <module>
    import omni.graph.core.tests as ogts
  File "/root/miniforge3/envs/coordex/lib/python3.11/site-packages/isaacsim/extscache/omni.graph-1.141.2+8131b85d.lx64.r.cp311/omni/graph/core/tests/__init__.py", line 20, in <module>
    from .omnigraph_test_utils import OmniGraphTestCase
  File "/root/miniforge3/envs/coordex/lib/python3.11/site-packages/isaacsim/extscache/omni.graph-1.141.2+8131b85d.lx64.r.cp311/omni/graph/core/tests/omnigraph_test_utils.py", line 198, in <module>
    OmniGraphTestCase = test_case_class()
                        ^^^^^^^^^^^^^^^^^
  File "/root/miniforge3/envs/coordex/lib/python3.11/site-packages/isaacsim/extscache/omni.graph-1.141.2+8131b85d.lx64.r.cp311/omni/graph/core/tests/omnigraph_test_utils.py", line 135, in test_case_class
    base_class = omni.kit.test.AsyncTestCase
                 ^^^^^^^^^^^^^
AttributeError: cannot access submodule 'test' of module 'omni.kit' (most likely due to a circular import)

2026-08-15T02:02:18Z [3,345ms] [Error] [omni.graph.tools._impl.internal.extension_contents_1_18] Exception while importing test omni.graph.action_nodes.ogn.tests.TestOgnForEachTarget: Traceback (most recent call last):
  File "/root/miniforge3/envs/coordex/lib/python3.11/site-packages/isaacsim/extscache/omni.graph.tools-1.79.2+8131b85d/omni/graph/tools/_impl/internal/extension_contents_1_18.py", line 394, in do_import_test_definition
    test_module = load_module_from_file(test_module_name, test_file)
                  ^^^^^^^^^^^^^^^^^^^^^^^^^^^^^^^^^^^^^^^^^^^^^^^^^^
  File "/root/miniforge3/envs/coordex/lib/python3.11/site-packages/isaacsim/extscache/omni.graph.tools-1.79.2+8131b85d/omni/graph/tools/_impl/internal/file_utils.py", line 239, in load_module_from_file
    spec.loader.exec_module(module)
  File "<frozen importlib._bootstrap_external>", line 940, in exec_module
  File "<frozen importlib._bootstrap>", line 241, in _call_with_frames_removed
  File "/root/miniforge3/envs/coordex/lib/python3.11/site-packages/isaacsim/extscache/omni.graph.action_nodes-1.50.4+107.3.0.lx64.r.cp311.u353/omni/graph/action_nodes/ogn/tests/TestOgnForEachTarget.py", line 4, in <module>
    import omni.graph.core.tests as ogts
  File "/root/miniforge3/envs/coordex/lib/python3.11/site-packages/isaacsim/extscache/omni.graph-1.141.2+8131b85d.lx64.r.cp311/omni/graph/core/tests/__init__.py", line 20, in <module>
    from .omnigraph_test_utils import OmniGraphTestCase
  File "/root/miniforge3/envs/coordex/lib/python3.11/site-packages/isaacsim/extscache/omni.graph-1.141.2+8131b85d.lx64.r.cp311/omni/graph/core/tests/omnigraph_test_utils.py", line 198, in <module>
    OmniGraphTestCase = test_case_class()
                        ^^^^^^^^^^^^^^^^^
  File "/root/miniforge3/envs/coordex/lib/python3.11/site-packages/isaacsim/extscache/omni.graph-1.141.2+8131b85d.lx64.r.cp311/omni/graph/core/tests/omnigraph_test_utils.py", line 135, in test_case_class
    base_class = omni.kit.test.AsyncTestCase
                 ^^^^^^^^^^^^^
AttributeError: cannot access submodule 'test' of module 'omni.kit' (most likely due to a circular import)

2026-08-15T02:02:18Z [3,349ms] [Error] [omni.graph.tools._impl.internal.extension_contents_1_18] Exception while importing test omni.graph.action_nodes.ogn.tests.TestOgnOnMouseInput: Traceback (most recent call last):
  File "/root/miniforge3/envs/coordex/lib/python3.11/site-packages/isaacsim/extscache/omni.graph.tools-1.79.2+8131b85d/omni/graph/tools/_impl/internal/extension_contents_1_18.py", line 394, in do_import_test_definition
    test_module = load_module_from_file(test_module_name, test_file)
                  ^^^^^^^^^^^^^^^^^^^^^^^^^^^^^^^^^^^^^^^^^^^^^^^^^^
  File "/root/miniforge3/envs/coordex/lib/python3.11/site-packages/isaacsim/extscache/omni.graph.tools-1.79.2+8131b85d/omni/graph/tools/_impl/internal/file_utils.py", line 239, in load_module_from_file
    spec.loader.exec_module(module)
  File "<frozen importlib._bootstrap_external>", line 940, in exec_module
  File "<frozen importlib._bootstrap>", line 241, in _call_with_frames_removed
  File "/root/miniforge3/envs/coordex/lib/python3.11/site-packages/isaacsim/extscache/omni.graph.action_nodes-1.50.4+107.3.0.lx64.r.cp311.u353/omni/graph/action_nodes/ogn/tests/TestOgnOnMouseInput.py", line 4, in <module>
    import omni.graph.core.tests as ogts
  File "/root/miniforge3/envs/coordex/lib/python3.11/site-packages/isaacsim/extscache/omni.graph-1.141.2+8131b85d.lx64.r.cp311/omni/graph/core/tests/__init__.py", line 20, in <module>
    from .omnigraph_test_utils import OmniGraphTestCase
  File "/root/miniforge3/envs/coordex/lib/python3.11/site-packages/isaacsim/extscache/omni.graph-1.141.2+8131b85d.lx64.r.cp311/omni/graph/core/tests/omnigraph_test_utils.py", line 198, in <module>
    OmniGraphTestCase = test_case_class()
                        ^^^^^^^^^^^^^^^^^
  File "/root/miniforge3/envs/coordex/lib/python3.11/site-packages/isaacsim/extscache/omni.graph-1.141.2+8131b85d.lx64.r.cp311/omni/graph/core/tests/omnigraph_test_utils.py", line 135, in test_case_class
    base_class = omni.kit.test.AsyncTestCase
                 ^^^^^^^^^^^^^
AttributeError: cannot access submodule 'test' of module 'omni.kit' (most likely due to a circular import)

2026-08-15T02:02:18Z [3,374ms] [Error] [omni.graph.tools._impl.internal.extension_contents_1_18] Exception while importing test omni.graph.action_nodes.ogn.tests.TestOgnBranch: Traceback (most recent call last):
  File "/root/miniforge3/envs/coordex/lib/python3.11/site-packages/isaacsim/extscache/omni.graph.tools-1.79.2+8131b85d/omni/graph/tools/_impl/internal/extension_contents_1_18.py", line 394, in do_import_test_definition
    test_module = load_module_from_file(test_module_name, test_file)
                  ^^^^^^^^^^^^^^^^^^^^^^^^^^^^^^^^^^^^^^^^^^^^^^^^^^
  File "/root/miniforge3/envs/coordex/lib/python3.11/site-packages/isaacsim/extscache/omni.graph.tools-1.79.2+8131b85d/omni/graph/tools/_impl/internal/file_utils.py", line 239, in load_module_from_file
    spec.loader.exec_module(module)
  File "<frozen importlib._bootstrap_external>", line 940, in exec_module
  File "<frozen importlib._bootstrap>", line 241, in _call_with_frames_removed
  File "/root/miniforge3/envs/coordex/lib/python3.11/site-packages/isaacsim/extscache/omni.graph.action_nodes-1.50.4+107.3.0.lx64.r.cp311.u353/omni/graph/action_nodes/ogn/tests/TestOgnBranch.py", line 4, in <module>
    import omni.graph.core.tests as ogts
ImportError: cannot import name 'tests' from 'omni.graph.core' (/root/miniforge3/envs/coordex/lib/python3.11/site-packages/isaacsim/extscache/omni.graph-1.141.2+8131b85d.lx64.r.cp311/omni/graph/core/__init__.py)

2026-08-15T02:02:18Z [3,375ms] [Error] [omni.graph.tools._impl.internal.extension_contents_1_18] Exception while importing test omni.graph.action_nodes.ogn.tests.TestOgnAddPrimRelationship: Traceback (most recent call last):
  File "/root/miniforge3/envs/coordex/lib/python3.11/site-packages/isaacsim/extscache/omni.graph.tools-1.79.2+8131b85d/omni/graph/tools/_impl/internal/extension_contents_1_18.py", line 394, in do_import_test_definition
    test_module = load_module_from_file(test_module_name, test_file)
                  ^^^^^^^^^^^^^^^^^^^^^^^^^^^^^^^^^^^^^^^^^^^^^^^^^^
  File "/root/miniforge3/envs/coordex/lib/python3.11/site-packages/isaacsim/extscache/omni.graph.tools-1.79.2+8131b85d/omni/graph/tools/_impl/internal/file_utils.py", line 239, in load_module_from_file
    spec.loader.exec_module(module)
  File "<frozen importlib._bootstrap_external>", line 940, in exec_module
  File "<frozen importlib._bootstrap>", line 241, in _call_with_frames_removed
  File "/root/miniforge3/envs/coordex/lib/python3.11/site-packages/isaacsim/extscache/omni.graph.action_nodes-1.50.4+107.3.0.lx64.r.cp311.u353/omni/graph/action_nodes/ogn/tests/TestOgnAddPrimRelationship.py", line 4, in <module>
    import omni.graph.core.tests as ogts
ImportError: cannot import name 'tests' from 'omni.graph.core' (/root/miniforge3/envs/coordex/lib/python3.11/site-packages/isaacsim/extscache/omni.graph-1.141.2+8131b85d.lx64.r.cp311/omni/graph/core/__init__.py)

2026-08-15T02:02:18Z [3,380ms] [Error] [omni.graph.tools._impl.internal.extension_contents_1_18] Exception while importing test omni.graph.action_nodes.ogn.tests.TestOgnMultisequence: Traceback (most recent call last):
  File "/root/miniforge3/envs/coordex/lib/python3.11/site-packages/isaacsim/extscache/omni.graph.tools-1.79.2+8131b85d/omni/graph/tools/_impl/internal/extension_contents_1_18.py", line 394, in do_import_test_definition
    test_module = load_module_from_file(test_module_name, test_file)
                  ^^^^^^^^^^^^^^^^^^^^^^^^^^^^^^^^^^^^^^^^^^^^^^^^^^
  File "/root/miniforge3/envs/coordex/lib/python3.11/site-packages/isaacsim/extscache/omni.graph.tools-1.79.2+8131b85d/omni/graph/tools/_impl/internal/file_utils.py", line 239, in load_module_from_file
    spec.loader.exec_module(module)
  File "<frozen importlib._bootstrap_external>", line 940, in exec_module
  File "<frozen importlib._bootstrap>", line 241, in _call_with_frames_removed
  File "/root/miniforge3/envs/coordex/lib/python3.11/site-packages/isaacsim/extscache/omni.graph.action_nodes-1.50.4+107.3.0.lx64.r.cp311.u353/omni/graph/action_nodes/ogn/tests/TestOgnMultisequence.py", line 4, in <module>
    import omni.graph.core.tests as ogts
  File "/root/miniforge3/envs/coordex/lib/python3.11/site-packages/isaacsim/extscache/omni.graph-1.141.2+8131b85d.lx64.r.cp311/omni/graph/core/tests/__init__.py", line 20, in <module>
    from .omnigraph_test_utils import OmniGraphTestCase
  File "/root/miniforge3/envs/coordex/lib/python3.11/site-packages/isaacsim/extscache/omni.graph-1.141.2+8131b85d.lx64.r.cp311/omni/graph/core/tests/omnigraph_test_utils.py", line 198, in <module>
    OmniGraphTestCase = test_case_class()
                        ^^^^^^^^^^^^^^^^^
  File "/root/miniforge3/envs/coordex/lib/python3.11/site-packages/isaacsim/extscache/omni.graph-1.141.2+8131b85d.lx64.r.cp311/omni/graph/core/tests/omnigraph_test_utils.py", line 135, in test_case_class
    base_class = omni.kit.test.AsyncTestCase
                 ^^^^^^^^^^^^^
AttributeError: module 'omni.kit' has no attribute 'test'

2026-08-15T02:02:18Z [3,387ms] [Error] [omni.graph.tools._impl.internal.extension_contents_1_18] Exception while importing test omni.graph.action_nodes.ogn.tests.TestOgnSequence: Traceback (most recent call last):
  File "/root/miniforge3/envs/coordex/lib/python3.11/site-packages/isaacsim/extscache/omni.graph.tools-1.79.2+8131b85d/omni/graph/tools/_impl/internal/extension_contents_1_18.py", line 394, in do_import_test_definition
    test_module = load_module_from_file(test_module_name, test_file)
                  ^^^^^^^^^^^^^^^^^^^^^^^^^^^^^^^^^^^^^^^^^^^^^^^^^^
  File "/root/miniforge3/envs/coordex/lib/python3.11/site-packages/isaacsim/extscache/omni.graph.tools-1.79.2+8131b85d/omni/graph/tools/_impl/internal/file_utils.py", line 239, in load_module_from_file
    spec.loader.exec_module(module)
  File "<frozen importlib._bootstrap_external>", line 940, in exec_module
  File "<frozen importlib._bootstrap>", line 241, in _call_with_frames_removed
  File "/root/miniforge3/envs/coordex/lib/python3.11/site-packages/isaacsim/extscache/omni.graph.action_nodes-1.50.4+107.3.0.lx64.r.cp311.u353/omni/graph/action_nodes/ogn/tests/TestOgnSequence.py", line 2, in <module>
    import omni.kit.test
  File "/root/miniforge3/envs/coordex/lib/python3.11/site-packages/isaacsim/extscache/omni.kit.test-2.0.1+8131b85d.lx64.r.cp311/omni/kit/test/__init__.py", line 7, in <module>
    from . import unittests
  File "/root/miniforge3/envs/coordex/lib/python3.11/site-packages/isaacsim/extscache/omni.kit.test-2.0.1+8131b85d.lx64.r.cp311/omni/kit/test/unittests.py", line 21, in <module>
    from .async_unittest import AsyncTestSuite, AsyncTextTestRunner, OmniTestResult, AsyncTestCase
  File "/root/miniforge3/envs/coordex/lib/python3.11/site-packages/isaacsim/extscache/omni.kit.test-2.0.1+8131b85d.lx64.r.cp311/omni/kit/test/async_unittest.py", line 25, in <module>
    from .reporter import TestReporter
  File "/root/miniforge3/envs/coordex/lib/python3.11/site-packages/isaacsim/extscache/omni.kit.test-2.0.1+8131b85d.lx64.r.cp311/omni/kit/test/reporter.py", line 27, in <module>
    from .test_coverage import generate_coverage_report
  File "/root/miniforge3/envs/coordex/lib/python3.11/site-packages/isaacsim/extscache/omni.kit.test-2.0.1+8131b85d.lx64.r.cp311/omni/kit/test/test_coverage.py", line 10, in <module>
    import coverage
  File "/root/miniforge3/envs/coordex/lib/python3.11/site-packages/coverage/__init__.py", line 24, in <module>
    from coverage.control import (
  File "/root/miniforge3/envs/coordex/lib/python3.11/site-packages/coverage/control.py", line 28, in <module>
    from coverage.collector import Collector, HAS_CTRACER
  File "/root/miniforge3/envs/coordex/lib/python3.11/site-packages/coverage/collector.py", line 19, in <module>
    from coverage.data import CoverageData
  File "/root/miniforge3/envs/coordex/lib/python3.11/site-packages/coverage/data.py", line 24, in <module>
    from coverage.sqldata import CoverageData
  File "/root/miniforge3/envs/coordex/lib/python3.11/site-packages/coverage/sqldata.py", line 16, in <module>
    import sqlite3
  File "/root/miniforge3/envs/coordex/lib/python3.11/sqlite3/__init__.py", line 57, in <module>
    from sqlite3.dbapi2 import *
  File "/root/miniforge3/envs/coordex/lib/python3.11/sqlite3/dbapi2.py", line 27, in <module>
    from _sqlite3 import *
ImportError: /lib/x86_64-linux-gnu/libstdc++.so.6: version `CXXABI_1.3.15' not found (required by /root/miniforge3/envs/coordex/lib/python3.11/lib-dynload/../.././libicui18n.so.78)

2026-08-15T02:02:18Z [3,394ms] [Error] [omni.graph.tools._impl.internal.extension_contents_1_18] Exception while importing test omni.graph.action_nodes.ogn.tests.TestOgnOnClosing: Traceback (most recent call last):
  File "/root/miniforge3/envs/coordex/lib/python3.11/site-packages/isaacsim/extscache/omni.graph.tools-1.79.2+8131b85d/omni/graph/tools/_impl/internal/extension_contents_1_18.py", line 394, in do_import_test_definition
    test_module = load_module_from_file(test_module_name, test_file)
                  ^^^^^^^^^^^^^^^^^^^^^^^^^^^^^^^^^^^^^^^^^^^^^^^^^^
  File "/root/miniforge3/envs/coordex/lib/python3.11/site-packages/isaacsim/extscache/omni.graph.tools-1.79.2+8131b85d/omni/graph/tools/_impl/internal/file_utils.py", line 239, in load_module_from_file
    spec.loader.exec_module(module)
  File "<frozen importlib._bootstrap_external>", line 940, in exec_module
  File "<frozen importlib._bootstrap>", line 241, in _call_with_frames_removed
  File "/root/miniforge3/envs/coordex/lib/python3.11/site-packages/isaacsim/extscache/omni.graph.action_nodes-1.50.4+107.3.0.lx64.r.cp311.u353/omni/graph/action_nodes/ogn/tests/TestOgnOnClosing.py", line 4, in <module>
    import omni.graph.core.tests as ogts
  File "/root/miniforge3/envs/coordex/lib/python3.11/site-packages/isaacsim/extscache/omni.graph-1.141.2+8131b85d.lx64.r.cp311/omni/graph/core/tests/__init__.py", line 20, in <module>
    from .omnigraph_test_utils import OmniGraphTestCase
  File "/root/miniforge3/envs/coordex/lib/python3.11/site-packages/isaacsim/extscache/omni.graph-1.141.2+8131b85d.lx64.r.cp311/omni/graph/core/tests/omnigraph_test_utils.py", line 198, in <module>
    OmniGraphTestCase = test_case_class()
                        ^^^^^^^^^^^^^^^^^
  File "/root/miniforge3/envs/coordex/lib/python3.11/site-packages/isaacsim/extscache/omni.graph-1.141.2+8131b85d.lx64.r.cp311/omni/graph/core/tests/omnigraph_test_utils.py", line 135, in test_case_class
    base_class = omni.kit.test.AsyncTestCase
                 ^^^^^^^^^^^^^
AttributeError: cannot access submodule 'test' of module 'omni.kit' (most likely due to a circular import)

2026-08-15T02:02:18Z [3,419ms] [Error] [omni.graph.tools._impl.internal.extension_contents_1_18] Exception while importing test omni.graph.action_nodes.ogn.tests.TestOgnOnce: Traceback (most recent call last):
  File "/root/miniforge3/envs/coordex/lib/python3.11/site-packages/isaacsim/extscache/omni.graph.tools-1.79.2+8131b85d/omni/graph/tools/_impl/internal/extension_contents_1_18.py", line 394, in do_import_test_definition
    test_module = load_module_from_file(test_module_name, test_file)
                  ^^^^^^^^^^^^^^^^^^^^^^^^^^^^^^^^^^^^^^^^^^^^^^^^^^
  File "/root/miniforge3/envs/coordex/lib/python3.11/site-packages/isaacsim/extscache/omni.graph.tools-1.79.2+8131b85d/omni/graph/tools/_impl/internal/file_utils.py", line 239, in load_module_from_file
    spec.loader.exec_module(module)
  File "<frozen importlib._bootstrap_external>", line 940, in exec_module
  File "<frozen importlib._bootstrap>", line 241, in _call_with_frames_removed
  File "/root/miniforge3/envs/coordex/lib/python3.11/site-packages/isaacsim/extscache/omni.graph.action_nodes-1.50.4+107.3.0.lx64.r.cp311.u353/omni/graph/action_nodes/ogn/tests/TestOgnOnce.py", line 2, in <module>
    import omni.kit.test
  File "/root/miniforge3/envs/coordex/lib/python3.11/site-packages/isaacsim/extscache/omni.kit.test-2.0.1+8131b85d.lx64.r.cp311/omni/kit/test/__init__.py", line 7, in <module>
    from . import unittests
  File "/root/miniforge3/envs/coordex/lib/python3.11/site-packages/isaacsim/extscache/omni.kit.test-2.0.1+8131b85d.lx64.r.cp311/omni/kit/test/unittests.py", line 21, in <module>
    from .async_unittest import AsyncTestSuite, AsyncTextTestRunner, OmniTestResult, AsyncTestCase
  File "/root/miniforge3/envs/coordex/lib/python3.11/site-packages/isaacsim/extscache/omni.kit.test-2.0.1+8131b85d.lx64.r.cp311/omni/kit/test/async_unittest.py", line 25, in <module>
    from .reporter import TestReporter
  File "/root/miniforge3/envs/coordex/lib/python3.11/site-packages/isaacsim/extscache/omni.kit.test-2.0.1+8131b85d.lx64.r.cp311/omni/kit/test/reporter.py", line 27, in <module>
    from .test_coverage import generate_coverage_report
  File "/root/miniforge3/envs/coordex/lib/python3.11/site-packages/isaacsim/extscache/omni.kit.test-2.0.1+8131b85d.lx64.r.cp311/omni/kit/test/test_coverage.py", line 10, in <module>
    import coverage
  File "/root/miniforge3/envs/coordex/lib/python3.11/site-packages/coverage/__init__.py", line 24, in <module>
    from coverage.control import (
  File "/root/miniforge3/envs/coordex/lib/python3.11/site-packages/coverage/control.py", line 28, in <module>
    from coverage.collector import Collector, HAS_CTRACER
  File "/root/miniforge3/envs/coordex/lib/python3.11/site-packages/coverage/collector.py", line 19, in <module>
    from coverage.data import CoverageData
  File "/root/miniforge3/envs/coordex/lib/python3.11/site-packages/coverage/data.py", line 24, in <module>
    from coverage.sqldata import CoverageData
  File "/root/miniforge3/envs/coordex/lib/python3.11/site-packages/coverage/sqldata.py", line 16, in <module>
    import sqlite3
  File "/root/miniforge3/envs/coordex/lib/python3.11/sqlite3/__init__.py", line 57, in <module>
    from sqlite3.dbapi2 import *
  File "/root/miniforge3/envs/coordex/lib/python3.11/sqlite3/dbapi2.py", line 27, in <module>
    from _sqlite3 import *
ImportError: /lib/x86_64-linux-gnu/libstdc++.so.6: version `CXXABI_1.3.15' not found (required by /root/miniforge3/envs/coordex/lib/python3.11/lib-dynload/../.././libicui18n.so.78)

2026-08-15T02:02:18Z [3,422ms] [Error] [omni.graph.tools._impl.internal.extension_contents_1_18] Exception while importing test omni.graph.action_nodes.ogn.tests.TestOgnOnMessageBusEvent: Traceback (most recent call last):
  File "/root/miniforge3/envs/coordex/lib/python3.11/site-packages/isaacsim/extscache/omni.graph.tools-1.79.2+8131b85d/omni/graph/tools/_impl/internal/extension_contents_1_18.py", line 394, in do_import_test_definition
    test_module = load_module_from_file(test_module_name, test_file)
                  ^^^^^^^^^^^^^^^^^^^^^^^^^^^^^^^^^^^^^^^^^^^^^^^^^^
  File "/root/miniforge3/envs/coordex/lib/python3.11/site-packages/isaacsim/extscache/omni.graph.tools-1.79.2+8131b85d/omni/graph/tools/_impl/internal/file_utils.py", line 239, in load_module_from_file
    spec.loader.exec_module(module)
  File "<frozen importlib._bootstrap_external>", line 940, in exec_module
  File "<frozen importlib._bootstrap>", line 241, in _call_with_frames_removed
  File "/root/miniforge3/envs/coordex/lib/python3.11/site-packages/isaacsim/extscache/omni.graph.action_nodes-1.50.4+107.3.0.lx64.r.cp311.u353/omni/graph/action_nodes/ogn/tests/TestOgnOnMessageBusEvent.py", line 4, in <module>
    import omni.graph.core.tests as ogts
  File "/root/miniforge3/envs/coordex/lib/python3.11/site-packages/isaacsim/extscache/omni.graph-1.141.2+8131b85d.lx64.r.cp311/omni/graph/core/tests/__init__.py", line 20, in <module>
    from .omnigraph_test_utils import OmniGraphTestCase
  File "/root/miniforge3/envs/coordex/lib/python3.11/site-packages/isaacsim/extscache/omni.graph-1.141.2+8131b85d.lx64.r.cp311/omni/graph/core/tests/omnigraph_test_utils.py", line 198, in <module>
    OmniGraphTestCase = test_case_class()
                        ^^^^^^^^^^^^^^^^^
  File "/root/miniforge3/envs/coordex/lib/python3.11/site-packages/isaacsim/extscache/omni.graph-1.141.2+8131b85d.lx64.r.cp311/omni/graph/core/tests/omnigraph_test_utils.py", line 135, in test_case_class
    base_class = omni.kit.test.AsyncTestCase
                 ^^^^^^^^^^^^^
AttributeError: cannot access submodule 'test' of module 'omni.kit' (most likely due to a circular import)

2026-08-15T02:02:18Z [3,427ms] [Error] [omni.graph.tools._impl.internal.extension_contents_1_18] Exception while importing test omni.graph.action_nodes.ogn.tests.TestOgnOnCustomEvent: Traceback (most recent call last):
  File "/root/miniforge3/envs/coordex/lib/python3.11/site-packages/isaacsim/extscache/omni.graph.tools-1.79.2+8131b85d/omni/graph/tools/_impl/internal/extension_contents_1_18.py", line 394, in do_import_test_definition
    test_module = load_module_from_file(test_module_name, test_file)
                  ^^^^^^^^^^^^^^^^^^^^^^^^^^^^^^^^^^^^^^^^^^^^^^^^^^
  File "/root/miniforge3/envs/coordex/lib/python3.11/site-packages/isaacsim/extscache/omni.graph.tools-1.79.2+8131b85d/omni/graph/tools/_impl/internal/file_utils.py", line 239, in load_module_from_file
    spec.loader.exec_module(module)
  File "<frozen importlib._bootstrap_external>", line 940, in exec_module
  File "<frozen importlib._bootstrap>", line 241, in _call_with_frames_removed
  File "/root/miniforge3/envs/coordex/lib/python3.11/site-packages/isaacsim/extscache/omni.graph.action_nodes-1.50.4+107.3.0.lx64.r.cp311.u353/omni/graph/action_nodes/ogn/tests/TestOgnOnCustomEvent.py", line 4, in <module>
    import omni.graph.core.tests as ogts
ImportError: cannot import name 'tests' from 'omni.graph.core' (/root/miniforge3/envs/coordex/lib/python3.11/site-packages/isaacsim/extscache/omni.graph-1.141.2+8131b85d.lx64.r.cp311/omni/graph/core/__init__.py)

2026-08-15T02:02:18Z [3,428ms] [Error] [omni.graph.tools._impl.internal.extension_contents_1_18] Exception while importing test omni.graph.action_nodes.ogn.tests.TestOgnRationalTimeSyncGate: Traceback (most recent call last):
  File "/root/miniforge3/envs/coordex/lib/python3.11/site-packages/isaacsim/extscache/omni.graph.tools-1.79.2+8131b85d/omni/graph/tools/_impl/internal/extension_contents_1_18.py", line 394, in do_import_test_definition
    test_module = load_module_from_file(test_module_name, test_file)
                  ^^^^^^^^^^^^^^^^^^^^^^^^^^^^^^^^^^^^^^^^^^^^^^^^^^
  File "/root/miniforge3/envs/coordex/lib/python3.11/site-packages/isaacsim/extscache/omni.graph.tools-1.79.2+8131b85d/omni/graph/tools/_impl/internal/file_utils.py", line 239, in load_module_from_file
    spec.loader.exec_module(module)
  File "<frozen importlib._bootstrap_external>", line 940, in exec_module
  File "<frozen importlib._bootstrap>", line 241, in _call_with_frames_removed
  File "/root/miniforge3/envs/coordex/lib/python3.11/site-packages/isaacsim/extscache/omni.graph.action_nodes-1.50.4+107.3.0.lx64.r.cp311.u353/omni/graph/action_nodes/ogn/tests/TestOgnRationalTimeSyncGate.py", line 4, in <module>
    import omni.graph.core.tests as ogts
ImportError: cannot import name 'tests' from 'omni.graph.core' (/root/miniforge3/envs/coordex/lib/python3.11/site-packages/isaacsim/extscache/omni.graph-1.141.2+8131b85d.lx64.r.cp311/omni/graph/core/__init__.py)

2026-08-15T02:02:18Z [3,464ms] [Error] [omni.graph.tools._impl.internal.extension_contents_1_18] Exception while importing test omni.graph.action_nodes.ogn.tests.TestOgnMultigate: Traceback (most recent call last):
  File "/root/miniforge3/envs/coordex/lib/python3.11/site-packages/isaacsim/extscache/omni.graph.tools-1.79.2+8131b85d/omni/graph/tools/_impl/internal/extension_contents_1_18.py", line 394, in do_import_test_definition
    test_module = load_module_from_file(test_module_name, test_file)
                  ^^^^^^^^^^^^^^^^^^^^^^^^^^^^^^^^^^^^^^^^^^^^^^^^^^
  File "/root/miniforge3/envs/coordex/lib/python3.11/site-packages/isaacsim/extscache/omni.graph.tools-1.79.2+8131b85d/omni/graph/tools/_impl/internal/file_utils.py", line 239, in load_module_from_file
    spec.loader.exec_module(module)
  File "<frozen importlib._bootstrap_external>", line 940, in exec_module
  File "<frozen importlib._bootstrap>", line 241, in _call_with_frames_removed
  File "/root/miniforge3/envs/coordex/lib/python3.11/site-packages/isaacsim/extscache/omni.graph.action_nodes-1.50.4+107.3.0.lx64.r.cp311.u353/omni/graph/action_nodes/ogn/tests/TestOgnMultigate.py", line 2, in <module>
    import omni.kit.test
  File "/root/miniforge3/envs/coordex/lib/python3.11/site-packages/isaacsim/extscache/omni.kit.test-2.0.1+8131b85d.lx64.r.cp311/omni/kit/test/__init__.py", line 7, in <module>
    from . import unittests
  File "/root/miniforge3/envs/coordex/lib/python3.11/site-packages/isaacsim/extscache/omni.kit.test-2.0.1+8131b85d.lx64.r.cp311/omni/kit/test/unittests.py", line 21, in <module>
    from .async_unittest import AsyncTestSuite, AsyncTextTestRunner, OmniTestResult, AsyncTestCase
  File "/root/miniforge3/envs/coordex/lib/python3.11/site-packages/isaacsim/extscache/omni.kit.test-2.0.1+8131b85d.lx64.r.cp311/omni/kit/test/async_unittest.py", line 25, in <module>
    from .reporter import TestReporter
  File "/root/miniforge3/envs/coordex/lib/python3.11/site-packages/isaacsim/extscache/omni.kit.test-2.0.1+8131b85d.lx64.r.cp311/omni/kit/test/reporter.py", line 27, in <module>
    from .test_coverage import generate_coverage_report
  File "/root/miniforge3/envs/coordex/lib/python3.11/site-packages/isaacsim/extscache/omni.kit.test-2.0.1+8131b85d.lx64.r.cp311/omni/kit/test/test_coverage.py", line 10, in <module>
    import coverage
  File "/root/miniforge3/envs/coordex/lib/python3.11/site-packages/coverage/__init__.py", line 24, in <module>
    from coverage.control import (
  File "/root/miniforge3/envs/coordex/lib/python3.11/site-packages/coverage/control.py", line 28, in <module>
    from coverage.collector import Collector, HAS_CTRACER
  File "/root/miniforge3/envs/coordex/lib/python3.11/site-packages/coverage/collector.py", line 19, in <module>
    from coverage.data import CoverageData
  File "/root/miniforge3/envs/coordex/lib/python3.11/site-packages/coverage/data.py", line 24, in <module>
    from coverage.sqldata import CoverageData
  File "/root/miniforge3/envs/coordex/lib/python3.11/site-packages/coverage/sqldata.py", line 16, in <module>
    import sqlite3
  File "/root/miniforge3/envs/coordex/lib/python3.11/sqlite3/__init__.py", line 57, in <module>
    from sqlite3.dbapi2 import *
  File "/root/miniforge3/envs/coordex/lib/python3.11/sqlite3/dbapi2.py", line 27, in <module>
    from _sqlite3 import *
ImportError: /lib/x86_64-linux-gnu/libstdc++.so.6: version `CXXABI_1.3.15' not found (required by /root/miniforge3/envs/coordex/lib/python3.11/lib-dynload/../.././libicui18n.so.78)

2026-08-15T02:02:18Z [3,472ms] [Error] [omni.graph.tools._impl.internal.extension_contents_1_18] Exception while importing test omni.graph.action_nodes.ogn.tests.TestOgnGate: Traceback (most recent call last):
  File "/root/miniforge3/envs/coordex/lib/python3.11/site-packages/isaacsim/extscache/omni.graph.tools-1.79.2+8131b85d/omni/graph/tools/_impl/internal/extension_contents_1_18.py", line 394, in do_import_test_definition
    test_module = load_module_from_file(test_module_name, test_file)
                  ^^^^^^^^^^^^^^^^^^^^^^^^^^^^^^^^^^^^^^^^^^^^^^^^^^
  File "/root/miniforge3/envs/coordex/lib/python3.11/site-packages/isaacsim/extscache/omni.graph.tools-1.79.2+8131b85d/omni/graph/tools/_impl/internal/file_utils.py", line 239, in load_module_from_file
    spec.loader.exec_module(module)
  File "<frozen importlib._bootstrap_external>", line 940, in exec_module
  File "<frozen importlib._bootstrap>", line 241, in _call_with_frames_removed
  File "/root/miniforge3/envs/coordex/lib/python3.11/site-packages/isaacsim/extscache/omni.graph.action_nodes-1.50.4+107.3.0.lx64.r.cp311.u353/omni/graph/action_nodes/ogn/tests/TestOgnGate.py", line 4, in <module>
    import omni.graph.core.tests as ogts
ImportError: cannot import name 'tests' from 'omni.graph.core' (/root/miniforge3/envs/coordex/lib/python3.11/site-packages/isaacsim/extscache/omni.graph-1.141.2+8131b85d.lx64.r.cp311/omni/graph/core/__init__.py)

2026-08-15T02:02:18Z [3,475ms] [Error] [omni.graph.tools._impl.internal.extension_contents_1_18] Exception while importing test omni.graph.action_nodes.ogn.tests.TestOgnSyncGate: Traceback (most recent call last):
  File "/root/miniforge3/envs/coordex/lib/python3.11/site-packages/isaacsim/extscache/omni.graph.tools-1.79.2+8131b85d/omni/graph/tools/_impl/internal/extension_contents_1_18.py", line 394, in do_import_test_definition
    test_module = load_module_from_file(test_module_name, test_file)
                  ^^^^^^^^^^^^^^^^^^^^^^^^^^^^^^^^^^^^^^^^^^^^^^^^^^
  File "/root/miniforge3/envs/coordex/lib/python3.11/site-packages/isaacsim/extscache/omni.graph.tools-1.79.2+8131b85d/omni/graph/tools/_impl/internal/file_utils.py", line 239, in load_module_from_file
    spec.loader.exec_module(module)
  File "<frozen importlib._bootstrap_external>", line 940, in exec_module
  File "<frozen importlib._bootstrap>", line 241, in _call_with_frames_removed
  File "/root/miniforge3/envs/coordex/lib/python3.11/site-packages/isaacsim/extscache/omni.graph.action_nodes-1.50.4+107.3.0.lx64.r.cp311.u353/omni/graph/action_nodes/ogn/tests/TestOgnSyncGate.py", line 4, in <module>
    import omni.graph.core.tests as ogts
  File "/root/miniforge3/envs/coordex/lib/python3.11/site-packages/isaacsim/extscache/omni.graph-1.141.2+8131b85d.lx64.r.cp311/omni/graph/core/tests/__init__.py", line 20, in <module>
    from .omnigraph_test_utils import OmniGraphTestCase
  File "/root/miniforge3/envs/coordex/lib/python3.11/site-packages/isaacsim/extscache/omni.graph-1.141.2+8131b85d.lx64.r.cp311/omni/graph/core/tests/omnigraph_test_utils.py", line 198, in <module>
    OmniGraphTestCase = test_case_class()
                        ^^^^^^^^^^^^^^^^^
  File "/root/miniforge3/envs/coordex/lib/python3.11/site-packages/isaacsim/extscache/omni.graph-1.141.2+8131b85d.lx64.r.cp311/omni/graph/core/tests/omnigraph_test_utils.py", line 135, in test_case_class
    base_class = omni.kit.test.AsyncTestCase
                 ^^^^^^^^^^^^^
AttributeError: module 'omni.kit' has no attribute 'test'

2026-08-15T02:02:18Z [3,477ms] [Error] [omni.graph.tools._impl.internal.extension_contents_1_18] Exception while importing test omni.graph.action_nodes.ogn.tests.TestOgnOnTick: Traceback (most recent call last):
  File "/root/miniforge3/envs/coordex/lib/python3.11/site-packages/isaacsim/extscache/omni.graph.tools-1.79.2+8131b85d/omni/graph/tools/_impl/internal/extension_contents_1_18.py", line 394, in do_import_test_definition
    test_module = load_module_from_file(test_module_name, test_file)
                  ^^^^^^^^^^^^^^^^^^^^^^^^^^^^^^^^^^^^^^^^^^^^^^^^^^
  File "/root/miniforge3/envs/coordex/lib/python3.11/site-packages/isaacsim/extscache/omni.graph.tools-1.79.2+8131b85d/omni/graph/tools/_impl/internal/file_utils.py", line 239, in load_module_from_file
    spec.loader.exec_module(module)
  File "<frozen importlib._bootstrap_external>", line 940, in exec_module
  File "<frozen importlib._bootstrap>", line 241, in _call_with_frames_removed
  File "/root/miniforge3/envs/coordex/lib/python3.11/site-packages/isaacsim/extscache/omni.graph.action_nodes-1.50.4+107.3.0.lx64.r.cp311.u353/omni/graph/action_nodes/ogn/tests/TestOgnOnTick.py", line 4, in <module>
    import omni.graph.core.tests as ogts
ImportError: cannot import name 'tests' from 'omni.graph.core' (/root/miniforge3/envs/coordex/lib/python3.11/site-packages/isaacsim/extscache/omni.graph-1.141.2+8131b85d.lx64.r.cp311/omni/graph/core/__init__.py)

2026-08-15T02:02:18Z [3,478ms] [Error] [omni.graph.tools._impl.internal.extension_contents_1_18] Exception while importing test omni.graph.action_nodes.ogn.tests.TestOgnOnImpulseEvent: Traceback (most recent call last):
  File "/root/miniforge3/envs/coordex/lib/python3.11/site-packages/isaacsim/extscache/omni.graph.tools-1.79.2+8131b85d/omni/graph/tools/_impl/internal/extension_contents_1_18.py", line 394, in do_import_test_definition
    test_module = load_module_from_file(test_module_name, test_file)
                  ^^^^^^^^^^^^^^^^^^^^^^^^^^^^^^^^^^^^^^^^^^^^^^^^^^
  File "/root/miniforge3/envs/coordex/lib/python3.11/site-packages/isaacsim/extscache/omni.graph.tools-1.79.2+8131b85d/omni/graph/tools/_impl/internal/file_utils.py", line 239, in load_module_from_file
    spec.loader.exec_module(module)
  File "<frozen importlib._bootstrap_external>", line 940, in exec_module
  File "<frozen importlib._bootstrap>", line 241, in _call_with_frames_removed
  File "/root/miniforge3/envs/coordex/lib/python3.11/site-packages/isaacsim/extscache/omni.graph.action_nodes-1.50.4+107.3.0.lx64.r.cp311.u353/omni/graph/action_nodes/ogn/tests/TestOgnOnImpulseEvent.py", line 4, in <module>
    import omni.graph.core.tests as ogts
  File "/root/miniforge3/envs/coordex/lib/python3.11/site-packages/isaacsim/extscache/omni.graph-1.141.2+8131b85d.lx64.r.cp311/omni/graph/core/tests/__init__.py", line 20, in <module>
    from .omnigraph_test_utils import OmniGraphTestCase
  File "/root/miniforge3/envs/coordex/lib/python3.11/site-packages/isaacsim/extscache/omni.graph-1.141.2+8131b85d.lx64.r.cp311/omni/graph/core/tests/omnigraph_test_utils.py", line 198, in <module>
    OmniGraphTestCase = test_case_class()
                        ^^^^^^^^^^^^^^^^^
  File "/root/miniforge3/envs/coordex/lib/python3.11/site-packages/isaacsim/extscache/omni.graph-1.141.2+8131b85d.lx64.r.cp311/omni/graph/core/tests/omnigraph_test_utils.py", line 135, in test_case_class
    base_class = omni.kit.test.AsyncTestCase
                 ^^^^^^^^^^^^^
AttributeError: module 'omni.kit' has no attribute 'test'

2026-08-15T02:02:18Z [3,478ms] [Error] [omni.graph.tools._impl.internal.extension_contents_1_18] Exception while importing test omni.graph.action_nodes.ogn.tests.TestOgnOnKeyboardInput: Traceback (most recent call last):
  File "/root/miniforge3/envs/coordex/lib/python3.11/site-packages/isaacsim/extscache/omni.graph.tools-1.79.2+8131b85d/omni/graph/tools/_impl/internal/extension_contents_1_18.py", line 394, in do_import_test_definition
    test_module = load_module_from_file(test_module_name, test_file)
                  ^^^^^^^^^^^^^^^^^^^^^^^^^^^^^^^^^^^^^^^^^^^^^^^^^^
  File "/root/miniforge3/envs/coordex/lib/python3.11/site-packages/isaacsim/extscache/omni.graph.tools-1.79.2+8131b85d/omni/graph/tools/_impl/internal/file_utils.py", line 239, in load_module_from_file
    spec.loader.exec_module(module)
  File "<frozen importlib._bootstrap_external>", line 940, in exec_module
  File "<frozen importlib._bootstrap>", line 241, in _call_with_frames_removed
  File "/root/miniforge3/envs/coordex/lib/python3.11/site-packages/isaacsim/extscache/omni.graph.action_nodes-1.50.4+107.3.0.lx64.r.cp311.u353/omni/graph/action_nodes/ogn/tests/TestOgnOnKeyboardInput.py", line 4, in <module>
    import omni.graph.core.tests as ogts
ImportError: cannot import name 'tests' from 'omni.graph.core' (/root/miniforge3/envs/coordex/lib/python3.11/site-packages/isaacsim/extscache/omni.graph-1.141.2+8131b85d.lx64.r.cp311/omni/graph/core/__init__.py)

2026-08-15T02:02:18Z [3,480ms] [Error] [omni.graph.tools._impl.internal.extension_contents_1_18] Exception while importing test omni.graph.action_nodes.ogn.tests.TestOgnOnVariableChange: Traceback (most recent call last):
  File "/root/miniforge3/envs/coordex/lib/python3.11/site-packages/isaacsim/extscache/omni.graph.tools-1.79.2+8131b85d/omni/graph/tools/_impl/internal/extension_contents_1_18.py", line 394, in do_import_test_definition
    test_module = load_module_from_file(test_module_name, test_file)
                  ^^^^^^^^^^^^^^^^^^^^^^^^^^^^^^^^^^^^^^^^^^^^^^^^^^
  File "/root/miniforge3/envs/coordex/lib/python3.11/site-packages/isaacsim/extscache/omni.graph.tools-1.79.2+8131b85d/omni/graph/tools/_impl/internal/file_utils.py", line 239, in load_module_from_file
    spec.loader.exec_module(module)
  File "<frozen importlib._bootstrap_external>", line 940, in exec_module
  File "<frozen importlib._bootstrap>", line 241, in _call_with_frames_removed
  File "/root/miniforge3/envs/coordex/lib/python3.11/site-packages/isaacsim/extscache/omni.graph.action_nodes-1.50.4+107.3.0.lx64.r.cp311.u353/omni/graph/action_nodes/ogn/tests/TestOgnOnVariableChange.py", line 4, in <module>
    import omni.graph.core.tests as ogts
ImportError: cannot import name 'tests' from 'omni.graph.core' (/root/miniforge3/envs/coordex/lib/python3.11/site-packages/isaacsim/extscache/omni.graph-1.141.2+8131b85d.lx64.r.cp311/omni/graph/core/__init__.py)

2026-08-15T02:02:18Z [3,481ms] [Error] [omni.graph.tools._impl.internal.extension_contents_1_18] Exception while importing test omni.graph.action_nodes.ogn.tests.TestOgnOnPlaybackTick: Traceback (most recent call last):
  File "/root/miniforge3/envs/coordex/lib/python3.11/site-packages/isaacsim/extscache/omni.graph.tools-1.79.2+8131b85d/omni/graph/tools/_impl/internal/extension_contents_1_18.py", line 394, in do_import_test_definition
    test_module = load_module_from_file(test_module_name, test_file)
                  ^^^^^^^^^^^^^^^^^^^^^^^^^^^^^^^^^^^^^^^^^^^^^^^^^^
  File "/root/miniforge3/envs/coordex/lib/python3.11/site-packages/isaacsim/extscache/omni.graph.tools-1.79.2+8131b85d/omni/graph/tools/_impl/internal/file_utils.py", line 239, in load_module_from_file
    spec.loader.exec_module(module)
  File "<frozen importlib._bootstrap_external>", line 940, in exec_module
  File "<frozen importlib._bootstrap>", line 241, in _call_with_frames_removed
  File "/root/miniforge3/envs/coordex/lib/python3.11/site-packages/isaacsim/extscache/omni.graph.action_nodes-1.50.4+107.3.0.lx64.r.cp311.u353/omni/graph/action_nodes/ogn/tests/TestOgnOnPlaybackTick.py", line 4, in <module>
    import omni.graph.core.tests as ogts
ImportError: cannot import name 'tests' from 'omni.graph.core' (/root/miniforge3/envs/coordex/lib/python3.11/site-packages/isaacsim/extscache/omni.graph-1.141.2+8131b85d.lx64.r.cp311/omni/graph/core/__init__.py)

2026-08-15T02:02:18Z [3,483ms] [Error] [omni.graph.tools._impl.internal.extension_contents_1_18] Exception while importing test omni.graph.action_nodes.ogn.tests.TestOgnSendCustomEvent: Traceback (most recent call last):
  File "/root/miniforge3/envs/coordex/lib/python3.11/site-packages/isaacsim/extscache/omni.graph.tools-1.79.2+8131b85d/omni/graph/tools/_impl/internal/extension_contents_1_18.py", line 394, in do_import_test_definition
    test_module = load_module_from_file(test_module_name, test_file)
                  ^^^^^^^^^^^^^^^^^^^^^^^^^^^^^^^^^^^^^^^^^^^^^^^^^^
  File "/root/miniforge3/envs/coordex/lib/python3.11/site-packages/isaacsim/extscache/omni.graph.tools-1.79.2+8131b85d/omni/graph/tools/_impl/internal/file_utils.py", line 239, in load_module_from_file
    spec.loader.exec_module(module)
  File "<frozen importlib._bootstrap_external>", line 940, in exec_module
  File "<frozen importlib._bootstrap>", line 241, in _call_with_frames_removed
  File "/root/miniforge3/envs/coordex/lib/python3.11/site-packages/isaacsim/extscache/omni.graph.action_nodes-1.50.4+107.3.0.lx64.r.cp311.u353/omni/graph/action_nodes/ogn/tests/TestOgnSendCustomEvent.py", line 4, in <module>
    import omni.graph.core.tests as ogts
ImportError: cannot import name 'tests' from 'omni.graph.core' (/root/miniforge3/envs/coordex/lib/python3.11/site-packages/isaacsim/extscache/omni.graph-1.141.2+8131b85d.lx64.r.cp311/omni/graph/core/__init__.py)

2026-08-15T02:02:18Z [3,484ms] [Error] [omni.graph.tools._impl.internal.extension_contents_1_18] Exception while importing test omni.graph.action_nodes.ogn.tests.TestOgnSetPrimActive: Traceback (most recent call last):
  File "/root/miniforge3/envs/coordex/lib/python3.11/site-packages/isaacsim/extscache/omni.graph.tools-1.79.2+8131b85d/omni/graph/tools/_impl/internal/extension_contents_1_18.py", line 394, in do_import_test_definition
    test_module = load_module_from_file(test_module_name, test_file)
                  ^^^^^^^^^^^^^^^^^^^^^^^^^^^^^^^^^^^^^^^^^^^^^^^^^^
  File "/root/miniforge3/envs/coordex/lib/python3.11/site-packages/isaacsim/extscache/omni.graph.tools-1.79.2+8131b85d/omni/graph/tools/_impl/internal/file_utils.py", line 239, in load_module_from_file
    spec.loader.exec_module(module)
  File "<frozen importlib._bootstrap_external>", line 940, in exec_module
  File "<frozen importlib._bootstrap>", line 241, in _call_with_frames_removed
  File "/root/miniforge3/envs/coordex/lib/python3.11/site-packages/isaacsim/extscache/omni.graph.action_nodes-1.50.4+107.3.0.lx64.r.cp311.u353/omni/graph/action_nodes/ogn/tests/TestOgnSetPrimActive.py", line 4, in <module>
    import omni.graph.core.tests as ogts
ImportError: cannot import name 'tests' from 'omni.graph.core' (/root/miniforge3/envs/coordex/lib/python3.11/site-packages/isaacsim/extscache/omni.graph-1.141.2+8131b85d.lx64.r.cp311/omni/graph/core/__init__.py)

2026-08-15T02:02:18Z [3,485ms] [Error] [omni.graph.tools._impl.internal.extension_contents_1_18] Exception while importing test omni.graph.action_nodes.ogn.tests.TestOgnOnStageEvent: Traceback (most recent call last):
  File "/root/miniforge3/envs/coordex/lib/python3.11/site-packages/isaacsim/extscache/omni.graph.tools-1.79.2+8131b85d/omni/graph/tools/_impl/internal/extension_contents_1_18.py", line 394, in do_import_test_definition
    test_module = load_module_from_file(test_module_name, test_file)
                  ^^^^^^^^^^^^^^^^^^^^^^^^^^^^^^^^^^^^^^^^^^^^^^^^^^
  File "/root/miniforge3/envs/coordex/lib/python3.11/site-packages/isaacsim/extscache/omni.graph.tools-1.79.2+8131b85d/omni/graph/tools/_impl/internal/file_utils.py", line 239, in load_module_from_file
    spec.loader.exec_module(module)
  File "<frozen importlib._bootstrap_external>", line 940, in exec_module
  File "<frozen importlib._bootstrap>", line 241, in _call_with_frames_removed
  File "/root/miniforge3/envs/coordex/lib/python3.11/site-packages/isaacsim/extscache/omni.graph.action_nodes-1.50.4+107.3.0.lx64.r.cp311.u353/omni/graph/action_nodes/ogn/tests/TestOgnOnStageEvent.py", line 4, in <module>
    import omni.graph.core.tests as ogts
ImportError: cannot import name 'tests' from 'omni.graph.core' (/root/miniforge3/envs/coordex/lib/python3.11/site-packages/isaacsim/extscache/omni.graph-1.141.2+8131b85d.lx64.r.cp311/omni/graph/core/__init__.py)

2026-08-15T02:02:18Z [3,486ms] [Error] [omni.graph.tools._impl.internal.extension_contents_1_18] Exception while importing test omni.graph.action_nodes.ogn.tests.TestOgnSwitchToken: Traceback (most recent call last):
  File "/root/miniforge3/envs/coordex/lib/python3.11/site-packages/isaacsim/extscache/omni.graph.tools-1.79.2+8131b85d/omni/graph/tools/_impl/internal/extension_contents_1_18.py", line 394, in do_import_test_definition
    test_module = load_module_from_file(test_module_name, test_file)
                  ^^^^^^^^^^^^^^^^^^^^^^^^^^^^^^^^^^^^^^^^^^^^^^^^^^
  File "/root/miniforge3/envs/coordex/lib/python3.11/site-packages/isaacsim/extscache/omni.graph.tools-1.79.2+8131b85d/omni/graph/tools/_impl/internal/file_utils.py", line 239, in load_module_from_file
    spec.loader.exec_module(module)
  File "<frozen importlib._bootstrap_external>", line 940, in exec_module
  File "<frozen importlib._bootstrap>", line 241, in _call_with_frames_removed
  File "/root/miniforge3/envs/coordex/lib/python3.11/site-packages/isaacsim/extscache/omni.graph.action_nodes-1.50.4+107.3.0.lx64.r.cp311.u353/omni/graph/action_nodes/ogn/tests/TestOgnSwitchToken.py", line 4, in <module>
    import omni.graph.core.tests as ogts
ImportError: cannot import name 'tests' from 'omni.graph.core' (/root/miniforge3/envs/coordex/lib/python3.11/site-packages/isaacsim/extscache/omni.graph-1.141.2+8131b85d.lx64.r.cp311/omni/graph/core/__init__.py)

2026-08-15T02:02:20Z [5,537ms] [Warning] [pxr.Semantics] pxr.Semantics is deprecated - please use Semantics instead
2026-08-15T02:02:20Z [5,666ms] [Warning] [omni.replicator.core.scripts.extension] No material configuration file, adding configuration to material settings directly.
2026-08-15T02:02:21Z [5,901ms] [Error] [omni.graph.tools._impl.internal.extension_contents_1_18] Exception while importing test omni.replicator.core.ogn.tests.TestOgnSampleLight: Traceback (most recent call last):
  File "/root/miniforge3/envs/coordex/lib/python3.11/site-packages/isaacsim/extscache/omni.graph.tools-1.79.2+8131b85d/omni/graph/tools/_impl/internal/extension_contents_1_18.py", line 394, in do_import_test_definition
    test_module = load_module_from_file(test_module_name, test_file)
                  ^^^^^^^^^^^^^^^^^^^^^^^^^^^^^^^^^^^^^^^^^^^^^^^^^^
  File "/root/miniforge3/envs/coordex/lib/python3.11/site-packages/isaacsim/extscache/omni.graph.tools-1.79.2+8131b85d/omni/graph/tools/_impl/internal/file_utils.py", line 239, in load_module_from_file
    spec.loader.exec_module(module)
  File "<frozen importlib._bootstrap_external>", line 940, in exec_module
  File "<frozen importlib._bootstrap>", line 241, in _call_with_frames_removed
  File "/root/miniforge3/envs/coordex/lib/python3.11/site-packages/isaacsim/extscache/omni.replicator.core-1.12.16+107.3.1.lx64.r.cp311/omni/replicator/core/ogn/tests/TestOgnSampleLight.py", line 4, in <module>
    import omni.graph.core.tests as ogts
  File "/root/miniforge3/envs/coordex/lib/python3.11/site-packages/isaacsim/extscache/omni.graph-1.141.2+8131b85d.lx64.r.cp311/omni/graph/core/tests/__init__.py", line 20, in <module>
    from .omnigraph_test_utils import OmniGraphTestCase
  File "/root/miniforge3/envs/coordex/lib/python3.11/site-packages/isaacsim/extscache/omni.graph-1.141.2+8131b85d.lx64.r.cp311/omni/graph/core/tests/omnigraph_test_utils.py", line 198, in <module>
    OmniGraphTestCase = test_case_class()
                        ^^^^^^^^^^^^^^^^^
  File "/root/miniforge3/envs/coordex/lib/python3.11/site-packages/isaacsim/extscache/omni.graph-1.141.2+8131b85d.lx64.r.cp311/omni/graph/core/tests/omnigraph_test_utils.py", line 135, in test_case_class
    base_class = omni.kit.test.AsyncTestCase
                 ^^^^^^^^^^^^^
AttributeError: module 'omni.kit' has no attribute 'test'

2026-08-15T02:02:21Z [5,966ms] [Error] [omni.graph.tools._impl.internal.extension_contents_1_18] Exception while importing test omni.replicator.core.ogn.tests.TestOgnOrbit: Traceback (most recent call last):
  File "/root/miniforge3/envs/coordex/lib/python3.11/site-packages/isaacsim/extscache/omni.graph.tools-1.79.2+8131b85d/omni/graph/tools/_impl/internal/extension_contents_1_18.py", line 394, in do_import_test_definition
    test_module = load_module_from_file(test_module_name, test_file)
                  ^^^^^^^^^^^^^^^^^^^^^^^^^^^^^^^^^^^^^^^^^^^^^^^^^^
  File "/root/miniforge3/envs/coordex/lib/python3.11/site-packages/isaacsim/extscache/omni.graph.tools-1.79.2+8131b85d/omni/graph/tools/_impl/internal/file_utils.py", line 239, in load_module_from_file
    spec.loader.exec_module(module)
  File "<frozen importlib._bootstrap_external>", line 940, in exec_module
  File "<frozen importlib._bootstrap>", line 241, in _call_with_frames_removed
  File "/root/miniforge3/envs/coordex/lib/python3.11/site-packages/isaacsim/extscache/omni.replicator.core-1.12.16+107.3.1.lx64.r.cp311/omni/replicator/core/ogn/tests/TestOgnOrbit.py", line 4, in <module>
    import omni.graph.core.tests as ogts
  File "/root/miniforge3/envs/coordex/lib/python3.11/site-packages/isaacsim/extscache/omni.graph-1.141.2+8131b85d.lx64.r.cp311/omni/graph/core/tests/__init__.py", line 20, in <module>
    from .omnigraph_test_utils import OmniGraphTestCase
  File "/root/miniforge3/envs/coordex/lib/python3.11/site-packages/isaacsim/extscache/omni.graph-1.141.2+8131b85d.lx64.r.cp311/omni/graph/core/tests/omnigraph_test_utils.py", line 198, in <module>
    OmniGraphTestCase = test_case_class()
                        ^^^^^^^^^^^^^^^^^
  File "/root/miniforge3/envs/coordex/lib/python3.11/site-packages/isaacsim/extscache/omni.graph-1.141.2+8131b85d.lx64.r.cp311/omni/graph/core/tests/omnigraph_test_utils.py", line 135, in test_case_class
    base_class = omni.kit.test.AsyncTestCase
                 ^^^^^^^^^^^^^
AttributeError: cannot access submodule 'test' of module 'omni.kit' (most likely due to a circular import)

2026-08-15T02:02:21Z [6,017ms] [Error] [omni.graph.tools._impl.internal.extension_contents_1_18] Exception while importing test omni.replicator.core.ogn.tests.TestOgnAugRotateExp: Traceback (most recent call last):
  File "/root/miniforge3/envs/coordex/lib/python3.11/site-packages/isaacsim/extscache/omni.graph.tools-1.79.2+8131b85d/omni/graph/tools/_impl/internal/extension_contents_1_18.py", line 394, in do_import_test_definition
    test_module = load_module_from_file(test_module_name, test_file)
                  ^^^^^^^^^^^^^^^^^^^^^^^^^^^^^^^^^^^^^^^^^^^^^^^^^^
  File "/root/miniforge3/envs/coordex/lib/python3.11/site-packages/isaacsim/extscache/omni.graph.tools-1.79.2+8131b85d/omni/graph/tools/_impl/internal/file_utils.py", line 239, in load_module_from_file
    spec.loader.exec_module(module)
  File "<frozen importlib._bootstrap_external>", line 940, in exec_module
  File "<frozen importlib._bootstrap>", line 241, in _call_with_frames_removed
  File "/root/miniforge3/envs/coordex/lib/python3.11/site-packages/isaacsim/extscache/omni.replicator.core-1.12.16+107.3.1.lx64.r.cp311/omni/replicator/core/ogn/tests/TestOgnAugRotateExp.py", line 4, in <module>
    import omni.graph.core.tests as ogts
  File "/root/miniforge3/envs/coordex/lib/python3.11/site-packages/isaacsim/extscache/omni.graph-1.141.2+8131b85d.lx64.r.cp311/omni/graph/core/tests/__init__.py", line 20, in <module>
    from .omnigraph_test_utils import OmniGraphTestCase
  File "/root/miniforge3/envs/coordex/lib/python3.11/site-packages/isaacsim/extscache/omni.graph-1.141.2+8131b85d.lx64.r.cp311/omni/graph/core/tests/omnigraph_test_utils.py", line 198, in <module>
    OmniGraphTestCase = test_case_class()
                        ^^^^^^^^^^^^^^^^^
  File "/root/miniforge3/envs/coordex/lib/python3.11/site-packages/isaacsim/extscache/omni.graph-1.141.2+8131b85d.lx64.r.cp311/omni/graph/core/tests/omnigraph_test_utils.py", line 135, in test_case_class
    base_class = omni.kit.test.AsyncTestCase
                 ^^^^^^^^^^^^^
AttributeError: module 'omni.kit' has no attribute 'test'

2026-08-15T02:02:21Z [6,065ms] [Error] [omni.graph.tools._impl.internal.extension_contents_1_18] Exception while importing test omni.replicator.core.ogn.tests.TestOgnScheduleWriter: Traceback (most recent call last):
  File "/root/miniforge3/envs/coordex/lib/python3.11/site-packages/isaacsim/extscache/omni.graph.tools-1.79.2+8131b85d/omni/graph/tools/_impl/internal/extension_contents_1_18.py", line 394, in do_import_test_definition
    test_module = load_module_from_file(test_module_name, test_file)
                  ^^^^^^^^^^^^^^^^^^^^^^^^^^^^^^^^^^^^^^^^^^^^^^^^^^
  File "/root/miniforge3/envs/coordex/lib/python3.11/site-packages/isaacsim/extscache/omni.graph.tools-1.79.2+8131b85d/omni/graph/tools/_impl/internal/file_utils.py", line 239, in load_module_from_file
    spec.loader.exec_module(module)
  File "<frozen importlib._bootstrap_external>", line 940, in exec_module
  File "<frozen importlib._bootstrap>", line 241, in _call_with_frames_removed
  File "/root/miniforge3/envs/coordex/lib/python3.11/site-packages/isaacsim/extscache/omni.replicator.core-1.12.16+107.3.1.lx64.r.cp311/omni/replicator/core/ogn/tests/TestOgnScheduleWriter.py", line 2, in <module>
    import omni.kit.test
  File "/root/miniforge3/envs/coordex/lib/python3.11/site-packages/isaacsim/extscache/omni.kit.test-2.0.1+8131b85d.lx64.r.cp311/omni/kit/test/__init__.py", line 7, in <module>
    from . import unittests
  File "/root/miniforge3/envs/coordex/lib/python3.11/site-packages/isaacsim/extscache/omni.kit.test-2.0.1+8131b85d.lx64.r.cp311/omni/kit/test/unittests.py", line 21, in <module>
    from .async_unittest import AsyncTestSuite, AsyncTextTestRunner, OmniTestResult, AsyncTestCase
  File "/root/miniforge3/envs/coordex/lib/python3.11/site-packages/isaacsim/extscache/omni.kit.test-2.0.1+8131b85d.lx64.r.cp311/omni/kit/test/async_unittest.py", line 25, in <module>
    from .reporter import TestReporter
  File "/root/miniforge3/envs/coordex/lib/python3.11/site-packages/isaacsim/extscache/omni.kit.test-2.0.1+8131b85d.lx64.r.cp311/omni/kit/test/reporter.py", line 27, in <module>
    from .test_coverage import generate_coverage_report
  File "/root/miniforge3/envs/coordex/lib/python3.11/site-packages/isaacsim/extscache/omni.kit.test-2.0.1+8131b85d.lx64.r.cp311/omni/kit/test/test_coverage.py", line 10, in <module>
    import coverage
  File "/root/miniforge3/envs/coordex/lib/python3.11/site-packages/coverage/__init__.py", line 24, in <module>
    from coverage.control import (
  File "/root/miniforge3/envs/coordex/lib/python3.11/site-packages/coverage/control.py", line 28, in <module>
    from coverage.collector import Collector, HAS_CTRACER
  File "/root/miniforge3/envs/coordex/lib/python3.11/site-packages/coverage/collector.py", line 19, in <module>
    from coverage.data import CoverageData
  File "/root/miniforge3/envs/coordex/lib/python3.11/site-packages/coverage/data.py", line 24, in <module>
    from coverage.sqldata import CoverageData
  File "/root/miniforge3/envs/coordex/lib/python3.11/site-packages/coverage/sqldata.py", line 16, in <module>
    import sqlite3
  File "/root/miniforge3/envs/coordex/lib/python3.11/sqlite3/__init__.py", line 57, in <module>
    from sqlite3.dbapi2 import *
  File "/root/miniforge3/envs/coordex/lib/python3.11/sqlite3/dbapi2.py", line 27, in <module>
    from _sqlite3 import *
ImportError: /lib/x86_64-linux-gnu/libstdc++.so.6: version `CXXABI_1.3.15' not found (required by /root/miniforge3/envs/coordex/lib/python3.11/lib-dynload/../.././libicui18n.so.78)

2026-08-15T02:02:21Z [6,074ms] [Error] [omni.graph.tools._impl.internal.extension_contents_1_18] Exception while importing test omni.replicator.core.ogn.tests.TestOgnWriter: Traceback (most recent call last):
  File "/root/miniforge3/envs/coordex/lib/python3.11/site-packages/isaacsim/extscache/omni.graph.tools-1.79.2+8131b85d/omni/graph/tools/_impl/internal/extension_contents_1_18.py", line 394, in do_import_test_definition
    test_module = load_module_from_file(test_module_name, test_file)
                  ^^^^^^^^^^^^^^^^^^^^^^^^^^^^^^^^^^^^^^^^^^^^^^^^^^
  File "/root/miniforge3/envs/coordex/lib/python3.11/site-packages/isaacsim/extscache/omni.graph.tools-1.79.2+8131b85d/omni/graph/tools/_impl/internal/file_utils.py", line 239, in load_module_from_file
    spec.loader.exec_module(module)
  File "<frozen importlib._bootstrap_external>", line 940, in exec_module
  File "<frozen importlib._bootstrap>", line 241, in _call_with_frames_removed
  File "/root/miniforge3/envs/coordex/lib/python3.11/site-packages/isaacsim/extscache/omni.replicator.core-1.12.16+107.3.1.lx64.r.cp311/omni/replicator/core/ogn/tests/TestOgnWriter.py", line 4, in <module>
    import omni.graph.core.tests as ogts
  File "/root/miniforge3/envs/coordex/lib/python3.11/site-packages/isaacsim/extscache/omni.graph-1.141.2+8131b85d.lx64.r.cp311/omni/graph/core/tests/__init__.py", line 20, in <module>
    from .omnigraph_test_utils import OmniGraphTestCase
  File "/root/miniforge3/envs/coordex/lib/python3.11/site-packages/isaacsim/extscache/omni.graph-1.141.2+8131b85d.lx64.r.cp311/omni/graph/core/tests/omnigraph_test_utils.py", line 198, in <module>
    OmniGraphTestCase = test_case_class()
                        ^^^^^^^^^^^^^^^^^
  File "/root/miniforge3/envs/coordex/lib/python3.11/site-packages/isaacsim/extscache/omni.graph-1.141.2+8131b85d.lx64.r.cp311/omni/graph/core/tests/omnigraph_test_utils.py", line 135, in test_case_class
    base_class = omni.kit.test.AsyncTestCase
                 ^^^^^^^^^^^^^
AttributeError: module 'omni.kit' has no attribute 'test'

2026-08-15T02:02:21Z [6,111ms] [Error] [omni.graph.tools._impl.internal.extension_contents_1_18] Exception while importing test omni.replicator.core.ogn.tests.TestOgnMeshDecal: Traceback (most recent call last):
  File "/root/miniforge3/envs/coordex/lib/python3.11/site-packages/isaacsim/extscache/omni.graph.tools-1.79.2+8131b85d/omni/graph/tools/_impl/internal/extension_contents_1_18.py", line 394, in do_import_test_definition
    test_module = load_module_from_file(test_module_name, test_file)
                  ^^^^^^^^^^^^^^^^^^^^^^^^^^^^^^^^^^^^^^^^^^^^^^^^^^
  File "/root/miniforge3/envs/coordex/lib/python3.11/site-packages/isaacsim/extscache/omni.graph.tools-1.79.2+8131b85d/omni/graph/tools/_impl/internal/file_utils.py", line 239, in load_module_from_file
    spec.loader.exec_module(module)
  File "<frozen importlib._bootstrap_external>", line 940, in exec_module
  File "<frozen importlib._bootstrap>", line 241, in _call_with_frames_removed
  File "/root/miniforge3/envs/coordex/lib/python3.11/site-packages/isaacsim/extscache/omni.replicator.core-1.12.16+107.3.1.lx64.r.cp311/omni/replicator/core/ogn/tests/TestOgnMeshDecal.py", line 4, in <module>
    import omni.graph.core.tests as ogts
  File "/root/miniforge3/envs/coordex/lib/python3.11/site-packages/isaacsim/extscache/omni.graph-1.141.2+8131b85d.lx64.r.cp311/omni/graph/core/tests/__init__.py", line 20, in <module>
    from .omnigraph_test_utils import OmniGraphTestCase
  File "/root/miniforge3/envs/coordex/lib/python3.11/site-packages/isaacsim/extscache/omni.graph-1.141.2+8131b85d.lx64.r.cp311/omni/graph/core/tests/omnigraph_test_utils.py", line 198, in <module>
    OmniGraphTestCase = test_case_class()
                        ^^^^^^^^^^^^^^^^^
  File "/root/miniforge3/envs/coordex/lib/python3.11/site-packages/isaacsim/extscache/omni.graph-1.141.2+8131b85d.lx64.r.cp311/omni/graph/core/tests/omnigraph_test_utils.py", line 135, in test_case_class
    base_class = omni.kit.test.AsyncTestCase
                 ^^^^^^^^^^^^^
AttributeError: cannot access submodule 'test' of module 'omni.kit' (most likely due to a circular import)

2026-08-15T02:02:21Z [6,145ms] [Error] [omni.graph.tools._impl.internal.extension_contents_1_18] Exception while importing test omni.replicator.core.ogn.tests.TestOgnArray: Traceback (most recent call last):
  File "/root/miniforge3/envs/coordex/lib/python3.11/site-packages/isaacsim/extscache/omni.graph.tools-1.79.2+8131b85d/omni/graph/tools/_impl/internal/extension_contents_1_18.py", line 394, in do_import_test_definition
    test_module = load_module_from_file(test_module_name, test_file)
                  ^^^^^^^^^^^^^^^^^^^^^^^^^^^^^^^^^^^^^^^^^^^^^^^^^^
  File "/root/miniforge3/envs/coordex/lib/python3.11/site-packages/isaacsim/extscache/omni.graph.tools-1.79.2+8131b85d/omni/graph/tools/_impl/internal/file_utils.py", line 239, in load_module_from_file
    spec.loader.exec_module(module)
  File "<frozen importlib._bootstrap_external>", line 940, in exec_module
  File "<frozen importlib._bootstrap>", line 241, in _call_with_frames_removed
  File "/root/miniforge3/envs/coordex/lib/python3.11/site-packages/isaacsim/extscache/omni.replicator.core-1.12.16+107.3.1.lx64.r.cp311/omni/replicator/core/ogn/tests/TestOgnArray.py", line 4, in <module>
    import omni.graph.core.tests as ogts
  File "/root/miniforge3/envs/coordex/lib/python3.11/site-packages/isaacsim/extscache/omni.graph-1.141.2+8131b85d.lx64.r.cp311/omni/graph/core/tests/__init__.py", line 20, in <module>
    from .omnigraph_test_utils import OmniGraphTestCase
  File "/root/miniforge3/envs/coordex/lib/python3.11/site-packages/isaacsim/extscache/omni.graph-1.141.2+8131b85d.lx64.r.cp311/omni/graph/core/tests/omnigraph_test_utils.py", line 198, in <module>
    OmniGraphTestCase = test_case_class()
                        ^^^^^^^^^^^^^^^^^
  File "/root/miniforge3/envs/coordex/lib/python3.11/site-packages/isaacsim/extscache/omni.graph-1.141.2+8131b85d.lx64.r.cp311/omni/graph/core/tests/omnigraph_test_utils.py", line 135, in test_case_class
    base_class = omni.kit.test.AsyncTestCase
                 ^^^^^^^^^^^^^
AttributeError: cannot access submodule 'test' of module 'omni.kit' (most likely due to a circular import)

2026-08-15T02:02:21Z [6,166ms] [Error] [omni.graph.tools._impl.internal.extension_contents_1_18] Exception while importing test omni.replicator.core.ogn.tests.TestOgnBindMaterial: Traceback (most recent call last):
  File "/root/miniforge3/envs/coordex/lib/python3.11/site-packages/isaacsim/extscache/omni.graph.tools-1.79.2+8131b85d/omni/graph/tools/_impl/internal/extension_contents_1_18.py", line 394, in do_import_test_definition
    test_module = load_module_from_file(test_module_name, test_file)
                  ^^^^^^^^^^^^^^^^^^^^^^^^^^^^^^^^^^^^^^^^^^^^^^^^^^
  File "/root/miniforge3/envs/coordex/lib/python3.11/site-packages/isaacsim/extscache/omni.graph.tools-1.79.2+8131b85d/omni/graph/tools/_impl/internal/file_utils.py", line 239, in load_module_from_file
    spec.loader.exec_module(module)
  File "<frozen importlib._bootstrap_external>", line 940, in exec_module
  File "<frozen importlib._bootstrap>", line 241, in _call_with_frames_removed
  File "/root/miniforge3/envs/coordex/lib/python3.11/site-packages/isaacsim/extscache/omni.replicator.core-1.12.16+107.3.1.lx64.r.cp311/omni/replicator/core/ogn/tests/TestOgnBindMaterial.py", line 2, in <module>
    import omni.kit.test
  File "/root/miniforge3/envs/coordex/lib/python3.11/site-packages/isaacsim/extscache/omni.kit.test-2.0.1+8131b85d.lx64.r.cp311/omni/kit/test/__init__.py", line 7, in <module>
    from . import unittests
  File "/root/miniforge3/envs/coordex/lib/python3.11/site-packages/isaacsim/extscache/omni.kit.test-2.0.1+8131b85d.lx64.r.cp311/omni/kit/test/unittests.py", line 21, in <module>
    from .async_unittest import AsyncTestSuite, AsyncTextTestRunner, OmniTestResult, AsyncTestCase
  File "/root/miniforge3/envs/coordex/lib/python3.11/site-packages/isaacsim/extscache/omni.kit.test-2.0.1+8131b85d.lx64.r.cp311/omni/kit/test/async_unittest.py", line 25, in <module>
    from .reporter import TestReporter
  File "/root/miniforge3/envs/coordex/lib/python3.11/site-packages/isaacsim/extscache/omni.kit.test-2.0.1+8131b85d.lx64.r.cp311/omni/kit/test/reporter.py", line 27, in <module>
    from .test_coverage import generate_coverage_report
  File "/root/miniforge3/envs/coordex/lib/python3.11/site-packages/isaacsim/extscache/omni.kit.test-2.0.1+8131b85d.lx64.r.cp311/omni/kit/test/test_coverage.py", line 10, in <module>
    import coverage
  File "/root/miniforge3/envs/coordex/lib/python3.11/site-packages/coverage/__init__.py", line 24, in <module>
    from coverage.control import (
  File "/root/miniforge3/envs/coordex/lib/python3.11/site-packages/coverage/control.py", line 28, in <module>
    from coverage.collector import Collector, HAS_CTRACER
  File "/root/miniforge3/envs/coordex/lib/python3.11/site-packages/coverage/collector.py", line 19, in <module>
    from coverage.data import CoverageData
  File "/root/miniforge3/envs/coordex/lib/python3.11/site-packages/coverage/data.py", line 24, in <module>
    from coverage.sqldata import CoverageData
  File "/root/miniforge3/envs/coordex/lib/python3.11/site-packages/coverage/sqldata.py", line 16, in <module>
    import sqlite3
  File "/root/miniforge3/envs/coordex/lib/python3.11/sqlite3/__init__.py", line 57, in <module>
    from sqlite3.dbapi2 import *
  File "/root/miniforge3/envs/coordex/lib/python3.11/sqlite3/dbapi2.py", line 27, in <module>
    from _sqlite3 import *
ImportError: /lib/x86_64-linux-gnu/libstdc++.so.6: version `CXXABI_1.3.15' not found (required by /root/miniforge3/envs/coordex/lib/python3.11/lib-dynload/../.././libicui18n.so.78)

2026-08-15T02:02:21Z [6,182ms] [Error] [omni.graph.tools._impl.internal.extension_contents_1_18] Exception while importing test omni.replicator.core.ogn.tests.TestOgnWritePhysics: Traceback (most recent call last):
  File "/root/miniforge3/envs/coordex/lib/python3.11/site-packages/isaacsim/extscache/omni.graph.tools-1.79.2+8131b85d/omni/graph/tools/_impl/internal/extension_contents_1_18.py", line 394, in do_import_test_definition
    test_module = load_module_from_file(test_module_name, test_file)
                  ^^^^^^^^^^^^^^^^^^^^^^^^^^^^^^^^^^^^^^^^^^^^^^^^^^
  File "/root/miniforge3/envs/coordex/lib/python3.11/site-packages/isaacsim/extscache/omni.graph.tools-1.79.2+8131b85d/omni/graph/tools/_impl/internal/file_utils.py", line 239, in load_module_from_file
    spec.loader.exec_module(module)
  File "<frozen importlib._bootstrap_external>", line 940, in exec_module
  File "<frozen importlib._bootstrap>", line 241, in _call_with_frames_removed
  File "/root/miniforge3/envs/coordex/lib/python3.11/site-packages/isaacsim/extscache/omni.replicator.core-1.12.16+107.3.1.lx64.r.cp311/omni/replicator/core/ogn/tests/TestOgnWritePhysics.py", line 4, in <module>
    import omni.graph.core.tests as ogts
  File "/root/miniforge3/envs/coordex/lib/python3.11/site-packages/isaacsim/extscache/omni.graph-1.141.2+8131b85d.lx64.r.cp311/omni/graph/core/tests/__init__.py", line 20, in <module>
    from .omnigraph_test_utils import OmniGraphTestCase
  File "/root/miniforge3/envs/coordex/lib/python3.11/site-packages/isaacsim/extscache/omni.graph-1.141.2+8131b85d.lx64.r.cp311/omni/graph/core/tests/omnigraph_test_utils.py", line 198, in <module>
    OmniGraphTestCase = test_case_class()
                        ^^^^^^^^^^^^^^^^^
  File "/root/miniforge3/envs/coordex/lib/python3.11/site-packages/isaacsim/extscache/omni.graph-1.141.2+8131b85d.lx64.r.cp311/omni/graph/core/tests/omnigraph_test_utils.py", line 135, in test_case_class
    base_class = omni.kit.test.AsyncTestCase
                 ^^^^^^^^^^^^^
AttributeError: cannot access submodule 'test' of module 'omni.kit' (most likely due to a circular import)

2026-08-15T02:02:21Z [6,193ms] [Error] [omni.graph.tools._impl.internal.extension_contents_1_18] Exception while importing test omni.replicator.core.ogn.tests.TestOgnGroup: Traceback (most recent call last):
  File "/root/miniforge3/envs/coordex/lib/python3.11/site-packages/isaacsim/extscache/omni.graph.tools-1.79.2+8131b85d/omni/graph/tools/_impl/internal/extension_contents_1_18.py", line 394, in do_import_test_definition
    test_module = load_module_from_file(test_module_name, test_file)
                  ^^^^^^^^^^^^^^^^^^^^^^^^^^^^^^^^^^^^^^^^^^^^^^^^^^
  File "/root/miniforge3/envs/coordex/lib/python3.11/site-packages/isaacsim/extscache/omni.graph.tools-1.79.2+8131b85d/omni/graph/tools/_impl/internal/file_utils.py", line 239, in load_module_from_file
    spec.loader.exec_module(module)
  File "<frozen importlib._bootstrap_external>", line 940, in exec_module
  File "<frozen importlib._bootstrap>", line 241, in _call_with_frames_removed
  File "/root/miniforge3/envs/coordex/lib/python3.11/site-packages/isaacsim/extscache/omni.replicator.core-1.12.16+107.3.1.lx64.r.cp311/omni/replicator/core/ogn/tests/TestOgnGroup.py", line 4, in <module>
    import omni.graph.core.tests as ogts
  File "/root/miniforge3/envs/coordex/lib/python3.11/site-packages/isaacsim/extscache/omni.graph-1.141.2+8131b85d.lx64.r.cp311/omni/graph/core/tests/__init__.py", line 20, in <module>
    from .omnigraph_test_utils import OmniGraphTestCase
  File "/root/miniforge3/envs/coordex/lib/python3.11/site-packages/isaacsim/extscache/omni.graph-1.141.2+8131b85d.lx64.r.cp311/omni/graph/core/tests/omnigraph_test_utils.py", line 198, in <module>
    OmniGraphTestCase = test_case_class()
                        ^^^^^^^^^^^^^^^^^
  File "/root/miniforge3/envs/coordex/lib/python3.11/site-packages/isaacsim/extscache/omni.graph-1.141.2+8131b85d.lx64.r.cp311/omni/graph/core/tests/omnigraph_test_utils.py", line 135, in test_case_class
    base_class = omni.kit.test.AsyncTestCase
                 ^^^^^^^^^^^^^
AttributeError: cannot access submodule 'test' of module 'omni.kit' (most likely due to a circular import)

2026-08-15T02:02:21Z [6,258ms] [Error] [omni.graph.tools._impl.internal.extension_contents_1_18] Exception while importing test omni.replicator.core.ogn.tests.TestOgnPhysicsSimulate: Traceback (most recent call last):
  File "/root/miniforge3/envs/coordex/lib/python3.11/site-packages/isaacsim/extscache/omni.graph.tools-1.79.2+8131b85d/omni/graph/tools/_impl/internal/extension_contents_1_18.py", line 394, in do_import_test_definition
    test_module = load_module_from_file(test_module_name, test_file)
                  ^^^^^^^^^^^^^^^^^^^^^^^^^^^^^^^^^^^^^^^^^^^^^^^^^^
  File "/root/miniforge3/envs/coordex/lib/python3.11/site-packages/isaacsim/extscache/omni.graph.tools-1.79.2+8131b85d/omni/graph/tools/_impl/internal/file_utils.py", line 239, in load_module_from_file
    spec.loader.exec_module(module)
  File "<frozen importlib._bootstrap_external>", line 940, in exec_module
  File "<frozen importlib._bootstrap>", line 241, in _call_with_frames_removed
  File "/root/miniforge3/envs/coordex/lib/python3.11/site-packages/isaacsim/extscache/omni.replicator.core-1.12.16+107.3.1.lx64.r.cp311/omni/replicator/core/ogn/tests/TestOgnPhysicsSimulate.py", line 4, in <module>
    import omni.graph.core.tests as ogts
  File "/root/miniforge3/envs/coordex/lib/python3.11/site-packages/isaacsim/extscache/omni.graph-1.141.2+8131b85d.lx64.r.cp311/omni/graph/core/tests/__init__.py", line 20, in <module>
    from .omnigraph_test_utils import OmniGraphTestCase
  File "/root/miniforge3/envs/coordex/lib/python3.11/site-packages/isaacsim/extscache/omni.graph-1.141.2+8131b85d.lx64.r.cp311/omni/graph/core/tests/omnigraph_test_utils.py", line 198, in <module>
    OmniGraphTestCase = test_case_class()
                        ^^^^^^^^^^^^^^^^^
  File "/root/miniforge3/envs/coordex/lib/python3.11/site-packages/isaacsim/extscache/omni.graph-1.141.2+8131b85d.lx64.r.cp311/omni/graph/core/tests/omnigraph_test_utils.py", line 135, in test_case_class
    base_class = omni.kit.test.AsyncTestCase
                 ^^^^^^^^^^^^^
AttributeError: module 'omni.kit' has no attribute 'test'

2026-08-15T02:02:21Z [6,282ms] [Error] [omni.graph.tools._impl.internal.extension_contents_1_18] Exception while importing test omni.replicator.core.ogn.tests.TestOgnScatter2D: Traceback (most recent call last):
  File "/root/miniforge3/envs/coordex/lib/python3.11/site-packages/isaacsim/extscache/omni.graph.tools-1.79.2+8131b85d/omni/graph/tools/_impl/internal/extension_contents_1_18.py", line 394, in do_import_test_definition
    test_module = load_module_from_file(test_module_name, test_file)
                  ^^^^^^^^^^^^^^^^^^^^^^^^^^^^^^^^^^^^^^^^^^^^^^^^^^
  File "/root/miniforge3/envs/coordex/lib/python3.11/site-packages/isaacsim/extscache/omni.graph.tools-1.79.2+8131b85d/omni/graph/tools/_impl/internal/file_utils.py", line 239, in load_module_from_file
    spec.loader.exec_module(module)
  File "<frozen importlib._bootstrap_external>", line 940, in exec_module
  File "<frozen importlib._bootstrap>", line 241, in _call_with_frames_removed
  File "/root/miniforge3/envs/coordex/lib/python3.11/site-packages/isaacsim/extscache/omni.replicator.core-1.12.16+107.3.1.lx64.r.cp311/omni/replicator/core/ogn/tests/TestOgnScatter2D.py", line 4, in <module>
    import omni.graph.core.tests as ogts
  File "/root/miniforge3/envs/coordex/lib/python3.11/site-packages/isaacsim/extscache/omni.graph-1.141.2+8131b85d.lx64.r.cp311/omni/graph/core/tests/__init__.py", line 20, in <module>
    from .omnigraph_test_utils import OmniGraphTestCase
  File "/root/miniforge3/envs/coordex/lib/python3.11/site-packages/isaacsim/extscache/omni.graph-1.141.2+8131b85d.lx64.r.cp311/omni/graph/core/tests/omnigraph_test_utils.py", line 198, in <module>
    OmniGraphTestCase = test_case_class()
                        ^^^^^^^^^^^^^^^^^
  File "/root/miniforge3/envs/coordex/lib/python3.11/site-packages/isaacsim/extscache/omni.graph-1.141.2+8131b85d.lx64.r.cp311/omni/graph/core/tests/omnigraph_test_utils.py", line 135, in test_case_class
    base_class = omni.kit.test.AsyncTestCase
                 ^^^^^^^^^^^^^
AttributeError: cannot access submodule 'test' of module 'omni.kit' (most likely due to a circular import)

2026-08-15T02:02:23Z [8,312ms] [Error] [omni.graph.tools._impl.internal.extension_contents_1_18] Exception while importing test omni.replicator.core.ogn.tests.TestOgnDecal: Traceback (most recent call last):
  File "/root/miniforge3/envs/coordex/lib/python3.11/site-packages/isaacsim/extscache/omni.graph.tools-1.79.2+8131b85d/omni/graph/tools/_impl/internal/extension_contents_1_18.py", line 394, in do_import_test_definition
    test_module = load_module_from_file(test_module_name, test_file)
                  ^^^^^^^^^^^^^^^^^^^^^^^^^^^^^^^^^^^^^^^^^^^^^^^^^^
  File "/root/miniforge3/envs/coordex/lib/python3.11/site-packages/isaacsim/extscache/omni.graph.tools-1.79.2+8131b85d/omni/graph/tools/_impl/internal/file_utils.py", line 239, in load_module_from_file
    spec.loader.exec_module(module)
  File "<frozen importlib._bootstrap_external>", line 940, in exec_module
  File "<frozen importlib._bootstrap>", line 241, in _call_with_frames_removed
  File "/root/miniforge3/envs/coordex/lib/python3.11/site-packages/isaacsim/extscache/omni.replicator.core-1.12.16+107.3.1.lx64.r.cp311/omni/replicator/core/ogn/tests/TestOgnDecal.py", line 2, in <module>
    import omni.kit.test
  File "/root/miniforge3/envs/coordex/lib/python3.11/site-packages/isaacsim/extscache/omni.kit.test-2.0.1+8131b85d.lx64.r.cp311/omni/kit/test/__init__.py", line 7, in <module>
    from . import unittests
  File "/root/miniforge3/envs/coordex/lib/python3.11/site-packages/isaacsim/extscache/omni.kit.test-2.0.1+8131b85d.lx64.r.cp311/omni/kit/test/unittests.py", line 21, in <module>
    from .async_unittest import AsyncTestSuite, AsyncTextTestRunner, OmniTestResult, AsyncTestCase
  File "/root/miniforge3/envs/coordex/lib/python3.11/site-packages/isaacsim/extscache/omni.kit.test-2.0.1+8131b85d.lx64.r.cp311/omni/kit/test/async_unittest.py", line 25, in <module>
    from .reporter import TestReporter
  File "/root/miniforge3/envs/coordex/lib/python3.11/site-packages/isaacsim/extscache/omni.kit.test-2.0.1+8131b85d.lx64.r.cp311/omni/kit/test/reporter.py", line 27, in <module>
    from .test_coverage import generate_coverage_report
  File "/root/miniforge3/envs/coordex/lib/python3.11/site-packages/isaacsim/extscache/omni.kit.test-2.0.1+8131b85d.lx64.r.cp311/omni/kit/test/test_coverage.py", line 10, in <module>
    import coverage
  File "/root/miniforge3/envs/coordex/lib/python3.11/site-packages/coverage/__init__.py", line 24, in <module>
    from coverage.control import (
  File "/root/miniforge3/envs/coordex/lib/python3.11/site-packages/coverage/control.py", line 28, in <module>
    from coverage.collector import Collector, HAS_CTRACER
  File "/root/miniforge3/envs/coordex/lib/python3.11/site-packages/coverage/collector.py", line 19, in <module>
    from coverage.data import CoverageData
  File "/root/miniforge3/envs/coordex/lib/python3.11/site-packages/coverage/data.py", line 24, in <module>
    from coverage.sqldata import CoverageData
  File "/root/miniforge3/envs/coordex/lib/python3.11/site-packages/coverage/sqldata.py", line 16, in <module>
    import sqlite3
  File "/root/miniforge3/envs/coordex/lib/python3.11/sqlite3/__init__.py", line 57, in <module>
    from sqlite3.dbapi2 import *
  File "/root/miniforge3/envs/coordex/lib/python3.11/sqlite3/dbapi2.py", line 27, in <module>
    from _sqlite3 import *
ImportError: /lib/x86_64-linux-gnu/libstdc++.so.6: version `CXXABI_1.3.15' not found (required by /root/miniforge3/envs/coordex/lib/python3.11/lib-dynload/../.././libicui18n.so.78)

2026-08-15T02:02:23Z [8,331ms] [Error] [omni.graph.tools._impl.internal.extension_contents_1_18] Exception while importing test omni.replicator.core.ogn.tests.TestOgnSampleNormal: Traceback (most recent call last):
  File "/root/miniforge3/envs/coordex/lib/python3.11/site-packages/isaacsim/extscache/omni.graph.tools-1.79.2+8131b85d/omni/graph/tools/_impl/internal/extension_contents_1_18.py", line 394, in do_import_test_definition
    test_module = load_module_from_file(test_module_name, test_file)
                  ^^^^^^^^^^^^^^^^^^^^^^^^^^^^^^^^^^^^^^^^^^^^^^^^^^
  File "/root/miniforge3/envs/coordex/lib/python3.11/site-packages/isaacsim/extscache/omni.graph.tools-1.79.2+8131b85d/omni/graph/tools/_impl/internal/file_utils.py", line 239, in load_module_from_file
    spec.loader.exec_module(module)
  File "<frozen importlib._bootstrap_external>", line 940, in exec_module
  File "<frozen importlib._bootstrap>", line 241, in _call_with_frames_removed
  File "/root/miniforge3/envs/coordex/lib/python3.11/site-packages/isaacsim/extscache/omni.replicator.core-1.12.16+107.3.1.lx64.r.cp311/omni/replicator/core/ogn/tests/TestOgnSampleNormal.py", line 2, in <module>
    import omni.kit.test
  File "/root/miniforge3/envs/coordex/lib/python3.11/site-packages/isaacsim/extscache/omni.kit.test-2.0.1+8131b85d.lx64.r.cp311/omni/kit/test/__init__.py", line 7, in <module>
    from . import unittests
  File "/root/miniforge3/envs/coordex/lib/python3.11/site-packages/isaacsim/extscache/omni.kit.test-2.0.1+8131b85d.lx64.r.cp311/omni/kit/test/unittests.py", line 21, in <module>
    from .async_unittest import AsyncTestSuite, AsyncTextTestRunner, OmniTestResult, AsyncTestCase
  File "/root/miniforge3/envs/coordex/lib/python3.11/site-packages/isaacsim/extscache/omni.kit.test-2.0.1+8131b85d.lx64.r.cp311/omni/kit/test/async_unittest.py", line 25, in <module>
    from .reporter import TestReporter
  File "/root/miniforge3/envs/coordex/lib/python3.11/site-packages/isaacsim/extscache/omni.kit.test-2.0.1+8131b85d.lx64.r.cp311/omni/kit/test/reporter.py", line 27, in <module>
    from .test_coverage import generate_coverage_report
  File "/root/miniforge3/envs/coordex/lib/python3.11/site-packages/isaacsim/extscache/omni.kit.test-2.0.1+8131b85d.lx64.r.cp311/omni/kit/test/test_coverage.py", line 10, in <module>
    import coverage
  File "/root/miniforge3/envs/coordex/lib/python3.11/site-packages/coverage/__init__.py", line 24, in <module>
    from coverage.control import (
  File "/root/miniforge3/envs/coordex/lib/python3.11/site-packages/coverage/control.py", line 28, in <module>
    from coverage.collector import Collector, HAS_CTRACER
  File "/root/miniforge3/envs/coordex/lib/python3.11/site-packages/coverage/collector.py", line 19, in <module>
    from coverage.data import CoverageData
  File "/root/miniforge3/envs/coordex/lib/python3.11/site-packages/coverage/data.py", line 24, in <module>
    from coverage.sqldata import CoverageData
  File "/root/miniforge3/envs/coordex/lib/python3.11/site-packages/coverage/sqldata.py", line 16, in <module>
    import sqlite3
  File "/root/miniforge3/envs/coordex/lib/python3.11/sqlite3/__init__.py", line 57, in <module>
    from sqlite3.dbapi2 import *
  File "/root/miniforge3/envs/coordex/lib/python3.11/sqlite3/dbapi2.py", line 27, in <module>
    from _sqlite3 import *
ImportError: /lib/x86_64-linux-gnu/libstdc++.so.6: version `CXXABI_1.3.15' not found (required by /root/miniforge3/envs/coordex/lib/python3.11/lib-dynload/../.././libicui18n.so.78)

2026-08-15T02:02:23Z [8,343ms] [Error] [omni.graph.tools._impl.internal.extension_contents_1_18] Exception while importing test omni.replicator.core.ogn.tests.TestOgnSampleRotation: Traceback (most recent call last):
  File "/root/miniforge3/envs/coordex/lib/python3.11/site-packages/isaacsim/extscache/omni.graph.tools-1.79.2+8131b85d/omni/graph/tools/_impl/internal/extension_contents_1_18.py", line 394, in do_import_test_definition
    test_module = load_module_from_file(test_module_name, test_file)
                  ^^^^^^^^^^^^^^^^^^^^^^^^^^^^^^^^^^^^^^^^^^^^^^^^^^
  File "/root/miniforge3/envs/coordex/lib/python3.11/site-packages/isaacsim/extscache/omni.graph.tools-1.79.2+8131b85d/omni/graph/tools/_impl/internal/file_utils.py", line 239, in load_module_from_file
    spec.loader.exec_module(module)
  File "<frozen importlib._bootstrap_external>", line 940, in exec_module
  File "<frozen importlib._bootstrap>", line 241, in _call_with_frames_removed
  File "/root/miniforge3/envs/coordex/lib/python3.11/site-packages/isaacsim/extscache/omni.replicator.core-1.12.16+107.3.1.lx64.r.cp311/omni/replicator/core/ogn/tests/TestOgnSampleRotation.py", line 2, in <module>
    import omni.kit.test
  File "/root/miniforge3/envs/coordex/lib/python3.11/site-packages/isaacsim/extscache/omni.kit.test-2.0.1+8131b85d.lx64.r.cp311/omni/kit/test/__init__.py", line 7, in <module>
    from . import unittests
  File "/root/miniforge3/envs/coordex/lib/python3.11/site-packages/isaacsim/extscache/omni.kit.test-2.0.1+8131b85d.lx64.r.cp311/omni/kit/test/unittests.py", line 21, in <module>
    from .async_unittest import AsyncTestSuite, AsyncTextTestRunner, OmniTestResult, AsyncTestCase
  File "/root/miniforge3/envs/coordex/lib/python3.11/site-packages/isaacsim/extscache/omni.kit.test-2.0.1+8131b85d.lx64.r.cp311/omni/kit/test/async_unittest.py", line 25, in <module>
    from .reporter import TestReporter
  File "/root/miniforge3/envs/coordex/lib/python3.11/site-packages/isaacsim/extscache/omni.kit.test-2.0.1+8131b85d.lx64.r.cp311/omni/kit/test/reporter.py", line 27, in <module>
    from .test_coverage import generate_coverage_report
  File "/root/miniforge3/envs/coordex/lib/python3.11/site-packages/isaacsim/extscache/omni.kit.test-2.0.1+8131b85d.lx64.r.cp311/omni/kit/test/test_coverage.py", line 10, in <module>
    import coverage
  File "/root/miniforge3/envs/coordex/lib/python3.11/site-packages/coverage/__init__.py", line 24, in <module>
    from coverage.control import (
  File "/root/miniforge3/envs/coordex/lib/python3.11/site-packages/coverage/control.py", line 28, in <module>
    from coverage.collector import Collector, HAS_CTRACER
  File "/root/miniforge3/envs/coordex/lib/python3.11/site-packages/coverage/collector.py", line 19, in <module>
    from coverage.data import CoverageData
  File "/root/miniforge3/envs/coordex/lib/python3.11/site-packages/coverage/data.py", line 24, in <module>
    from coverage.sqldata import CoverageData
  File "/root/miniforge3/envs/coordex/lib/python3.11/site-packages/coverage/sqldata.py", line 16, in <module>
    import sqlite3
  File "/root/miniforge3/envs/coordex/lib/python3.11/sqlite3/__init__.py", line 57, in <module>
    from sqlite3.dbapi2 import *
  File "/root/miniforge3/envs/coordex/lib/python3.11/sqlite3/dbapi2.py", line 27, in <module>
    from _sqlite3 import *
ImportError: /lib/x86_64-linux-gnu/libstdc++.so.6: version `CXXABI_1.3.15' not found (required by /root/miniforge3/envs/coordex/lib/python3.11/lib-dynload/../.././libicui18n.so.78)

2026-08-15T02:02:23Z [8,351ms] [Error] [omni.graph.tools._impl.internal.extension_contents_1_18] Exception while importing test omni.replicator.core.ogn.tests.TestOgnSampleMaterial: Traceback (most recent call last):
  File "/root/miniforge3/envs/coordex/lib/python3.11/site-packages/isaacsim/extscache/omni.graph.tools-1.79.2+8131b85d/omni/graph/tools/_impl/internal/extension_contents_1_18.py", line 394, in do_import_test_definition
    test_module = load_module_from_file(test_module_name, test_file)
                  ^^^^^^^^^^^^^^^^^^^^^^^^^^^^^^^^^^^^^^^^^^^^^^^^^^
  File "/root/miniforge3/envs/coordex/lib/python3.11/site-packages/isaacsim/extscache/omni.graph.tools-1.79.2+8131b85d/omni/graph/tools/_impl/internal/file_utils.py", line 239, in load_module_from_file
    spec.loader.exec_module(module)
  File "<frozen importlib._bootstrap_external>", line 940, in exec_module
  File "<frozen importlib._bootstrap>", line 241, in _call_with_frames_removed
  File "/root/miniforge3/envs/coordex/lib/python3.11/site-packages/isaacsim/extscache/omni.replicator.core-1.12.16+107.3.1.lx64.r.cp311/omni/replicator/core/ogn/tests/TestOgnSampleMaterial.py", line 2, in <module>
    import omni.kit.test
  File "/root/miniforge3/envs/coordex/lib/python3.11/site-packages/isaacsim/extscache/omni.kit.test-2.0.1+8131b85d.lx64.r.cp311/omni/kit/test/__init__.py", line 7, in <module>
    from . import unittests
  File "/root/miniforge3/envs/coordex/lib/python3.11/site-packages/isaacsim/extscache/omni.kit.test-2.0.1+8131b85d.lx64.r.cp311/omni/kit/test/unittests.py", line 21, in <module>
    from .async_unittest import AsyncTestSuite, AsyncTextTestRunner, OmniTestResult, AsyncTestCase
  File "/root/miniforge3/envs/coordex/lib/python3.11/site-packages/isaacsim/extscache/omni.kit.test-2.0.1+8131b85d.lx64.r.cp311/omni/kit/test/async_unittest.py", line 25, in <module>
    from .reporter import TestReporter
  File "/root/miniforge3/envs/coordex/lib/python3.11/site-packages/isaacsim/extscache/omni.kit.test-2.0.1+8131b85d.lx64.r.cp311/omni/kit/test/reporter.py", line 27, in <module>
    from .test_coverage import generate_coverage_report
  File "/root/miniforge3/envs/coordex/lib/python3.11/site-packages/isaacsim/extscache/omni.kit.test-2.0.1+8131b85d.lx64.r.cp311/omni/kit/test/test_coverage.py", line 10, in <module>
    import coverage
  File "/root/miniforge3/envs/coordex/lib/python3.11/site-packages/coverage/__init__.py", line 24, in <module>
    from coverage.control import (
  File "/root/miniforge3/envs/coordex/lib/python3.11/site-packages/coverage/control.py", line 28, in <module>
    from coverage.collector import Collector, HAS_CTRACER
  File "/root/miniforge3/envs/coordex/lib/python3.11/site-packages/coverage/collector.py", line 19, in <module>
    from coverage.data import CoverageData
  File "/root/miniforge3/envs/coordex/lib/python3.11/site-packages/coverage/data.py", line 24, in <module>
    from coverage.sqldata import CoverageData
  File "/root/miniforge3/envs/coordex/lib/python3.11/site-packages/coverage/sqldata.py", line 16, in <module>
    import sqlite3
  File "/root/miniforge3/envs/coordex/lib/python3.11/sqlite3/__init__.py", line 57, in <module>
    from sqlite3.dbapi2 import *
  File "/root/miniforge3/envs/coordex/lib/python3.11/sqlite3/dbapi2.py", line 27, in <module>
    from _sqlite3 import *
ImportError: /lib/x86_64-linux-gnu/libstdc++.so.6: version `CXXABI_1.3.15' not found (required by /root/miniforge3/envs/coordex/lib/python3.11/lib-dynload/../.././libicui18n.so.78)

2026-08-15T02:02:23Z [8,360ms] [Error] [omni.graph.tools._impl.internal.extension_contents_1_18] Exception while importing test omni.replicator.core.ogn.tests.TestOgnGetPrims: Traceback (most recent call last):
  File "/root/miniforge3/envs/coordex/lib/python3.11/site-packages/isaacsim/extscache/omni.graph.tools-1.79.2+8131b85d/omni/graph/tools/_impl/internal/extension_contents_1_18.py", line 394, in do_import_test_definition
    test_module = load_module_from_file(test_module_name, test_file)
                  ^^^^^^^^^^^^^^^^^^^^^^^^^^^^^^^^^^^^^^^^^^^^^^^^^^
  File "/root/miniforge3/envs/coordex/lib/python3.11/site-packages/isaacsim/extscache/omni.graph.tools-1.79.2+8131b85d/omni/graph/tools/_impl/internal/file_utils.py", line 239, in load_module_from_file
    spec.loader.exec_module(module)
  File "<frozen importlib._bootstrap_external>", line 940, in exec_module
  File "<frozen importlib._bootstrap>", line 241, in _call_with_frames_removed
  File "/root/miniforge3/envs/coordex/lib/python3.11/site-packages/isaacsim/extscache/omni.replicator.core-1.12.16+107.3.1.lx64.r.cp311/omni/replicator/core/ogn/tests/TestOgnGetPrims.py", line 2, in <module>
    import omni.kit.test
  File "/root/miniforge3/envs/coordex/lib/python3.11/site-packages/isaacsim/extscache/omni.kit.test-2.0.1+8131b85d.lx64.r.cp311/omni/kit/test/__init__.py", line 7, in <module>
    from . import unittests
  File "/root/miniforge3/envs/coordex/lib/python3.11/site-packages/isaacsim/extscache/omni.kit.test-2.0.1+8131b85d.lx64.r.cp311/omni/kit/test/unittests.py", line 21, in <module>
    from .async_unittest import AsyncTestSuite, AsyncTextTestRunner, OmniTestResult, AsyncTestCase
  File "/root/miniforge3/envs/coordex/lib/python3.11/site-packages/isaacsim/extscache/omni.kit.test-2.0.1+8131b85d.lx64.r.cp311/omni/kit/test/async_unittest.py", line 25, in <module>
    from .reporter import TestReporter
  File "/root/miniforge3/envs/coordex/lib/python3.11/site-packages/isaacsim/extscache/omni.kit.test-2.0.1+8131b85d.lx64.r.cp311/omni/kit/test/reporter.py", line 27, in <module>
    from .test_coverage import generate_coverage_report
  File "/root/miniforge3/envs/coordex/lib/python3.11/site-packages/isaacsim/extscache/omni.kit.test-2.0.1+8131b85d.lx64.r.cp311/omni/kit/test/test_coverage.py", line 10, in <module>
    import coverage
  File "/root/miniforge3/envs/coordex/lib/python3.11/site-packages/coverage/__init__.py", line 24, in <module>
    from coverage.control import (
  File "/root/miniforge3/envs/coordex/lib/python3.11/site-packages/coverage/control.py", line 28, in <module>
    from coverage.collector import Collector, HAS_CTRACER
  File "/root/miniforge3/envs/coordex/lib/python3.11/site-packages/coverage/collector.py", line 19, in <module>
    from coverage.data import CoverageData
  File "/root/miniforge3/envs/coordex/lib/python3.11/site-packages/coverage/data.py", line 24, in <module>
    from coverage.sqldata import CoverageData
  File "/root/miniforge3/envs/coordex/lib/python3.11/site-packages/coverage/sqldata.py", line 16, in <module>
    import sqlite3
  File "/root/miniforge3/envs/coordex/lib/python3.11/sqlite3/__init__.py", line 57, in <module>
    from sqlite3.dbapi2 import *
  File "/root/miniforge3/envs/coordex/lib/python3.11/sqlite3/dbapi2.py", line 27, in <module>
    from _sqlite3 import *
ImportError: /lib/x86_64-linux-gnu/libstdc++.so.6: version `CXXABI_1.3.15' not found (required by /root/miniforge3/envs/coordex/lib/python3.11/lib-dynload/../.././libicui18n.so.78)

2026-08-15T02:02:23Z [8,367ms] [Error] [omni.graph.tools._impl.internal.extension_contents_1_18] Exception while importing test omni.replicator.core.ogn.tests.TestOgnOnFrame: Traceback (most recent call last):
  File "/root/miniforge3/envs/coordex/lib/python3.11/site-packages/isaacsim/extscache/omni.graph.tools-1.79.2+8131b85d/omni/graph/tools/_impl/internal/extension_contents_1_18.py", line 394, in do_import_test_definition
    test_module = load_module_from_file(test_module_name, test_file)
                  ^^^^^^^^^^^^^^^^^^^^^^^^^^^^^^^^^^^^^^^^^^^^^^^^^^
  File "/root/miniforge3/envs/coordex/lib/python3.11/site-packages/isaacsim/extscache/omni.graph.tools-1.79.2+8131b85d/omni/graph/tools/_impl/internal/file_utils.py", line 239, in load_module_from_file
    spec.loader.exec_module(module)
  File "<frozen importlib._bootstrap_external>", line 940, in exec_module
  File "<frozen importlib._bootstrap>", line 241, in _call_with_frames_removed
  File "/root/miniforge3/envs/coordex/lib/python3.11/site-packages/isaacsim/extscache/omni.replicator.core-1.12.16+107.3.1.lx64.r.cp311/omni/replicator/core/ogn/tests/TestOgnOnFrame.py", line 2, in <module>
    import omni.kit.test
  File "/root/miniforge3/envs/coordex/lib/python3.11/site-packages/isaacsim/extscache/omni.kit.test-2.0.1+8131b85d.lx64.r.cp311/omni/kit/test/__init__.py", line 7, in <module>
    from . import unittests
  File "/root/miniforge3/envs/coordex/lib/python3.11/site-packages/isaacsim/extscache/omni.kit.test-2.0.1+8131b85d.lx64.r.cp311/omni/kit/test/unittests.py", line 21, in <module>
    from .async_unittest import AsyncTestSuite, AsyncTextTestRunner, OmniTestResult, AsyncTestCase
  File "/root/miniforge3/envs/coordex/lib/python3.11/site-packages/isaacsim/extscache/omni.kit.test-2.0.1+8131b85d.lx64.r.cp311/omni/kit/test/async_unittest.py", line 25, in <module>
    from .reporter import TestReporter
  File "/root/miniforge3/envs/coordex/lib/python3.11/site-packages/isaacsim/extscache/omni.kit.test-2.0.1+8131b85d.lx64.r.cp311/omni/kit/test/reporter.py", line 27, in <module>
    from .test_coverage import generate_coverage_report
  File "/root/miniforge3/envs/coordex/lib/python3.11/site-packages/isaacsim/extscache/omni.kit.test-2.0.1+8131b85d.lx64.r.cp311/omni/kit/test/test_coverage.py", line 10, in <module>
    import coverage
  File "/root/miniforge3/envs/coordex/lib/python3.11/site-packages/coverage/__init__.py", line 24, in <module>
    from coverage.control import (
  File "/root/miniforge3/envs/coordex/lib/python3.11/site-packages/coverage/control.py", line 28, in <module>
    from coverage.collector import Collector, HAS_CTRACER
  File "/root/miniforge3/envs/coordex/lib/python3.11/site-packages/coverage/collector.py", line 19, in <module>
    from coverage.data import CoverageData
  File "/root/miniforge3/envs/coordex/lib/python3.11/site-packages/coverage/data.py", line 24, in <module>
    from coverage.sqldata import CoverageData
  File "/root/miniforge3/envs/coordex/lib/python3.11/site-packages/coverage/sqldata.py", line 16, in <module>
    import sqlite3
  File "/root/miniforge3/envs/coordex/lib/python3.11/sqlite3/__init__.py", line 57, in <module>
    from sqlite3.dbapi2 import *
  File "/root/miniforge3/envs/coordex/lib/python3.11/sqlite3/dbapi2.py", line 27, in <module>
    from _sqlite3 import *
ImportError: /lib/x86_64-linux-gnu/libstdc++.so.6: version `CXXABI_1.3.15' not found (required by /root/miniforge3/envs/coordex/lib/python3.11/lib-dynload/../.././libicui18n.so.78)

2026-08-15T02:02:23Z [8,382ms] [Error] [omni.graph.tools._impl.internal.extension_contents_1_18] Exception while importing test omni.replicator.core.ogn.tests.TestOgnSampleLogUniform: Traceback (most recent call last):
  File "/root/miniforge3/envs/coordex/lib/python3.11/site-packages/isaacsim/extscache/omni.graph.tools-1.79.2+8131b85d/omni/graph/tools/_impl/internal/extension_contents_1_18.py", line 394, in do_import_test_definition
    test_module = load_module_from_file(test_module_name, test_file)
                  ^^^^^^^^^^^^^^^^^^^^^^^^^^^^^^^^^^^^^^^^^^^^^^^^^^
  File "/root/miniforge3/envs/coordex/lib/python3.11/site-packages/isaacsim/extscache/omni.graph.tools-1.79.2+8131b85d/omni/graph/tools/_impl/internal/file_utils.py", line 239, in load_module_from_file
    spec.loader.exec_module(module)
  File "<frozen importlib._bootstrap_external>", line 940, in exec_module
  File "<frozen importlib._bootstrap>", line 241, in _call_with_frames_removed
  File "/root/miniforge3/envs/coordex/lib/python3.11/site-packages/isaacsim/extscache/omni.replicator.core-1.12.16+107.3.1.lx64.r.cp311/omni/replicator/core/ogn/tests/TestOgnSampleLogUniform.py", line 2, in <module>
    import omni.kit.test
  File "/root/miniforge3/envs/coordex/lib/python3.11/site-packages/isaacsim/extscache/omni.kit.test-2.0.1+8131b85d.lx64.r.cp311/omni/kit/test/__init__.py", line 7, in <module>
    from . import unittests
  File "/root/miniforge3/envs/coordex/lib/python3.11/site-packages/isaacsim/extscache/omni.kit.test-2.0.1+8131b85d.lx64.r.cp311/omni/kit/test/unittests.py", line 21, in <module>
    from .async_unittest import AsyncTestSuite, AsyncTextTestRunner, OmniTestResult, AsyncTestCase
  File "/root/miniforge3/envs/coordex/lib/python3.11/site-packages/isaacsim/extscache/omni.kit.test-2.0.1+8131b85d.lx64.r.cp311/omni/kit/test/async_unittest.py", line 25, in <module>
    from .reporter import TestReporter
  File "/root/miniforge3/envs/coordex/lib/python3.11/site-packages/isaacsim/extscache/omni.kit.test-2.0.1+8131b85d.lx64.r.cp311/omni/kit/test/reporter.py", line 27, in <module>
    from .test_coverage import generate_coverage_report
  File "/root/miniforge3/envs/coordex/lib/python3.11/site-packages/isaacsim/extscache/omni.kit.test-2.0.1+8131b85d.lx64.r.cp311/omni/kit/test/test_coverage.py", line 10, in <module>
    import coverage
  File "/root/miniforge3/envs/coordex/lib/python3.11/site-packages/coverage/__init__.py", line 24, in <module>
    from coverage.control import (
  File "/root/miniforge3/envs/coordex/lib/python3.11/site-packages/coverage/control.py", line 28, in <module>
    from coverage.collector import Collector, HAS_CTRACER
  File "/root/miniforge3/envs/coordex/lib/python3.11/site-packages/coverage/collector.py", line 19, in <module>
    from coverage.data import CoverageData
  File "/root/miniforge3/envs/coordex/lib/python3.11/site-packages/coverage/data.py", line 24, in <module>
    from coverage.sqldata import CoverageData
  File "/root/miniforge3/envs/coordex/lib/python3.11/site-packages/coverage/sqldata.py", line 16, in <module>
    import sqlite3
  File "/root/miniforge3/envs/coordex/lib/python3.11/sqlite3/__init__.py", line 57, in <module>
    from sqlite3.dbapi2 import *
  File "/root/miniforge3/envs/coordex/lib/python3.11/sqlite3/dbapi2.py", line 27, in <module>
    from _sqlite3 import *
ImportError: /lib/x86_64-linux-gnu/libstdc++.so.6: version `CXXABI_1.3.15' not found (required by /root/miniforge3/envs/coordex/lib/python3.11/lib-dynload/../.././libicui18n.so.78)

2026-08-15T02:02:23Z [8,405ms] [Error] [omni.graph.tools._impl.internal.extension_contents_1_18] Exception while importing test omni.replicator.core.ogn.tests.TestOgnSetPivot: Traceback (most recent call last):
  File "/root/miniforge3/envs/coordex/lib/python3.11/site-packages/isaacsim/extscache/omni.graph.tools-1.79.2+8131b85d/omni/graph/tools/_impl/internal/extension_contents_1_18.py", line 394, in do_import_test_definition
    test_module = load_module_from_file(test_module_name, test_file)
                  ^^^^^^^^^^^^^^^^^^^^^^^^^^^^^^^^^^^^^^^^^^^^^^^^^^
  File "/root/miniforge3/envs/coordex/lib/python3.11/site-packages/isaacsim/extscache/omni.graph.tools-1.79.2+8131b85d/omni/graph/tools/_impl/internal/file_utils.py", line 239, in load_module_from_file
    spec.loader.exec_module(module)
  File "<frozen importlib._bootstrap_external>", line 940, in exec_module
  File "<frozen importlib._bootstrap>", line 241, in _call_with_frames_removed
  File "/root/miniforge3/envs/coordex/lib/python3.11/site-packages/isaacsim/extscache/omni.replicator.core-1.12.16+107.3.1.lx64.r.cp311/omni/replicator/core/ogn/tests/TestOgnSetPivot.py", line 2, in <module>
    import omni.kit.test
  File "/root/miniforge3/envs/coordex/lib/python3.11/site-packages/isaacsim/extscache/omni.kit.test-2.0.1+8131b85d.lx64.r.cp311/omni/kit/test/__init__.py", line 7, in <module>
    from . import unittests
  File "/root/miniforge3/envs/coordex/lib/python3.11/site-packages/isaacsim/extscache/omni.kit.test-2.0.1+8131b85d.lx64.r.cp311/omni/kit/test/unittests.py", line 21, in <module>
    from .async_unittest import AsyncTestSuite, AsyncTextTestRunner, OmniTestResult, AsyncTestCase
  File "/root/miniforge3/envs/coordex/lib/python3.11/site-packages/isaacsim/extscache/omni.kit.test-2.0.1+8131b85d.lx64.r.cp311/omni/kit/test/async_unittest.py", line 25, in <module>
    from .reporter import TestReporter
  File "/root/miniforge3/envs/coordex/lib/python3.11/site-packages/isaacsim/extscache/omni.kit.test-2.0.1+8131b85d.lx64.r.cp311/omni/kit/test/reporter.py", line 27, in <module>
    from .test_coverage import generate_coverage_report
  File "/root/miniforge3/envs/coordex/lib/python3.11/site-packages/isaacsim/extscache/omni.kit.test-2.0.1+8131b85d.lx64.r.cp311/omni/kit/test/test_coverage.py", line 10, in <module>
    import coverage
  File "/root/miniforge3/envs/coordex/lib/python3.11/site-packages/coverage/__init__.py", line 24, in <module>
    from coverage.control import (
  File "/root/miniforge3/envs/coordex/lib/python3.11/site-packages/coverage/control.py", line 28, in <module>
    from coverage.collector import Collector, HAS_CTRACER
  File "/root/miniforge3/envs/coordex/lib/python3.11/site-packages/coverage/collector.py", line 19, in <module>
    from coverage.data import CoverageData
  File "/root/miniforge3/envs/coordex/lib/python3.11/site-packages/coverage/data.py", line 24, in <module>
    from coverage.sqldata import CoverageData
  File "/root/miniforge3/envs/coordex/lib/python3.11/site-packages/coverage/sqldata.py", line 16, in <module>
    import sqlite3
  File "/root/miniforge3/envs/coordex/lib/python3.11/sqlite3/__init__.py", line 57, in <module>
    from sqlite3.dbapi2 import *
  File "/root/miniforge3/envs/coordex/lib/python3.11/sqlite3/dbapi2.py", line 27, in <module>
    from _sqlite3 import *
ImportError: /lib/x86_64-linux-gnu/libstdc++.so.6: version `CXXABI_1.3.15' not found (required by /root/miniforge3/envs/coordex/lib/python3.11/lib-dynload/../.././libicui18n.so.78)

2026-08-15T02:02:23Z [8,430ms] [Error] [omni.graph.tools._impl.internal.extension_contents_1_18] Exception while importing test omni.replicator.core.ogn.tests.TestOgnSampleChoice: Traceback (most recent call last):
  File "/root/miniforge3/envs/coordex/lib/python3.11/site-packages/isaacsim/extscache/omni.graph.tools-1.79.2+8131b85d/omni/graph/tools/_impl/internal/extension_contents_1_18.py", line 394, in do_import_test_definition
    test_module = load_module_from_file(test_module_name, test_file)
                  ^^^^^^^^^^^^^^^^^^^^^^^^^^^^^^^^^^^^^^^^^^^^^^^^^^
  File "/root/miniforge3/envs/coordex/lib/python3.11/site-packages/isaacsim/extscache/omni.graph.tools-1.79.2+8131b85d/omni/graph/tools/_impl/internal/file_utils.py", line 239, in load_module_from_file
    spec.loader.exec_module(module)
  File "<frozen importlib._bootstrap_external>", line 940, in exec_module
  File "<frozen importlib._bootstrap>", line 241, in _call_with_frames_removed
  File "/root/miniforge3/envs/coordex/lib/python3.11/site-packages/isaacsim/extscache/omni.replicator.core-1.12.16+107.3.1.lx64.r.cp311/omni/replicator/core/ogn/tests/TestOgnSampleChoice.py", line 2, in <module>
    import omni.kit.test
  File "/root/miniforge3/envs/coordex/lib/python3.11/site-packages/isaacsim/extscache/omni.kit.test-2.0.1+8131b85d.lx64.r.cp311/omni/kit/test/__init__.py", line 7, in <module>
    from . import unittests
  File "/root/miniforge3/envs/coordex/lib/python3.11/site-packages/isaacsim/extscache/omni.kit.test-2.0.1+8131b85d.lx64.r.cp311/omni/kit/test/unittests.py", line 21, in <module>
    from .async_unittest import AsyncTestSuite, AsyncTextTestRunner, OmniTestResult, AsyncTestCase
  File "/root/miniforge3/envs/coordex/lib/python3.11/site-packages/isaacsim/extscache/omni.kit.test-2.0.1+8131b85d.lx64.r.cp311/omni/kit/test/async_unittest.py", line 25, in <module>
    from .reporter import TestReporter
  File "/root/miniforge3/envs/coordex/lib/python3.11/site-packages/isaacsim/extscache/omni.kit.test-2.0.1+8131b85d.lx64.r.cp311/omni/kit/test/reporter.py", line 27, in <module>
    from .test_coverage import generate_coverage_report
  File "/root/miniforge3/envs/coordex/lib/python3.11/site-packages/isaacsim/extscache/omni.kit.test-2.0.1+8131b85d.lx64.r.cp311/omni/kit/test/test_coverage.py", line 10, in <module>
    import coverage
  File "/root/miniforge3/envs/coordex/lib/python3.11/site-packages/coverage/__init__.py", line 24, in <module>
    from coverage.control import (
  File "/root/miniforge3/envs/coordex/lib/python3.11/site-packages/coverage/control.py", line 28, in <module>
    from coverage.collector import Collector, HAS_CTRACER
  File "/root/miniforge3/envs/coordex/lib/python3.11/site-packages/coverage/collector.py", line 19, in <module>
    from coverage.data import CoverageData
  File "/root/miniforge3/envs/coordex/lib/python3.11/site-packages/coverage/data.py", line 24, in <module>
    from coverage.sqldata import CoverageData
  File "/root/miniforge3/envs/coordex/lib/python3.11/site-packages/coverage/sqldata.py", line 16, in <module>
    import sqlite3
  File "/root/miniforge3/envs/coordex/lib/python3.11/sqlite3/__init__.py", line 57, in <module>
    from sqlite3.dbapi2 import *
  File "/root/miniforge3/envs/coordex/lib/python3.11/sqlite3/dbapi2.py", line 27, in <module>
    from _sqlite3 import *
ImportError: /lib/x86_64-linux-gnu/libstdc++.so.6: version `CXXABI_1.3.15' not found (required by /root/miniforge3/envs/coordex/lib/python3.11/lib-dynload/../.././libicui18n.so.78)

2026-08-15T02:02:23Z [8,463ms] [Error] [omni.graph.tools._impl.internal.extension_contents_1_18] Exception while importing test omni.replicator.core.ogn.tests.TestOgnGetSkeletonData: Traceback (most recent call last):
  File "/root/miniforge3/envs/coordex/lib/python3.11/site-packages/isaacsim/extscache/omni.graph.tools-1.79.2+8131b85d/omni/graph/tools/_impl/internal/extension_contents_1_18.py", line 394, in do_import_test_definition
    test_module = load_module_from_file(test_module_name, test_file)
                  ^^^^^^^^^^^^^^^^^^^^^^^^^^^^^^^^^^^^^^^^^^^^^^^^^^
  File "/root/miniforge3/envs/coordex/lib/python3.11/site-packages/isaacsim/extscache/omni.graph.tools-1.79.2+8131b85d/omni/graph/tools/_impl/internal/file_utils.py", line 239, in load_module_from_file
    spec.loader.exec_module(module)
  File "<frozen importlib._bootstrap_external>", line 940, in exec_module
  File "<frozen importlib._bootstrap>", line 241, in _call_with_frames_removed
  File "/root/miniforge3/envs/coordex/lib/python3.11/site-packages/isaacsim/extscache/omni.replicator.core-1.12.16+107.3.1.lx64.r.cp311/omni/replicator/core/ogn/tests/TestOgnGetSkeletonData.py", line 2, in <module>
    import omni.kit.test
  File "/root/miniforge3/envs/coordex/lib/python3.11/site-packages/isaacsim/extscache/omni.kit.test-2.0.1+8131b85d.lx64.r.cp311/omni/kit/test/__init__.py", line 7, in <module>
    from . import unittests
  File "/root/miniforge3/envs/coordex/lib/python3.11/site-packages/isaacsim/extscache/omni.kit.test-2.0.1+8131b85d.lx64.r.cp311/omni/kit/test/unittests.py", line 21, in <module>
    from .async_unittest import AsyncTestSuite, AsyncTextTestRunner, OmniTestResult, AsyncTestCase
  File "/root/miniforge3/envs/coordex/lib/python3.11/site-packages/isaacsim/extscache/omni.kit.test-2.0.1+8131b85d.lx64.r.cp311/omni/kit/test/async_unittest.py", line 25, in <module>
    from .reporter import TestReporter
  File "/root/miniforge3/envs/coordex/lib/python3.11/site-packages/isaacsim/extscache/omni.kit.test-2.0.1+8131b85d.lx64.r.cp311/omni/kit/test/reporter.py", line 27, in <module>
    from .test_coverage import generate_coverage_report
  File "/root/miniforge3/envs/coordex/lib/python3.11/site-packages/isaacsim/extscache/omni.kit.test-2.0.1+8131b85d.lx64.r.cp311/omni/kit/test/test_coverage.py", line 10, in <module>
    import coverage
  File "/root/miniforge3/envs/coordex/lib/python3.11/site-packages/coverage/__init__.py", line 24, in <module>
    from coverage.control import (
  File "/root/miniforge3/envs/coordex/lib/python3.11/site-packages/coverage/control.py", line 28, in <module>
    from coverage.collector import Collector, HAS_CTRACER
  File "/root/miniforge3/envs/coordex/lib/python3.11/site-packages/coverage/collector.py", line 19, in <module>
    from coverage.data import CoverageData
  File "/root/miniforge3/envs/coordex/lib/python3.11/site-packages/coverage/data.py", line 24, in <module>
    from coverage.sqldata import CoverageData
  File "/root/miniforge3/envs/coordex/lib/python3.11/site-packages/coverage/sqldata.py", line 16, in <module>
    import sqlite3
  File "/root/miniforge3/envs/coordex/lib/python3.11/sqlite3/__init__.py", line 57, in <module>
    from sqlite3.dbapi2 import *
  File "/root/miniforge3/envs/coordex/lib/python3.11/sqlite3/dbapi2.py", line 27, in <module>
    from _sqlite3 import *
ImportError: /lib/x86_64-linux-gnu/libstdc++.so.6: version `CXXABI_1.3.15' not found (required by /root/miniforge3/envs/coordex/lib/python3.11/lib-dynload/../.././libicui18n.so.78)

2026-08-15T02:02:23Z [8,482ms] [Error] [omni.graph.tools._impl.internal.extension_contents_1_18] Exception while importing test omni.replicator.core.ogn.tests.TestOgnWritePrimAttribute: Traceback (most recent call last):
  File "/root/miniforge3/envs/coordex/lib/python3.11/site-packages/isaacsim/extscache/omni.graph.tools-1.79.2+8131b85d/omni/graph/tools/_impl/internal/extension_contents_1_18.py", line 394, in do_import_test_definition
    test_module = load_module_from_file(test_module_name, test_file)
                  ^^^^^^^^^^^^^^^^^^^^^^^^^^^^^^^^^^^^^^^^^^^^^^^^^^
  File "/root/miniforge3/envs/coordex/lib/python3.11/site-packages/isaacsim/extscache/omni.graph.tools-1.79.2+8131b85d/omni/graph/tools/_impl/internal/file_utils.py", line 239, in load_module_from_file
    spec.loader.exec_module(module)
  File "<frozen importlib._bootstrap_external>", line 940, in exec_module
  File "<frozen importlib._bootstrap>", line 241, in _call_with_frames_removed
  File "/root/miniforge3/envs/coordex/lib/python3.11/site-packages/isaacsim/extscache/omni.replicator.core-1.12.16+107.3.1.lx64.r.cp311/omni/replicator/core/ogn/tests/TestOgnWritePrimAttribute.py", line 2, in <module>
    import omni.kit.test
  File "/root/miniforge3/envs/coordex/lib/python3.11/site-packages/isaacsim/extscache/omni.kit.test-2.0.1+8131b85d.lx64.r.cp311/omni/kit/test/__init__.py", line 7, in <module>
    from . import unittests
  File "/root/miniforge3/envs/coordex/lib/python3.11/site-packages/isaacsim/extscache/omni.kit.test-2.0.1+8131b85d.lx64.r.cp311/omni/kit/test/unittests.py", line 21, in <module>
    from .async_unittest import AsyncTestSuite, AsyncTextTestRunner, OmniTestResult, AsyncTestCase
  File "/root/miniforge3/envs/coordex/lib/python3.11/site-packages/isaacsim/extscache/omni.kit.test-2.0.1+8131b85d.lx64.r.cp311/omni/kit/test/async_unittest.py", line 25, in <module>
    from .reporter import TestReporter
  File "/root/miniforge3/envs/coordex/lib/python3.11/site-packages/isaacsim/extscache/omni.kit.test-2.0.1+8131b85d.lx64.r.cp311/omni/kit/test/reporter.py", line 27, in <module>
    from .test_coverage import generate_coverage_report
  File "/root/miniforge3/envs/coordex/lib/python3.11/site-packages/isaacsim/extscache/omni.kit.test-2.0.1+8131b85d.lx64.r.cp311/omni/kit/test/test_coverage.py", line 10, in <module>
    import coverage
  File "/root/miniforge3/envs/coordex/lib/python3.11/site-packages/coverage/__init__.py", line 24, in <module>
    from coverage.control import (
  File "/root/miniforge3/envs/coordex/lib/python3.11/site-packages/coverage/control.py", line 28, in <module>
    from coverage.collector import Collector, HAS_CTRACER
  File "/root/miniforge3/envs/coordex/lib/python3.11/site-packages/coverage/collector.py", line 19, in <module>
    from coverage.data import CoverageData
  File "/root/miniforge3/envs/coordex/lib/python3.11/site-packages/coverage/data.py", line 24, in <module>
    from coverage.sqldata import CoverageData
  File "/root/miniforge3/envs/coordex/lib/python3.11/site-packages/coverage/sqldata.py", line 16, in <module>
    import sqlite3
  File "/root/miniforge3/envs/coordex/lib/python3.11/sqlite3/__init__.py", line 57, in <module>
    from sqlite3.dbapi2 import *
  File "/root/miniforge3/envs/coordex/lib/python3.11/sqlite3/dbapi2.py", line 27, in <module>
    from _sqlite3 import *
ImportError: /lib/x86_64-linux-gnu/libstdc++.so.6: version `CXXABI_1.3.15' not found (required by /root/miniforge3/envs/coordex/lib/python3.11/lib-dynload/../.././libicui18n.so.78)

2026-08-15T02:02:23Z [8,507ms] [Error] [omni.graph.tools._impl.internal.extension_contents_1_18] Exception while importing test omni.replicator.core.ogn.tests.TestOgnCreateProjectionMaterial: Traceback (most recent call last):
  File "/root/miniforge3/envs/coordex/lib/python3.11/site-packages/isaacsim/extscache/omni.graph.tools-1.79.2+8131b85d/omni/graph/tools/_impl/internal/extension_contents_1_18.py", line 394, in do_import_test_definition
    test_module = load_module_from_file(test_module_name, test_file)
                  ^^^^^^^^^^^^^^^^^^^^^^^^^^^^^^^^^^^^^^^^^^^^^^^^^^
  File "/root/miniforge3/envs/coordex/lib/python3.11/site-packages/isaacsim/extscache/omni.graph.tools-1.79.2+8131b85d/omni/graph/tools/_impl/internal/file_utils.py", line 239, in load_module_from_file
    spec.loader.exec_module(module)
  File "<frozen importlib._bootstrap_external>", line 940, in exec_module
  File "<frozen importlib._bootstrap>", line 241, in _call_with_frames_removed
  File "/root/miniforge3/envs/coordex/lib/python3.11/site-packages/isaacsim/extscache/omni.replicator.core-1.12.16+107.3.1.lx64.r.cp311/omni/replicator/core/ogn/tests/TestOgnCreateProjectionMaterial.py", line 2, in <module>
    import omni.kit.test
  File "/root/miniforge3/envs/coordex/lib/python3.11/site-packages/isaacsim/extscache/omni.kit.test-2.0.1+8131b85d.lx64.r.cp311/omni/kit/test/__init__.py", line 7, in <module>
    from . import unittests
  File "/root/miniforge3/envs/coordex/lib/python3.11/site-packages/isaacsim/extscache/omni.kit.test-2.0.1+8131b85d.lx64.r.cp311/omni/kit/test/unittests.py", line 21, in <module>
    from .async_unittest import AsyncTestSuite, AsyncTextTestRunner, OmniTestResult, AsyncTestCase
  File "/root/miniforge3/envs/coordex/lib/python3.11/site-packages/isaacsim/extscache/omni.kit.test-2.0.1+8131b85d.lx64.r.cp311/omni/kit/test/async_unittest.py", line 25, in <module>
    from .reporter import TestReporter
  File "/root/miniforge3/envs/coordex/lib/python3.11/site-packages/isaacsim/extscache/omni.kit.test-2.0.1+8131b85d.lx64.r.cp311/omni/kit/test/reporter.py", line 27, in <module>
    from .test_coverage import generate_coverage_report
  File "/root/miniforge3/envs/coordex/lib/python3.11/site-packages/isaacsim/extscache/omni.kit.test-2.0.1+8131b85d.lx64.r.cp311/omni/kit/test/test_coverage.py", line 10, in <module>
    import coverage
  File "/root/miniforge3/envs/coordex/lib/python3.11/site-packages/coverage/__init__.py", line 24, in <module>
    from coverage.control import (
  File "/root/miniforge3/envs/coordex/lib/python3.11/site-packages/coverage/control.py", line 28, in <module>
    from coverage.collector import Collector, HAS_CTRACER
  File "/root/miniforge3/envs/coordex/lib/python3.11/site-packages/coverage/collector.py", line 19, in <module>
    from coverage.data import CoverageData
  File "/root/miniforge3/envs/coordex/lib/python3.11/site-packages/coverage/data.py", line 24, in <module>
    from coverage.sqldata import CoverageData
  File "/root/miniforge3/envs/coordex/lib/python3.11/site-packages/coverage/sqldata.py", line 16, in <module>
    import sqlite3
  File "/root/miniforge3/envs/coordex/lib/python3.11/sqlite3/__init__.py", line 57, in <module>
    from sqlite3.dbapi2 import *
  File "/root/miniforge3/envs/coordex/lib/python3.11/sqlite3/dbapi2.py", line 27, in <module>
    from _sqlite3 import *
ImportError: /lib/x86_64-linux-gnu/libstdc++.so.6: version `CXXABI_1.3.15' not found (required by /root/miniforge3/envs/coordex/lib/python3.11/lib-dynload/../.././libicui18n.so.78)

2026-08-15T02:02:23Z [8,538ms] [Error] [omni.graph.tools._impl.internal.extension_contents_1_18] Exception while importing test omni.replicator.core.ogn.tests.TestOgnModifyAnimationTarget: Traceback (most recent call last):
  File "/root/miniforge3/envs/coordex/lib/python3.11/site-packages/isaacsim/extscache/omni.graph.tools-1.79.2+8131b85d/omni/graph/tools/_impl/internal/extension_contents_1_18.py", line 394, in do_import_test_definition
    test_module = load_module_from_file(test_module_name, test_file)
                  ^^^^^^^^^^^^^^^^^^^^^^^^^^^^^^^^^^^^^^^^^^^^^^^^^^
  File "/root/miniforge3/envs/coordex/lib/python3.11/site-packages/isaacsim/extscache/omni.graph.tools-1.79.2+8131b85d/omni/graph/tools/_impl/internal/file_utils.py", line 239, in load_module_from_file
    spec.loader.exec_module(module)
  File "<frozen importlib._bootstrap_external>", line 940, in exec_module
  File "<frozen importlib._bootstrap>", line 241, in _call_with_frames_removed
  File "/root/miniforge3/envs/coordex/lib/python3.11/site-packages/isaacsim/extscache/omni.replicator.core-1.12.16+107.3.1.lx64.r.cp311/omni/replicator/core/ogn/tests/TestOgnModifyAnimationTarget.py", line 2, in <module>
    import omni.kit.test
  File "/root/miniforge3/envs/coordex/lib/python3.11/site-packages/isaacsim/extscache/omni.kit.test-2.0.1+8131b85d.lx64.r.cp311/omni/kit/test/__init__.py", line 7, in <module>
    from . import unittests
  File "/root/miniforge3/envs/coordex/lib/python3.11/site-packages/isaacsim/extscache/omni.kit.test-2.0.1+8131b85d.lx64.r.cp311/omni/kit/test/unittests.py", line 21, in <module>
    from .async_unittest import AsyncTestSuite, AsyncTextTestRunner, OmniTestResult, AsyncTestCase
  File "/root/miniforge3/envs/coordex/lib/python3.11/site-packages/isaacsim/extscache/omni.kit.test-2.0.1+8131b85d.lx64.r.cp311/omni/kit/test/async_unittest.py", line 25, in <module>
    from .reporter import TestReporter
  File "/root/miniforge3/envs/coordex/lib/python3.11/site-packages/isaacsim/extscache/omni.kit.test-2.0.1+8131b85d.lx64.r.cp311/omni/kit/test/reporter.py", line 27, in <module>
    from .test_coverage import generate_coverage_report
  File "/root/miniforge3/envs/coordex/lib/python3.11/site-packages/isaacsim/extscache/omni.kit.test-2.0.1+8131b85d.lx64.r.cp311/omni/kit/test/test_coverage.py", line 10, in <module>
    import coverage
  File "/root/miniforge3/envs/coordex/lib/python3.11/site-packages/coverage/__init__.py", line 24, in <module>
    from coverage.control import (
  File "/root/miniforge3/envs/coordex/lib/python3.11/site-packages/coverage/control.py", line 28, in <module>
    from coverage.collector import Collector, HAS_CTRACER
  File "/root/miniforge3/envs/coordex/lib/python3.11/site-packages/coverage/collector.py", line 19, in <module>
    from coverage.data import CoverageData
  File "/root/miniforge3/envs/coordex/lib/python3.11/site-packages/coverage/data.py", line 24, in <module>
    from coverage.sqldata import CoverageData
  File "/root/miniforge3/envs/coordex/lib/python3.11/site-packages/coverage/sqldata.py", line 16, in <module>
    import sqlite3
  File "/root/miniforge3/envs/coordex/lib/python3.11/sqlite3/__init__.py", line 57, in <module>
    from sqlite3.dbapi2 import *
  File "/root/miniforge3/envs/coordex/lib/python3.11/sqlite3/dbapi2.py", line 27, in <module>
    from _sqlite3 import *
ImportError: /lib/x86_64-linux-gnu/libstdc++.so.6: version `CXXABI_1.3.15' not found (required by /root/miniforge3/envs/coordex/lib/python3.11/lib-dynload/../.././libicui18n.so.78)

2026-08-15T02:02:23Z [8,555ms] [Error] [omni.graph.tools._impl.internal.extension_contents_1_18] Exception while importing test omni.replicator.core.ogn.tests.TestOgnSampleCombine: Traceback (most recent call last):
  File "/root/miniforge3/envs/coordex/lib/python3.11/site-packages/isaacsim/extscache/omni.graph.tools-1.79.2+8131b85d/omni/graph/tools/_impl/internal/extension_contents_1_18.py", line 394, in do_import_test_definition
    test_module = load_module_from_file(test_module_name, test_file)
                  ^^^^^^^^^^^^^^^^^^^^^^^^^^^^^^^^^^^^^^^^^^^^^^^^^^
  File "/root/miniforge3/envs/coordex/lib/python3.11/site-packages/isaacsim/extscache/omni.graph.tools-1.79.2+8131b85d/omni/graph/tools/_impl/internal/file_utils.py", line 239, in load_module_from_file
    spec.loader.exec_module(module)
  File "<frozen importlib._bootstrap_external>", line 940, in exec_module
  File "<frozen importlib._bootstrap>", line 241, in _call_with_frames_removed
  File "/root/miniforge3/envs/coordex/lib/python3.11/site-packages/isaacsim/extscache/omni.replicator.core-1.12.16+107.3.1.lx64.r.cp311/omni/replicator/core/ogn/tests/TestOgnSampleCombine.py", line 2, in <module>
    import omni.kit.test
  File "/root/miniforge3/envs/coordex/lib/python3.11/site-packages/isaacsim/extscache/omni.kit.test-2.0.1+8131b85d.lx64.r.cp311/omni/kit/test/__init__.py", line 7, in <module>
    from . import unittests
  File "/root/miniforge3/envs/coordex/lib/python3.11/site-packages/isaacsim/extscache/omni.kit.test-2.0.1+8131b85d.lx64.r.cp311/omni/kit/test/unittests.py", line 21, in <module>
    from .async_unittest import AsyncTestSuite, AsyncTextTestRunner, OmniTestResult, AsyncTestCase
  File "/root/miniforge3/envs/coordex/lib/python3.11/site-packages/isaacsim/extscache/omni.kit.test-2.0.1+8131b85d.lx64.r.cp311/omni/kit/test/async_unittest.py", line 25, in <module>
    from .reporter import TestReporter
  File "/root/miniforge3/envs/coordex/lib/python3.11/site-packages/isaacsim/extscache/omni.kit.test-2.0.1+8131b85d.lx64.r.cp311/omni/kit/test/reporter.py", line 27, in <module>
    from .test_coverage import generate_coverage_report
  File "/root/miniforge3/envs/coordex/lib/python3.11/site-packages/isaacsim/extscache/omni.kit.test-2.0.1+8131b85d.lx64.r.cp311/omni/kit/test/test_coverage.py", line 10, in <module>
    import coverage
  File "/root/miniforge3/envs/coordex/lib/python3.11/site-packages/coverage/__init__.py", line 24, in <module>
    from coverage.control import (
  File "/root/miniforge3/envs/coordex/lib/python3.11/site-packages/coverage/control.py", line 28, in <module>
    from coverage.collector import Collector, HAS_CTRACER
  File "/root/miniforge3/envs/coordex/lib/python3.11/site-packages/coverage/collector.py", line 19, in <module>
    from coverage.data import CoverageData
  File "/root/miniforge3/envs/coordex/lib/python3.11/site-packages/coverage/data.py", line 24, in <module>
    from coverage.sqldata import CoverageData
  File "/root/miniforge3/envs/coordex/lib/python3.11/site-packages/coverage/sqldata.py", line 16, in <module>
    import sqlite3
  File "/root/miniforge3/envs/coordex/lib/python3.11/sqlite3/__init__.py", line 57, in <module>
    from sqlite3.dbapi2 import *
  File "/root/miniforge3/envs/coordex/lib/python3.11/sqlite3/dbapi2.py", line 27, in <module>
    from _sqlite3 import *
ImportError: /lib/x86_64-linux-gnu/libstdc++.so.6: version `CXXABI_1.3.15' not found (required by /root/miniforge3/envs/coordex/lib/python3.11/lib-dynload/../.././libicui18n.so.78)

2026-08-15T02:02:23Z [8,570ms] [Error] [omni.graph.tools._impl.internal.extension_contents_1_18] Exception while importing test omni.replicator.core.ogn.tests.TestOgnConditionScript: Traceback (most recent call last):
  File "/root/miniforge3/envs/coordex/lib/python3.11/site-packages/isaacsim/extscache/omni.graph.tools-1.79.2+8131b85d/omni/graph/tools/_impl/internal/extension_contents_1_18.py", line 394, in do_import_test_definition
    test_module = load_module_from_file(test_module_name, test_file)
                  ^^^^^^^^^^^^^^^^^^^^^^^^^^^^^^^^^^^^^^^^^^^^^^^^^^
  File "/root/miniforge3/envs/coordex/lib/python3.11/site-packages/isaacsim/extscache/omni.graph.tools-1.79.2+8131b85d/omni/graph/tools/_impl/internal/file_utils.py", line 239, in load_module_from_file
    spec.loader.exec_module(module)
  File "<frozen importlib._bootstrap_external>", line 940, in exec_module
  File "<frozen importlib._bootstrap>", line 241, in _call_with_frames_removed
  File "/root/miniforge3/envs/coordex/lib/python3.11/site-packages/isaacsim/extscache/omni.replicator.core-1.12.16+107.3.1.lx64.r.cp311/omni/replicator/core/ogn/tests/TestOgnConditionScript.py", line 2, in <module>
    import omni.kit.test
  File "/root/miniforge3/envs/coordex/lib/python3.11/site-packages/isaacsim/extscache/omni.kit.test-2.0.1+8131b85d.lx64.r.cp311/omni/kit/test/__init__.py", line 7, in <module>
    from . import unittests
  File "/root/miniforge3/envs/coordex/lib/python3.11/site-packages/isaacsim/extscache/omni.kit.test-2.0.1+8131b85d.lx64.r.cp311/omni/kit/test/unittests.py", line 21, in <module>
    from .async_unittest import AsyncTestSuite, AsyncTextTestRunner, OmniTestResult, AsyncTestCase
  File "/root/miniforge3/envs/coordex/lib/python3.11/site-packages/isaacsim/extscache/omni.kit.test-2.0.1+8131b85d.lx64.r.cp311/omni/kit/test/async_unittest.py", line 25, in <module>
    from .reporter import TestReporter
  File "/root/miniforge3/envs/coordex/lib/python3.11/site-packages/isaacsim/extscache/omni.kit.test-2.0.1+8131b85d.lx64.r.cp311/omni/kit/test/reporter.py", line 27, in <module>
    from .test_coverage import generate_coverage_report
  File "/root/miniforge3/envs/coordex/lib/python3.11/site-packages/isaacsim/extscache/omni.kit.test-2.0.1+8131b85d.lx64.r.cp311/omni/kit/test/test_coverage.py", line 10, in <module>
    import coverage
  File "/root/miniforge3/envs/coordex/lib/python3.11/site-packages/coverage/__init__.py", line 24, in <module>
    from coverage.control import (
  File "/root/miniforge3/envs/coordex/lib/python3.11/site-packages/coverage/control.py", line 28, in <module>
    from coverage.collector import Collector, HAS_CTRACER
  File "/root/miniforge3/envs/coordex/lib/python3.11/site-packages/coverage/collector.py", line 19, in <module>
    from coverage.data import CoverageData
  File "/root/miniforge3/envs/coordex/lib/python3.11/site-packages/coverage/data.py", line 24, in <module>
    from coverage.sqldata import CoverageData
  File "/root/miniforge3/envs/coordex/lib/python3.11/site-packages/coverage/sqldata.py", line 16, in <module>
    import sqlite3
  File "/root/miniforge3/envs/coordex/lib/python3.11/sqlite3/__init__.py", line 57, in <module>
    from sqlite3.dbapi2 import *
  File "/root/miniforge3/envs/coordex/lib/python3.11/sqlite3/dbapi2.py", line 27, in <module>
    from _sqlite3 import *
ImportError: /lib/x86_64-linux-gnu/libstdc++.so.6: version `CXXABI_1.3.15' not found (required by /root/miniforge3/envs/coordex/lib/python3.11/lib-dynload/../.././libicui18n.so.78)

2026-08-15T02:02:23Z [8,580ms] [Error] [omni.graph.tools._impl.internal.extension_contents_1_18] Exception while importing test omni.replicator.core.ogn.tests.TestOgnGetPrimAtPath: Traceback (most recent call last):
  File "/root/miniforge3/envs/coordex/lib/python3.11/site-packages/isaacsim/extscache/omni.graph.tools-1.79.2+8131b85d/omni/graph/tools/_impl/internal/extension_contents_1_18.py", line 394, in do_import_test_definition
    test_module = load_module_from_file(test_module_name, test_file)
                  ^^^^^^^^^^^^^^^^^^^^^^^^^^^^^^^^^^^^^^^^^^^^^^^^^^
  File "/root/miniforge3/envs/coordex/lib/python3.11/site-packages/isaacsim/extscache/omni.graph.tools-1.79.2+8131b85d/omni/graph/tools/_impl/internal/file_utils.py", line 239, in load_module_from_file
    spec.loader.exec_module(module)
  File "<frozen importlib._bootstrap_external>", line 940, in exec_module
  File "<frozen importlib._bootstrap>", line 241, in _call_with_frames_removed
  File "/root/miniforge3/envs/coordex/lib/python3.11/site-packages/isaacsim/extscache/omni.replicator.core-1.12.16+107.3.1.lx64.r.cp311/omni/replicator/core/ogn/tests/TestOgnGetPrimAtPath.py", line 2, in <module>
    import omni.kit.test
  File "/root/miniforge3/envs/coordex/lib/python3.11/site-packages/isaacsim/extscache/omni.kit.test-2.0.1+8131b85d.lx64.r.cp311/omni/kit/test/__init__.py", line 7, in <module>
    from . import unittests
  File "/root/miniforge3/envs/coordex/lib/python3.11/site-packages/isaacsim/extscache/omni.kit.test-2.0.1+8131b85d.lx64.r.cp311/omni/kit/test/unittests.py", line 21, in <module>
    from .async_unittest import AsyncTestSuite, AsyncTextTestRunner, OmniTestResult, AsyncTestCase
  File "/root/miniforge3/envs/coordex/lib/python3.11/site-packages/isaacsim/extscache/omni.kit.test-2.0.1+8131b85d.lx64.r.cp311/omni/kit/test/async_unittest.py", line 25, in <module>
    from .reporter import TestReporter
  File "/root/miniforge3/envs/coordex/lib/python3.11/site-packages/isaacsim/extscache/omni.kit.test-2.0.1+8131b85d.lx64.r.cp311/omni/kit/test/reporter.py", line 27, in <module>
    from .test_coverage import generate_coverage_report
  File "/root/miniforge3/envs/coordex/lib/python3.11/site-packages/isaacsim/extscache/omni.kit.test-2.0.1+8131b85d.lx64.r.cp311/omni/kit/test/test_coverage.py", line 10, in <module>
    import coverage
  File "/root/miniforge3/envs/coordex/lib/python3.11/site-packages/coverage/__init__.py", line 24, in <module>
    from coverage.control import (
  File "/root/miniforge3/envs/coordex/lib/python3.11/site-packages/coverage/control.py", line 28, in <module>
    from coverage.collector import Collector, HAS_CTRACER
  File "/root/miniforge3/envs/coordex/lib/python3.11/site-packages/coverage/collector.py", line 19, in <module>
    from coverage.data import CoverageData
  File "/root/miniforge3/envs/coordex/lib/python3.11/site-packages/coverage/data.py", line 24, in <module>
    from coverage.sqldata import CoverageData
  File "/root/miniforge3/envs/coordex/lib/python3.11/site-packages/coverage/sqldata.py", line 16, in <module>
    import sqlite3
  File "/root/miniforge3/envs/coordex/lib/python3.11/sqlite3/__init__.py", line 57, in <module>
    from sqlite3.dbapi2 import *
  File "/root/miniforge3/envs/coordex/lib/python3.11/sqlite3/dbapi2.py", line 27, in <module>
    from _sqlite3 import *
ImportError: /lib/x86_64-linux-gnu/libstdc++.so.6: version `CXXABI_1.3.15' not found (required by /root/miniforge3/envs/coordex/lib/python3.11/lib-dynload/../.././libicui18n.so.78)

2026-08-15T02:02:23Z [8,598ms] [Error] [omni.graph.tools._impl.internal.extension_contents_1_18] Exception while importing test omni.replicator.core.ogn.tests.TestOgnAugCanny: Traceback (most recent call last):
  File "/root/miniforge3/envs/coordex/lib/python3.11/site-packages/isaacsim/extscache/omni.graph.tools-1.79.2+8131b85d/omni/graph/tools/_impl/internal/extension_contents_1_18.py", line 394, in do_import_test_definition
    test_module = load_module_from_file(test_module_name, test_file)
                  ^^^^^^^^^^^^^^^^^^^^^^^^^^^^^^^^^^^^^^^^^^^^^^^^^^
  File "/root/miniforge3/envs/coordex/lib/python3.11/site-packages/isaacsim/extscache/omni.graph.tools-1.79.2+8131b85d/omni/graph/tools/_impl/internal/file_utils.py", line 239, in load_module_from_file
    spec.loader.exec_module(module)
  File "<frozen importlib._bootstrap_external>", line 940, in exec_module
  File "<frozen importlib._bootstrap>", line 241, in _call_with_frames_removed
  File "/root/miniforge3/envs/coordex/lib/python3.11/site-packages/isaacsim/extscache/omni.replicator.core-1.12.16+107.3.1.lx64.r.cp311/omni/replicator/core/ogn/tests/TestOgnAugCanny.py", line 2, in <module>
    import omni.kit.test
  File "/root/miniforge3/envs/coordex/lib/python3.11/site-packages/isaacsim/extscache/omni.kit.test-2.0.1+8131b85d.lx64.r.cp311/omni/kit/test/__init__.py", line 7, in <module>
    from . import unittests
  File "/root/miniforge3/envs/coordex/lib/python3.11/site-packages/isaacsim/extscache/omni.kit.test-2.0.1+8131b85d.lx64.r.cp311/omni/kit/test/unittests.py", line 21, in <module>
    from .async_unittest import AsyncTestSuite, AsyncTextTestRunner, OmniTestResult, AsyncTestCase
  File "/root/miniforge3/envs/coordex/lib/python3.11/site-packages/isaacsim/extscache/omni.kit.test-2.0.1+8131b85d.lx64.r.cp311/omni/kit/test/async_unittest.py", line 25, in <module>
    from .reporter import TestReporter
  File "/root/miniforge3/envs/coordex/lib/python3.11/site-packages/isaacsim/extscache/omni.kit.test-2.0.1+8131b85d.lx64.r.cp311/omni/kit/test/reporter.py", line 27, in <module>
    from .test_coverage import generate_coverage_report
  File "/root/miniforge3/envs/coordex/lib/python3.11/site-packages/isaacsim/extscache/omni.kit.test-2.0.1+8131b85d.lx64.r.cp311/omni/kit/test/test_coverage.py", line 10, in <module>
    import coverage
  File "/root/miniforge3/envs/coordex/lib/python3.11/site-packages/coverage/__init__.py", line 24, in <module>
    from coverage.control import (
  File "/root/miniforge3/envs/coordex/lib/python3.11/site-packages/coverage/control.py", line 28, in <module>
    from coverage.collector import Collector, HAS_CTRACER
  File "/root/miniforge3/envs/coordex/lib/python3.11/site-packages/coverage/collector.py", line 19, in <module>
    from coverage.data import CoverageData
  File "/root/miniforge3/envs/coordex/lib/python3.11/site-packages/coverage/data.py", line 24, in <module>
    from coverage.sqldata import CoverageData
  File "/root/miniforge3/envs/coordex/lib/python3.11/site-packages/coverage/sqldata.py", line 16, in <module>
    import sqlite3
  File "/root/miniforge3/envs/coordex/lib/python3.11/sqlite3/__init__.py", line 57, in <module>
    from sqlite3.dbapi2 import *
  File "/root/miniforge3/envs/coordex/lib/python3.11/sqlite3/dbapi2.py", line 27, in <module>
    from _sqlite3 import *
ImportError: /lib/x86_64-linux-gnu/libstdc++.so.6: version `CXXABI_1.3.15' not found (required by /root/miniforge3/envs/coordex/lib/python3.11/lib-dynload/../.././libicui18n.so.78)

2026-08-15T02:02:23Z [8,615ms] [Error] [omni.graph.tools._impl.internal.extension_contents_1_18] Exception while importing test omni.replicator.core.ogn.tests.TestOgnLookAt: Traceback (most recent call last):
  File "/root/miniforge3/envs/coordex/lib/python3.11/site-packages/isaacsim/extscache/omni.graph.tools-1.79.2+8131b85d/omni/graph/tools/_impl/internal/extension_contents_1_18.py", line 394, in do_import_test_definition
    test_module = load_module_from_file(test_module_name, test_file)
                  ^^^^^^^^^^^^^^^^^^^^^^^^^^^^^^^^^^^^^^^^^^^^^^^^^^
  File "/root/miniforge3/envs/coordex/lib/python3.11/site-packages/isaacsim/extscache/omni.graph.tools-1.79.2+8131b85d/omni/graph/tools/_impl/internal/file_utils.py", line 239, in load_module_from_file
    spec.loader.exec_module(module)
  File "<frozen importlib._bootstrap_external>", line 940, in exec_module
  File "<frozen importlib._bootstrap>", line 241, in _call_with_frames_removed
  File "/root/miniforge3/envs/coordex/lib/python3.11/site-packages/isaacsim/extscache/omni.replicator.core-1.12.16+107.3.1.lx64.r.cp311/omni/replicator/core/ogn/tests/TestOgnLookAt.py", line 2, in <module>
    import omni.kit.test
  File "/root/miniforge3/envs/coordex/lib/python3.11/site-packages/isaacsim/extscache/omni.kit.test-2.0.1+8131b85d.lx64.r.cp311/omni/kit/test/__init__.py", line 7, in <module>
    from . import unittests
  File "/root/miniforge3/envs/coordex/lib/python3.11/site-packages/isaacsim/extscache/omni.kit.test-2.0.1+8131b85d.lx64.r.cp311/omni/kit/test/unittests.py", line 21, in <module>
    from .async_unittest import AsyncTestSuite, AsyncTextTestRunner, OmniTestResult, AsyncTestCase
  File "/root/miniforge3/envs/coordex/lib/python3.11/site-packages/isaacsim/extscache/omni.kit.test-2.0.1+8131b85d.lx64.r.cp311/omni/kit/test/async_unittest.py", line 25, in <module>
    from .reporter import TestReporter
  File "/root/miniforge3/envs/coordex/lib/python3.11/site-packages/isaacsim/extscache/omni.kit.test-2.0.1+8131b85d.lx64.r.cp311/omni/kit/test/reporter.py", line 27, in <module>
    from .test_coverage import generate_coverage_report
  File "/root/miniforge3/envs/coordex/lib/python3.11/site-packages/isaacsim/extscache/omni.kit.test-2.0.1+8131b85d.lx64.r.cp311/omni/kit/test/test_coverage.py", line 10, in <module>
    import coverage
  File "/root/miniforge3/envs/coordex/lib/python3.11/site-packages/coverage/__init__.py", line 24, in <module>
    from coverage.control import (
  File "/root/miniforge3/envs/coordex/lib/python3.11/site-packages/coverage/control.py", line 28, in <module>
    from coverage.collector import Collector, HAS_CTRACER
  File "/root/miniforge3/envs/coordex/lib/python3.11/site-packages/coverage/collector.py", line 19, in <module>
    from coverage.data import CoverageData
  File "/root/miniforge3/envs/coordex/lib/python3.11/site-packages/coverage/data.py", line 24, in <module>
    from coverage.sqldata import CoverageData
  File "/root/miniforge3/envs/coordex/lib/python3.11/site-packages/coverage/sqldata.py", line 16, in <module>
    import sqlite3
  File "/root/miniforge3/envs/coordex/lib/python3.11/sqlite3/__init__.py", line 57, in <module>
    from sqlite3.dbapi2 import *
  File "/root/miniforge3/envs/coordex/lib/python3.11/sqlite3/dbapi2.py", line 27, in <module>
    from _sqlite3 import *
ImportError: /lib/x86_64-linux-gnu/libstdc++.so.6: version `CXXABI_1.3.15' not found (required by /root/miniforge3/envs/coordex/lib/python3.11/lib-dynload/../.././libicui18n.so.78)

2026-08-15T02:02:23Z [8,627ms] [Error] [omni.graph.tools._impl.internal.extension_contents_1_18] Exception while importing test omni.replicator.core.ogn.tests.TestOgnSampleUniform: Traceback (most recent call last):
  File "/root/miniforge3/envs/coordex/lib/python3.11/site-packages/isaacsim/extscache/omni.graph.tools-1.79.2+8131b85d/omni/graph/tools/_impl/internal/extension_contents_1_18.py", line 394, in do_import_test_definition
    test_module = load_module_from_file(test_module_name, test_file)
                  ^^^^^^^^^^^^^^^^^^^^^^^^^^^^^^^^^^^^^^^^^^^^^^^^^^
  File "/root/miniforge3/envs/coordex/lib/python3.11/site-packages/isaacsim/extscache/omni.graph.tools-1.79.2+8131b85d/omni/graph/tools/_impl/internal/file_utils.py", line 239, in load_module_from_file
    spec.loader.exec_module(module)
  File "<frozen importlib._bootstrap_external>", line 940, in exec_module
  File "<frozen importlib._bootstrap>", line 241, in _call_with_frames_removed
  File "/root/miniforge3/envs/coordex/lib/python3.11/site-packages/isaacsim/extscache/omni.replicator.core-1.12.16+107.3.1.lx64.r.cp311/omni/replicator/core/ogn/tests/TestOgnSampleUniform.py", line 2, in <module>
    import omni.kit.test
  File "/root/miniforge3/envs/coordex/lib/python3.11/site-packages/isaacsim/extscache/omni.kit.test-2.0.1+8131b85d.lx64.r.cp311/omni/kit/test/__init__.py", line 7, in <module>
    from . import unittests
  File "/root/miniforge3/envs/coordex/lib/python3.11/site-packages/isaacsim/extscache/omni.kit.test-2.0.1+8131b85d.lx64.r.cp311/omni/kit/test/unittests.py", line 21, in <module>
    from .async_unittest import AsyncTestSuite, AsyncTextTestRunner, OmniTestResult, AsyncTestCase
  File "/root/miniforge3/envs/coordex/lib/python3.11/site-packages/isaacsim/extscache/omni.kit.test-2.0.1+8131b85d.lx64.r.cp311/omni/kit/test/async_unittest.py", line 25, in <module>
    from .reporter import TestReporter
  File "/root/miniforge3/envs/coordex/lib/python3.11/site-packages/isaacsim/extscache/omni.kit.test-2.0.1+8131b85d.lx64.r.cp311/omni/kit/test/reporter.py", line 27, in <module>
    from .test_coverage import generate_coverage_report
  File "/root/miniforge3/envs/coordex/lib/python3.11/site-packages/isaacsim/extscache/omni.kit.test-2.0.1+8131b85d.lx64.r.cp311/omni/kit/test/test_coverage.py", line 10, in <module>
    import coverage
  File "/root/miniforge3/envs/coordex/lib/python3.11/site-packages/coverage/__init__.py", line 24, in <module>
    from coverage.control import (
  File "/root/miniforge3/envs/coordex/lib/python3.11/site-packages/coverage/control.py", line 28, in <module>
    from coverage.collector import Collector, HAS_CTRACER
  File "/root/miniforge3/envs/coordex/lib/python3.11/site-packages/coverage/collector.py", line 19, in <module>
    from coverage.data import CoverageData
  File "/root/miniforge3/envs/coordex/lib/python3.11/site-packages/coverage/data.py", line 24, in <module>
    from coverage.sqldata import CoverageData
  File "/root/miniforge3/envs/coordex/lib/python3.11/site-packages/coverage/sqldata.py", line 16, in <module>
    import sqlite3
  File "/root/miniforge3/envs/coordex/lib/python3.11/sqlite3/__init__.py", line 57, in <module>
    from sqlite3.dbapi2 import *
  File "/root/miniforge3/envs/coordex/lib/python3.11/sqlite3/dbapi2.py", line 27, in <module>
    from _sqlite3 import *
ImportError: /lib/x86_64-linux-gnu/libstdc++.so.6: version `CXXABI_1.3.15' not found (required by /root/miniforge3/envs/coordex/lib/python3.11/lib-dynload/../.././libicui18n.so.78)

2026-08-15T02:02:23Z [8,653ms] [Error] [omni.graph.tools._impl.internal.extension_contents_1_18] Exception while importing test omni.replicator.core.ogn.tests.TestOgnMeshBoundsDecalPlacement: Traceback (most recent call last):
  File "/root/miniforge3/envs/coordex/lib/python3.11/site-packages/isaacsim/extscache/omni.graph.tools-1.79.2+8131b85d/omni/graph/tools/_impl/internal/extension_contents_1_18.py", line 394, in do_import_test_definition
    test_module = load_module_from_file(test_module_name, test_file)
                  ^^^^^^^^^^^^^^^^^^^^^^^^^^^^^^^^^^^^^^^^^^^^^^^^^^
  File "/root/miniforge3/envs/coordex/lib/python3.11/site-packages/isaacsim/extscache/omni.graph.tools-1.79.2+8131b85d/omni/graph/tools/_impl/internal/file_utils.py", line 239, in load_module_from_file
    spec.loader.exec_module(module)
  File "<frozen importlib._bootstrap_external>", line 940, in exec_module
  File "<frozen importlib._bootstrap>", line 241, in _call_with_frames_removed
  File "/root/miniforge3/envs/coordex/lib/python3.11/site-packages/isaacsim/extscache/omni.replicator.core-1.12.16+107.3.1.lx64.r.cp311/omni/replicator/core/ogn/tests/TestOgnMeshBoundsDecalPlacement.py", line 2, in <module>
    import omni.kit.test
  File "/root/miniforge3/envs/coordex/lib/python3.11/site-packages/isaacsim/extscache/omni.kit.test-2.0.1+8131b85d.lx64.r.cp311/omni/kit/test/__init__.py", line 7, in <module>
    from . import unittests
  File "/root/miniforge3/envs/coordex/lib/python3.11/site-packages/isaacsim/extscache/omni.kit.test-2.0.1+8131b85d.lx64.r.cp311/omni/kit/test/unittests.py", line 21, in <module>
    from .async_unittest import AsyncTestSuite, AsyncTextTestRunner, OmniTestResult, AsyncTestCase
  File "/root/miniforge3/envs/coordex/lib/python3.11/site-packages/isaacsim/extscache/omni.kit.test-2.0.1+8131b85d.lx64.r.cp311/omni/kit/test/async_unittest.py", line 25, in <module>
    from .reporter import TestReporter
  File "/root/miniforge3/envs/coordex/lib/python3.11/site-packages/isaacsim/extscache/omni.kit.test-2.0.1+8131b85d.lx64.r.cp311/omni/kit/test/reporter.py", line 27, in <module>
    from .test_coverage import generate_coverage_report
  File "/root/miniforge3/envs/coordex/lib/python3.11/site-packages/isaacsim/extscache/omni.kit.test-2.0.1+8131b85d.lx64.r.cp311/omni/kit/test/test_coverage.py", line 10, in <module>
    import coverage
  File "/root/miniforge3/envs/coordex/lib/python3.11/site-packages/coverage/__init__.py", line 24, in <module>
    from coverage.control import (
  File "/root/miniforge3/envs/coordex/lib/python3.11/site-packages/coverage/control.py", line 28, in <module>
    from coverage.collector import Collector, HAS_CTRACER
  File "/root/miniforge3/envs/coordex/lib/python3.11/site-packages/coverage/collector.py", line 19, in <module>
    from coverage.data import CoverageData
  File "/root/miniforge3/envs/coordex/lib/python3.11/site-packages/coverage/data.py", line 24, in <module>
    from coverage.sqldata import CoverageData
  File "/root/miniforge3/envs/coordex/lib/python3.11/site-packages/coverage/sqldata.py", line 16, in <module>
    import sqlite3
  File "/root/miniforge3/envs/coordex/lib/python3.11/sqlite3/__init__.py", line 57, in <module>
    from sqlite3.dbapi2 import *
  File "/root/miniforge3/envs/coordex/lib/python3.11/sqlite3/dbapi2.py", line 27, in <module>
    from _sqlite3 import *
ImportError: /lib/x86_64-linux-gnu/libstdc++.so.6: version `CXXABI_1.3.15' not found (required by /root/miniforge3/envs/coordex/lib/python3.11/lib-dynload/../.././libicui18n.so.78)

2026-08-15T02:02:24Z [8,674ms] [Error] [omni.graph.tools._impl.internal.extension_contents_1_18] Exception while importing test omni.replicator.core.ogn.tests.TestOgnSamplePopulation: Traceback (most recent call last):
  File "/root/miniforge3/envs/coordex/lib/python3.11/site-packages/isaacsim/extscache/omni.graph.tools-1.79.2+8131b85d/omni/graph/tools/_impl/internal/extension_contents_1_18.py", line 394, in do_import_test_definition
    test_module = load_module_from_file(test_module_name, test_file)
                  ^^^^^^^^^^^^^^^^^^^^^^^^^^^^^^^^^^^^^^^^^^^^^^^^^^
  File "/root/miniforge3/envs/coordex/lib/python3.11/site-packages/isaacsim/extscache/omni.graph.tools-1.79.2+8131b85d/omni/graph/tools/_impl/internal/file_utils.py", line 239, in load_module_from_file
    spec.loader.exec_module(module)
  File "<frozen importlib._bootstrap_external>", line 940, in exec_module
  File "<frozen importlib._bootstrap>", line 241, in _call_with_frames_removed
  File "/root/miniforge3/envs/coordex/lib/python3.11/site-packages/isaacsim/extscache/omni.replicator.core-1.12.16+107.3.1.lx64.r.cp311/omni/replicator/core/ogn/tests/TestOgnSamplePopulation.py", line 2, in <module>
    import omni.kit.test
  File "/root/miniforge3/envs/coordex/lib/python3.11/site-packages/isaacsim/extscache/omni.kit.test-2.0.1+8131b85d.lx64.r.cp311/omni/kit/test/__init__.py", line 7, in <module>
    from . import unittests
  File "/root/miniforge3/envs/coordex/lib/python3.11/site-packages/isaacsim/extscache/omni.kit.test-2.0.1+8131b85d.lx64.r.cp311/omni/kit/test/unittests.py", line 21, in <module>
    from .async_unittest import AsyncTestSuite, AsyncTextTestRunner, OmniTestResult, AsyncTestCase
  File "/root/miniforge3/envs/coordex/lib/python3.11/site-packages/isaacsim/extscache/omni.kit.test-2.0.1+8131b85d.lx64.r.cp311/omni/kit/test/async_unittest.py", line 25, in <module>
    from .reporter import TestReporter
  File "/root/miniforge3/envs/coordex/lib/python3.11/site-packages/isaacsim/extscache/omni.kit.test-2.0.1+8131b85d.lx64.r.cp311/omni/kit/test/reporter.py", line 27, in <module>
    from .test_coverage import generate_coverage_report
  File "/root/miniforge3/envs/coordex/lib/python3.11/site-packages/isaacsim/extscache/omni.kit.test-2.0.1+8131b85d.lx64.r.cp311/omni/kit/test/test_coverage.py", line 10, in <module>
    import coverage
  File "/root/miniforge3/envs/coordex/lib/python3.11/site-packages/coverage/__init__.py", line 24, in <module>
    from coverage.control import (
  File "/root/miniforge3/envs/coordex/lib/python3.11/site-packages/coverage/control.py", line 28, in <module>
    from coverage.collector import Collector, HAS_CTRACER
  File "/root/miniforge3/envs/coordex/lib/python3.11/site-packages/coverage/collector.py", line 19, in <module>
    from coverage.data import CoverageData
  File "/root/miniforge3/envs/coordex/lib/python3.11/site-packages/coverage/data.py", line 24, in <module>
    from coverage.sqldata import CoverageData
  File "/root/miniforge3/envs/coordex/lib/python3.11/site-packages/coverage/sqldata.py", line 16, in <module>
    import sqlite3
  File "/root/miniforge3/envs/coordex/lib/python3.11/sqlite3/__init__.py", line 57, in <module>
    from sqlite3.dbapi2 import *
  File "/root/miniforge3/envs/coordex/lib/python3.11/sqlite3/dbapi2.py", line 27, in <module>
    from _sqlite3 import *
ImportError: /lib/x86_64-linux-gnu/libstdc++.so.6: version `CXXABI_1.3.15' not found (required by /root/miniforge3/envs/coordex/lib/python3.11/lib-dynload/../.././libicui18n.so.78)

2026-08-15T02:02:24Z [8,694ms] [Error] [omni.graph.tools._impl.internal.extension_contents_1_18] Exception while importing test omni.replicator.core.ogn.tests.TestOgnBoundingBoxLegacy: Traceback (most recent call last):
  File "/root/miniforge3/envs/coordex/lib/python3.11/site-packages/isaacsim/extscache/omni.graph.tools-1.79.2+8131b85d/omni/graph/tools/_impl/internal/extension_contents_1_18.py", line 394, in do_import_test_definition
    test_module = load_module_from_file(test_module_name, test_file)
                  ^^^^^^^^^^^^^^^^^^^^^^^^^^^^^^^^^^^^^^^^^^^^^^^^^^
  File "/root/miniforge3/envs/coordex/lib/python3.11/site-packages/isaacsim/extscache/omni.graph.tools-1.79.2+8131b85d/omni/graph/tools/_impl/internal/file_utils.py", line 239, in load_module_from_file
    spec.loader.exec_module(module)
  File "<frozen importlib._bootstrap_external>", line 940, in exec_module
  File "<frozen importlib._bootstrap>", line 241, in _call_with_frames_removed
  File "/root/miniforge3/envs/coordex/lib/python3.11/site-packages/isaacsim/extscache/omni.replicator.core-1.12.16+107.3.1.lx64.r.cp311/omni/replicator/core/ogn/tests/TestOgnBoundingBoxLegacy.py", line 2, in <module>
    import omni.kit.test
  File "/root/miniforge3/envs/coordex/lib/python3.11/site-packages/isaacsim/extscache/omni.kit.test-2.0.1+8131b85d.lx64.r.cp311/omni/kit/test/__init__.py", line 7, in <module>
    from . import unittests
  File "/root/miniforge3/envs/coordex/lib/python3.11/site-packages/isaacsim/extscache/omni.kit.test-2.0.1+8131b85d.lx64.r.cp311/omni/kit/test/unittests.py", line 21, in <module>
    from .async_unittest import AsyncTestSuite, AsyncTextTestRunner, OmniTestResult, AsyncTestCase
  File "/root/miniforge3/envs/coordex/lib/python3.11/site-packages/isaacsim/extscache/omni.kit.test-2.0.1+8131b85d.lx64.r.cp311/omni/kit/test/async_unittest.py", line 25, in <module>
    from .reporter import TestReporter
  File "/root/miniforge3/envs/coordex/lib/python3.11/site-packages/isaacsim/extscache/omni.kit.test-2.0.1+8131b85d.lx64.r.cp311/omni/kit/test/reporter.py", line 27, in <module>
    from .test_coverage import generate_coverage_report
  File "/root/miniforge3/envs/coordex/lib/python3.11/site-packages/isaacsim/extscache/omni.kit.test-2.0.1+8131b85d.lx64.r.cp311/omni/kit/test/test_coverage.py", line 10, in <module>
    import coverage
  File "/root/miniforge3/envs/coordex/lib/python3.11/site-packages/coverage/__init__.py", line 24, in <module>
    from coverage.control import (
  File "/root/miniforge3/envs/coordex/lib/python3.11/site-packages/coverage/control.py", line 28, in <module>
    from coverage.collector import Collector, HAS_CTRACER
  File "/root/miniforge3/envs/coordex/lib/python3.11/site-packages/coverage/collector.py", line 19, in <module>
    from coverage.data import CoverageData
  File "/root/miniforge3/envs/coordex/lib/python3.11/site-packages/coverage/data.py", line 24, in <module>
    from coverage.sqldata import CoverageData
  File "/root/miniforge3/envs/coordex/lib/python3.11/site-packages/coverage/sqldata.py", line 16, in <module>
    import sqlite3
  File "/root/miniforge3/envs/coordex/lib/python3.11/sqlite3/__init__.py", line 57, in <module>
    from sqlite3.dbapi2 import *
  File "/root/miniforge3/envs/coordex/lib/python3.11/sqlite3/dbapi2.py", line 27, in <module>
    from _sqlite3 import *
ImportError: /lib/x86_64-linux-gnu/libstdc++.so.6: version `CXXABI_1.3.15' not found (required by /root/miniforge3/envs/coordex/lib/python3.11/lib-dynload/../.././libicui18n.so.78)

2026-08-15T02:02:24Z [8,713ms] [Error] [omni.graph.tools._impl.internal.extension_contents_1_18] Exception while importing test omni.replicator.core.ogn.tests.TestOgnInstanceSegmentationLegacy: Traceback (most recent call last):
  File "/root/miniforge3/envs/coordex/lib/python3.11/site-packages/isaacsim/extscache/omni.graph.tools-1.79.2+8131b85d/omni/graph/tools/_impl/internal/extension_contents_1_18.py", line 394, in do_import_test_definition
    test_module = load_module_from_file(test_module_name, test_file)
                  ^^^^^^^^^^^^^^^^^^^^^^^^^^^^^^^^^^^^^^^^^^^^^^^^^^
  File "/root/miniforge3/envs/coordex/lib/python3.11/site-packages/isaacsim/extscache/omni.graph.tools-1.79.2+8131b85d/omni/graph/tools/_impl/internal/file_utils.py", line 239, in load_module_from_file
    spec.loader.exec_module(module)
  File "<frozen importlib._bootstrap_external>", line 940, in exec_module
  File "<frozen importlib._bootstrap>", line 241, in _call_with_frames_removed
  File "/root/miniforge3/envs/coordex/lib/python3.11/site-packages/isaacsim/extscache/omni.replicator.core-1.12.16+107.3.1.lx64.r.cp311/omni/replicator/core/ogn/tests/TestOgnInstanceSegmentationLegacy.py", line 2, in <module>
    import omni.kit.test
  File "/root/miniforge3/envs/coordex/lib/python3.11/site-packages/isaacsim/extscache/omni.kit.test-2.0.1+8131b85d.lx64.r.cp311/omni/kit/test/__init__.py", line 7, in <module>
    from . import unittests
  File "/root/miniforge3/envs/coordex/lib/python3.11/site-packages/isaacsim/extscache/omni.kit.test-2.0.1+8131b85d.lx64.r.cp311/omni/kit/test/unittests.py", line 21, in <module>
    from .async_unittest import AsyncTestSuite, AsyncTextTestRunner, OmniTestResult, AsyncTestCase
  File "/root/miniforge3/envs/coordex/lib/python3.11/site-packages/isaacsim/extscache/omni.kit.test-2.0.1+8131b85d.lx64.r.cp311/omni/kit/test/async_unittest.py", line 25, in <module>
    from .reporter import TestReporter
  File "/root/miniforge3/envs/coordex/lib/python3.11/site-packages/isaacsim/extscache/omni.kit.test-2.0.1+8131b85d.lx64.r.cp311/omni/kit/test/reporter.py", line 27, in <module>
    from .test_coverage import generate_coverage_report
  File "/root/miniforge3/envs/coordex/lib/python3.11/site-packages/isaacsim/extscache/omni.kit.test-2.0.1+8131b85d.lx64.r.cp311/omni/kit/test/test_coverage.py", line 10, in <module>
    import coverage
  File "/root/miniforge3/envs/coordex/lib/python3.11/site-packages/coverage/__init__.py", line 24, in <module>
    from coverage.control import (
  File "/root/miniforge3/envs/coordex/lib/python3.11/site-packages/coverage/control.py", line 28, in <module>
    from coverage.collector import Collector, HAS_CTRACER
  File "/root/miniforge3/envs/coordex/lib/python3.11/site-packages/coverage/collector.py", line 19, in <module>
    from coverage.data import CoverageData
  File "/root/miniforge3/envs/coordex/lib/python3.11/site-packages/coverage/data.py", line 24, in <module>
    from coverage.sqldata import CoverageData
  File "/root/miniforge3/envs/coordex/lib/python3.11/site-packages/coverage/sqldata.py", line 16, in <module>
    import sqlite3
  File "/root/miniforge3/envs/coordex/lib/python3.11/sqlite3/__init__.py", line 57, in <module>
    from sqlite3.dbapi2 import *
  File "/root/miniforge3/envs/coordex/lib/python3.11/sqlite3/dbapi2.py", line 27, in <module>
    from _sqlite3 import *
ImportError: /lib/x86_64-linux-gnu/libstdc++.so.6: version `CXXABI_1.3.15' not found (required by /root/miniforge3/envs/coordex/lib/python3.11/lib-dynload/../.././libicui18n.so.78)

2026-08-15T02:02:24Z [8,727ms] [Error] [omni.graph.tools._impl.internal.extension_contents_1_18] Exception while importing test omni.replicator.core.ogn.tests.TestOgnPhysicsReset: Traceback (most recent call last):
  File "/root/miniforge3/envs/coordex/lib/python3.11/site-packages/isaacsim/extscache/omni.graph.tools-1.79.2+8131b85d/omni/graph/tools/_impl/internal/extension_contents_1_18.py", line 394, in do_import_test_definition
    test_module = load_module_from_file(test_module_name, test_file)
                  ^^^^^^^^^^^^^^^^^^^^^^^^^^^^^^^^^^^^^^^^^^^^^^^^^^
  File "/root/miniforge3/envs/coordex/lib/python3.11/site-packages/isaacsim/extscache/omni.graph.tools-1.79.2+8131b85d/omni/graph/tools/_impl/internal/file_utils.py", line 239, in load_module_from_file
    spec.loader.exec_module(module)
  File "<frozen importlib._bootstrap_external>", line 940, in exec_module
  File "<frozen importlib._bootstrap>", line 241, in _call_with_frames_removed
  File "/root/miniforge3/envs/coordex/lib/python3.11/site-packages/isaacsim/extscache/omni.replicator.core-1.12.16+107.3.1.lx64.r.cp311/omni/replicator/core/ogn/tests/TestOgnPhysicsReset.py", line 2, in <module>
    import omni.kit.test
  File "/root/miniforge3/envs/coordex/lib/python3.11/site-packages/isaacsim/extscache/omni.kit.test-2.0.1+8131b85d.lx64.r.cp311/omni/kit/test/__init__.py", line 7, in <module>
    from . import unittests
  File "/root/miniforge3/envs/coordex/lib/python3.11/site-packages/isaacsim/extscache/omni.kit.test-2.0.1+8131b85d.lx64.r.cp311/omni/kit/test/unittests.py", line 21, in <module>
    from .async_unittest import AsyncTestSuite, AsyncTextTestRunner, OmniTestResult, AsyncTestCase
  File "/root/miniforge3/envs/coordex/lib/python3.11/site-packages/isaacsim/extscache/omni.kit.test-2.0.1+8131b85d.lx64.r.cp311/omni/kit/test/async_unittest.py", line 25, in <module>
    from .reporter import TestReporter
  File "/root/miniforge3/envs/coordex/lib/python3.11/site-packages/isaacsim/extscache/omni.kit.test-2.0.1+8131b85d.lx64.r.cp311/omni/kit/test/reporter.py", line 27, in <module>
    from .test_coverage import generate_coverage_report
  File "/root/miniforge3/envs/coordex/lib/python3.11/site-packages/isaacsim/extscache/omni.kit.test-2.0.1+8131b85d.lx64.r.cp311/omni/kit/test/test_coverage.py", line 10, in <module>
    import coverage
  File "/root/miniforge3/envs/coordex/lib/python3.11/site-packages/coverage/__init__.py", line 24, in <module>
    from coverage.control import (
  File "/root/miniforge3/envs/coordex/lib/python3.11/site-packages/coverage/control.py", line 28, in <module>
    from coverage.collector import Collector, HAS_CTRACER
  File "/root/miniforge3/envs/coordex/lib/python3.11/site-packages/coverage/collector.py", line 19, in <module>
    from coverage.data import CoverageData
  File "/root/miniforge3/envs/coordex/lib/python3.11/site-packages/coverage/data.py", line 24, in <module>
    from coverage.sqldata import CoverageData
  File "/root/miniforge3/envs/coordex/lib/python3.11/site-packages/coverage/sqldata.py", line 16, in <module>
    import sqlite3
  File "/root/miniforge3/envs/coordex/lib/python3.11/sqlite3/__init__.py", line 57, in <module>
    from sqlite3.dbapi2 import *
  File "/root/miniforge3/envs/coordex/lib/python3.11/sqlite3/dbapi2.py", line 27, in <module>
    from _sqlite3 import *
ImportError: /lib/x86_64-linux-gnu/libstdc++.so.6: version `CXXABI_1.3.15' not found (required by /root/miniforge3/envs/coordex/lib/python3.11/lib-dynload/../.././libicui18n.so.78)

2026-08-15T02:02:24Z [8,759ms] [Error] [omni.graph.tools._impl.internal.extension_contents_1_18] Exception while importing test omni.replicator.core.ogn.tests.TestOgnAugContrastExp: Traceback (most recent call last):
  File "/root/miniforge3/envs/coordex/lib/python3.11/site-packages/isaacsim/extscache/omni.graph.tools-1.79.2+8131b85d/omni/graph/tools/_impl/internal/extension_contents_1_18.py", line 394, in do_import_test_definition
    test_module = load_module_from_file(test_module_name, test_file)
                  ^^^^^^^^^^^^^^^^^^^^^^^^^^^^^^^^^^^^^^^^^^^^^^^^^^
  File "/root/miniforge3/envs/coordex/lib/python3.11/site-packages/isaacsim/extscache/omni.graph.tools-1.79.2+8131b85d/omni/graph/tools/_impl/internal/file_utils.py", line 239, in load_module_from_file
    spec.loader.exec_module(module)
  File "<frozen importlib._bootstrap_external>", line 940, in exec_module
  File "<frozen importlib._bootstrap>", line 241, in _call_with_frames_removed
  File "/root/miniforge3/envs/coordex/lib/python3.11/site-packages/isaacsim/extscache/omni.replicator.core-1.12.16+107.3.1.lx64.r.cp311/omni/replicator/core/ogn/tests/TestOgnAugContrastExp.py", line 2, in <module>
    import omni.kit.test
  File "/root/miniforge3/envs/coordex/lib/python3.11/site-packages/isaacsim/extscache/omni.kit.test-2.0.1+8131b85d.lx64.r.cp311/omni/kit/test/__init__.py", line 7, in <module>
    from . import unittests
  File "/root/miniforge3/envs/coordex/lib/python3.11/site-packages/isaacsim/extscache/omni.kit.test-2.0.1+8131b85d.lx64.r.cp311/omni/kit/test/unittests.py", line 21, in <module>
    from .async_unittest import AsyncTestSuite, AsyncTextTestRunner, OmniTestResult, AsyncTestCase
  File "/root/miniforge3/envs/coordex/lib/python3.11/site-packages/isaacsim/extscache/omni.kit.test-2.0.1+8131b85d.lx64.r.cp311/omni/kit/test/async_unittest.py", line 25, in <module>
    from .reporter import TestReporter
  File "/root/miniforge3/envs/coordex/lib/python3.11/site-packages/isaacsim/extscache/omni.kit.test-2.0.1+8131b85d.lx64.r.cp311/omni/kit/test/reporter.py", line 27, in <module>
    from .test_coverage import generate_coverage_report
  File "/root/miniforge3/envs/coordex/lib/python3.11/site-packages/isaacsim/extscache/omni.kit.test-2.0.1+8131b85d.lx64.r.cp311/omni/kit/test/test_coverage.py", line 10, in <module>
    import coverage
  File "/root/miniforge3/envs/coordex/lib/python3.11/site-packages/coverage/__init__.py", line 24, in <module>
    from coverage.control import (
  File "/root/miniforge3/envs/coordex/lib/python3.11/site-packages/coverage/control.py", line 28, in <module>
    from coverage.collector import Collector, HAS_CTRACER
  File "/root/miniforge3/envs/coordex/lib/python3.11/site-packages/coverage/collector.py", line 19, in <module>
    from coverage.data import CoverageData
  File "/root/miniforge3/envs/coordex/lib/python3.11/site-packages/coverage/data.py", line 24, in <module>
    from coverage.sqldata import CoverageData
  File "/root/miniforge3/envs/coordex/lib/python3.11/site-packages/coverage/sqldata.py", line 16, in <module>
    import sqlite3
  File "/root/miniforge3/envs/coordex/lib/python3.11/sqlite3/__init__.py", line 57, in <module>
    from sqlite3.dbapi2 import *
  File "/root/miniforge3/envs/coordex/lib/python3.11/sqlite3/dbapi2.py", line 27, in <module>
    from _sqlite3 import *
ImportError: /lib/x86_64-linux-gnu/libstdc++.so.6: version `CXXABI_1.3.15' not found (required by /root/miniforge3/envs/coordex/lib/python3.11/lib-dynload/../.././libicui18n.so.78)

2026-08-15T02:02:24Z [8,785ms] [Error] [omni.graph.tools._impl.internal.extension_contents_1_18] Exception while importing test omni.replicator.core.ogn.tests.TestOgnPerAxisPose: Traceback (most recent call last):
  File "/root/miniforge3/envs/coordex/lib/python3.11/site-packages/isaacsim/extscache/omni.graph.tools-1.79.2+8131b85d/omni/graph/tools/_impl/internal/extension_contents_1_18.py", line 394, in do_import_test_definition
    test_module = load_module_from_file(test_module_name, test_file)
                  ^^^^^^^^^^^^^^^^^^^^^^^^^^^^^^^^^^^^^^^^^^^^^^^^^^
  File "/root/miniforge3/envs/coordex/lib/python3.11/site-packages/isaacsim/extscache/omni.graph.tools-1.79.2+8131b85d/omni/graph/tools/_impl/internal/file_utils.py", line 239, in load_module_from_file
    spec.loader.exec_module(module)
  File "<frozen importlib._bootstrap_external>", line 940, in exec_module
  File "<frozen importlib._bootstrap>", line 241, in _call_with_frames_removed
  File "/root/miniforge3/envs/coordex/lib/python3.11/site-packages/isaacsim/extscache/omni.replicator.core-1.12.16+107.3.1.lx64.r.cp311/omni/replicator/core/ogn/tests/TestOgnPerAxisPose.py", line 2, in <module>
    import omni.kit.test
  File "/root/miniforge3/envs/coordex/lib/python3.11/site-packages/isaacsim/extscache/omni.kit.test-2.0.1+8131b85d.lx64.r.cp311/omni/kit/test/__init__.py", line 7, in <module>
    from . import unittests
  File "/root/miniforge3/envs/coordex/lib/python3.11/site-packages/isaacsim/extscache/omni.kit.test-2.0.1+8131b85d.lx64.r.cp311/omni/kit/test/unittests.py", line 21, in <module>
    from .async_unittest import AsyncTestSuite, AsyncTextTestRunner, OmniTestResult, AsyncTestCase
  File "/root/miniforge3/envs/coordex/lib/python3.11/site-packages/isaacsim/extscache/omni.kit.test-2.0.1+8131b85d.lx64.r.cp311/omni/kit/test/async_unittest.py", line 25, in <module>
    from .reporter import TestReporter
  File "/root/miniforge3/envs/coordex/lib/python3.11/site-packages/isaacsim/extscache/omni.kit.test-2.0.1+8131b85d.lx64.r.cp311/omni/kit/test/reporter.py", line 27, in <module>
    from .test_coverage import generate_coverage_report
  File "/root/miniforge3/envs/coordex/lib/python3.11/site-packages/isaacsim/extscache/omni.kit.test-2.0.1+8131b85d.lx64.r.cp311/omni/kit/test/test_coverage.py", line 10, in <module>
    import coverage
  File "/root/miniforge3/envs/coordex/lib/python3.11/site-packages/coverage/__init__.py", line 24, in <module>
    from coverage.control import (
  File "/root/miniforge3/envs/coordex/lib/python3.11/site-packages/coverage/control.py", line 28, in <module>
    from coverage.collector import Collector, HAS_CTRACER
  File "/root/miniforge3/envs/coordex/lib/python3.11/site-packages/coverage/collector.py", line 19, in <module>
    from coverage.data import CoverageData
  File "/root/miniforge3/envs/coordex/lib/python3.11/site-packages/coverage/data.py", line 24, in <module>
    from coverage.sqldata import CoverageData
  File "/root/miniforge3/envs/coordex/lib/python3.11/site-packages/coverage/sqldata.py", line 16, in <module>
    import sqlite3
  File "/root/miniforge3/envs/coordex/lib/python3.11/sqlite3/__init__.py", line 57, in <module>
    from sqlite3.dbapi2 import *
  File "/root/miniforge3/envs/coordex/lib/python3.11/sqlite3/dbapi2.py", line 27, in <module>
    from _sqlite3 import *
ImportError: /lib/x86_64-linux-gnu/libstdc++.so.6: version `CXXABI_1.3.15' not found (required by /root/miniforge3/envs/coordex/lib/python3.11/lib-dynload/../.././libicui18n.so.78)

2026-08-15T02:02:24Z [8,817ms] [Error] [omni.graph.tools._impl.internal.extension_contents_1_18] Exception while importing test omni.replicator.core.ogn.tests.TestOgnModifyProjectionMaterial: Traceback (most recent call last):
  File "/root/miniforge3/envs/coordex/lib/python3.11/site-packages/isaacsim/extscache/omni.graph.tools-1.79.2+8131b85d/omni/graph/tools/_impl/internal/extension_contents_1_18.py", line 394, in do_import_test_definition
    test_module = load_module_from_file(test_module_name, test_file)
                  ^^^^^^^^^^^^^^^^^^^^^^^^^^^^^^^^^^^^^^^^^^^^^^^^^^
  File "/root/miniforge3/envs/coordex/lib/python3.11/site-packages/isaacsim/extscache/omni.graph.tools-1.79.2+8131b85d/omni/graph/tools/_impl/internal/file_utils.py", line 239, in load_module_from_file
    spec.loader.exec_module(module)
  File "<frozen importlib._bootstrap_external>", line 940, in exec_module
  File "<frozen importlib._bootstrap>", line 241, in _call_with_frames_removed
  File "/root/miniforge3/envs/coordex/lib/python3.11/site-packages/isaacsim/extscache/omni.replicator.core-1.12.16+107.3.1.lx64.r.cp311/omni/replicator/core/ogn/tests/TestOgnModifyProjectionMaterial.py", line 2, in <module>
    import omni.kit.test
  File "/root/miniforge3/envs/coordex/lib/python3.11/site-packages/isaacsim/extscache/omni.kit.test-2.0.1+8131b85d.lx64.r.cp311/omni/kit/test/__init__.py", line 7, in <module>
    from . import unittests
  File "/root/miniforge3/envs/coordex/lib/python3.11/site-packages/isaacsim/extscache/omni.kit.test-2.0.1+8131b85d.lx64.r.cp311/omni/kit/test/unittests.py", line 21, in <module>
    from .async_unittest import AsyncTestSuite, AsyncTextTestRunner, OmniTestResult, AsyncTestCase
  File "/root/miniforge3/envs/coordex/lib/python3.11/site-packages/isaacsim/extscache/omni.kit.test-2.0.1+8131b85d.lx64.r.cp311/omni/kit/test/async_unittest.py", line 25, in <module>
    from .reporter import TestReporter
  File "/root/miniforge3/envs/coordex/lib/python3.11/site-packages/isaacsim/extscache/omni.kit.test-2.0.1+8131b85d.lx64.r.cp311/omni/kit/test/reporter.py", line 27, in <module>
    from .test_coverage import generate_coverage_report
  File "/root/miniforge3/envs/coordex/lib/python3.11/site-packages/isaacsim/extscache/omni.kit.test-2.0.1+8131b85d.lx64.r.cp311/omni/kit/test/test_coverage.py", line 10, in <module>
    import coverage
  File "/root/miniforge3/envs/coordex/lib/python3.11/site-packages/coverage/__init__.py", line 24, in <module>
    from coverage.control import (
  File "/root/miniforge3/envs/coordex/lib/python3.11/site-packages/coverage/control.py", line 28, in <module>
    from coverage.collector import Collector, HAS_CTRACER
  File "/root/miniforge3/envs/coordex/lib/python3.11/site-packages/coverage/collector.py", line 19, in <module>
    from coverage.data import CoverageData
  File "/root/miniforge3/envs/coordex/lib/python3.11/site-packages/coverage/data.py", line 24, in <module>
    from coverage.sqldata import CoverageData
  File "/root/miniforge3/envs/coordex/lib/python3.11/site-packages/coverage/sqldata.py", line 16, in <module>
    import sqlite3
  File "/root/miniforge3/envs/coordex/lib/python3.11/sqlite3/__init__.py", line 57, in <module>
    from sqlite3.dbapi2 import *
  File "/root/miniforge3/envs/coordex/lib/python3.11/sqlite3/dbapi2.py", line 27, in <module>
    from _sqlite3 import *
ImportError: /lib/x86_64-linux-gnu/libstdc++.so.6: version `CXXABI_1.3.15' not found (required by /root/miniforge3/envs/coordex/lib/python3.11/lib-dynload/../.././libicui18n.so.78)

2026-08-15T02:02:24Z [8,831ms] [Error] [omni.graph.tools._impl.internal.extension_contents_1_18] Exception while importing test omni.replicator.core.ogn.tests.TestOgnAugPixellateExp: Traceback (most recent call last):
  File "/root/miniforge3/envs/coordex/lib/python3.11/site-packages/isaacsim/extscache/omni.graph.tools-1.79.2+8131b85d/omni/graph/tools/_impl/internal/extension_contents_1_18.py", line 394, in do_import_test_definition
    test_module = load_module_from_file(test_module_name, test_file)
                  ^^^^^^^^^^^^^^^^^^^^^^^^^^^^^^^^^^^^^^^^^^^^^^^^^^
  File "/root/miniforge3/envs/coordex/lib/python3.11/site-packages/isaacsim/extscache/omni.graph.tools-1.79.2+8131b85d/omni/graph/tools/_impl/internal/file_utils.py", line 239, in load_module_from_file
    spec.loader.exec_module(module)
  File "<frozen importlib._bootstrap_external>", line 940, in exec_module
  File "<frozen importlib._bootstrap>", line 241, in _call_with_frames_removed
  File "/root/miniforge3/envs/coordex/lib/python3.11/site-packages/isaacsim/extscache/omni.replicator.core-1.12.16+107.3.1.lx64.r.cp311/omni/replicator/core/ogn/tests/TestOgnAugPixellateExp.py", line 2, in <module>
    import omni.kit.test
  File "/root/miniforge3/envs/coordex/lib/python3.11/site-packages/isaacsim/extscache/omni.kit.test-2.0.1+8131b85d.lx64.r.cp311/omni/kit/test/__init__.py", line 7, in <module>
    from . import unittests
  File "/root/miniforge3/envs/coordex/lib/python3.11/site-packages/isaacsim/extscache/omni.kit.test-2.0.1+8131b85d.lx64.r.cp311/omni/kit/test/unittests.py", line 21, in <module>
    from .async_unittest import AsyncTestSuite, AsyncTextTestRunner, OmniTestResult, AsyncTestCase
  File "/root/miniforge3/envs/coordex/lib/python3.11/site-packages/isaacsim/extscache/omni.kit.test-2.0.1+8131b85d.lx64.r.cp311/omni/kit/test/async_unittest.py", line 25, in <module>
    from .reporter import TestReporter
  File "/root/miniforge3/envs/coordex/lib/python3.11/site-packages/isaacsim/extscache/omni.kit.test-2.0.1+8131b85d.lx64.r.cp311/omni/kit/test/reporter.py", line 27, in <module>
    from .test_coverage import generate_coverage_report
  File "/root/miniforge3/envs/coordex/lib/python3.11/site-packages/isaacsim/extscache/omni.kit.test-2.0.1+8131b85d.lx64.r.cp311/omni/kit/test/test_coverage.py", line 10, in <module>
    import coverage
  File "/root/miniforge3/envs/coordex/lib/python3.11/site-packages/coverage/__init__.py", line 24, in <module>
    from coverage.control import (
  File "/root/miniforge3/envs/coordex/lib/python3.11/site-packages/coverage/control.py", line 28, in <module>
    from coverage.collector import Collector, HAS_CTRACER
  File "/root/miniforge3/envs/coordex/lib/python3.11/site-packages/coverage/collector.py", line 19, in <module>
    from coverage.data import CoverageData
  File "/root/miniforge3/envs/coordex/lib/python3.11/site-packages/coverage/data.py", line 24, in <module>
    from coverage.sqldata import CoverageData
  File "/root/miniforge3/envs/coordex/lib/python3.11/site-packages/coverage/sqldata.py", line 16, in <module>
    import sqlite3
  File "/root/miniforge3/envs/coordex/lib/python3.11/sqlite3/__init__.py", line 57, in <module>
    from sqlite3.dbapi2 import *
  File "/root/miniforge3/envs/coordex/lib/python3.11/sqlite3/dbapi2.py", line 27, in <module>
    from _sqlite3 import *
ImportError: /lib/x86_64-linux-gnu/libstdc++.so.6: version `CXXABI_1.3.15' not found (required by /root/miniforge3/envs/coordex/lib/python3.11/lib-dynload/../.././libicui18n.so.78)

2026-08-15T02:02:24Z [8,843ms] [Error] [omni.graph.tools._impl.internal.extension_contents_1_18] Exception while importing test omni.replicator.core.ogn.tests.TestOgnSetVisibility: Traceback (most recent call last):
  File "/root/miniforge3/envs/coordex/lib/python3.11/site-packages/isaacsim/extscache/omni.graph.tools-1.79.2+8131b85d/omni/graph/tools/_impl/internal/extension_contents_1_18.py", line 394, in do_import_test_definition
    test_module = load_module_from_file(test_module_name, test_file)
                  ^^^^^^^^^^^^^^^^^^^^^^^^^^^^^^^^^^^^^^^^^^^^^^^^^^
  File "/root/miniforge3/envs/coordex/lib/python3.11/site-packages/isaacsim/extscache/omni.graph.tools-1.79.2+8131b85d/omni/graph/tools/_impl/internal/file_utils.py", line 239, in load_module_from_file
    spec.loader.exec_module(module)
  File "<frozen importlib._bootstrap_external>", line 940, in exec_module
  File "<frozen importlib._bootstrap>", line 241, in _call_with_frames_removed
  File "/root/miniforge3/envs/coordex/lib/python3.11/site-packages/isaacsim/extscache/omni.replicator.core-1.12.16+107.3.1.lx64.r.cp311/omni/replicator/core/ogn/tests/TestOgnSetVisibility.py", line 2, in <module>
    import omni.kit.test
  File "/root/miniforge3/envs/coordex/lib/python3.11/site-packages/isaacsim/extscache/omni.kit.test-2.0.1+8131b85d.lx64.r.cp311/omni/kit/test/__init__.py", line 7, in <module>
    from . import unittests
  File "/root/miniforge3/envs/coordex/lib/python3.11/site-packages/isaacsim/extscache/omni.kit.test-2.0.1+8131b85d.lx64.r.cp311/omni/kit/test/unittests.py", line 21, in <module>
    from .async_unittest import AsyncTestSuite, AsyncTextTestRunner, OmniTestResult, AsyncTestCase
  File "/root/miniforge3/envs/coordex/lib/python3.11/site-packages/isaacsim/extscache/omni.kit.test-2.0.1+8131b85d.lx64.r.cp311/omni/kit/test/async_unittest.py", line 25, in <module>
    from .reporter import TestReporter
  File "/root/miniforge3/envs/coordex/lib/python3.11/site-packages/isaacsim/extscache/omni.kit.test-2.0.1+8131b85d.lx64.r.cp311/omni/kit/test/reporter.py", line 27, in <module>
    from .test_coverage import generate_coverage_report
  File "/root/miniforge3/envs/coordex/lib/python3.11/site-packages/isaacsim/extscache/omni.kit.test-2.0.1+8131b85d.lx64.r.cp311/omni/kit/test/test_coverage.py", line 10, in <module>
    import coverage
  File "/root/miniforge3/envs/coordex/lib/python3.11/site-packages/coverage/__init__.py", line 24, in <module>
    from coverage.control import (
  File "/root/miniforge3/envs/coordex/lib/python3.11/site-packages/coverage/control.py", line 28, in <module>
    from coverage.collector import Collector, HAS_CTRACER
  File "/root/miniforge3/envs/coordex/lib/python3.11/site-packages/coverage/collector.py", line 19, in <module>
    from coverage.data import CoverageData
  File "/root/miniforge3/envs/coordex/lib/python3.11/site-packages/coverage/data.py", line 24, in <module>
    from coverage.sqldata import CoverageData
  File "/root/miniforge3/envs/coordex/lib/python3.11/site-packages/coverage/sqldata.py", line 16, in <module>
    import sqlite3
  File "/root/miniforge3/envs/coordex/lib/python3.11/sqlite3/__init__.py", line 57, in <module>
    from sqlite3.dbapi2 import *
  File "/root/miniforge3/envs/coordex/lib/python3.11/sqlite3/dbapi2.py", line 27, in <module>
    from _sqlite3 import *
ImportError: /lib/x86_64-linux-gnu/libstdc++.so.6: version `CXXABI_1.3.15' not found (required by /root/miniforge3/envs/coordex/lib/python3.11/lib-dynload/../.././libicui18n.so.78)

2026-08-15T02:02:24Z [8,855ms] [Error] [omni.graph.tools._impl.internal.extension_contents_1_18] Exception while importing test omni.replicator.core.ogn.tests.TestOgnSemanticSegmentation: Traceback (most recent call last):
  File "/root/miniforge3/envs/coordex/lib/python3.11/site-packages/isaacsim/extscache/omni.graph.tools-1.79.2+8131b85d/omni/graph/tools/_impl/internal/extension_contents_1_18.py", line 394, in do_import_test_definition
    test_module = load_module_from_file(test_module_name, test_file)
                  ^^^^^^^^^^^^^^^^^^^^^^^^^^^^^^^^^^^^^^^^^^^^^^^^^^
  File "/root/miniforge3/envs/coordex/lib/python3.11/site-packages/isaacsim/extscache/omni.graph.tools-1.79.2+8131b85d/omni/graph/tools/_impl/internal/file_utils.py", line 239, in load_module_from_file
    spec.loader.exec_module(module)
  File "<frozen importlib._bootstrap_external>", line 940, in exec_module
  File "<frozen importlib._bootstrap>", line 241, in _call_with_frames_removed
  File "/root/miniforge3/envs/coordex/lib/python3.11/site-packages/isaacsim/extscache/omni.replicator.core-1.12.16+107.3.1.lx64.r.cp311/omni/replicator/core/ogn/tests/TestOgnSemanticSegmentation.py", line 2, in <module>
    import omni.kit.test
  File "/root/miniforge3/envs/coordex/lib/python3.11/site-packages/isaacsim/extscache/omni.kit.test-2.0.1+8131b85d.lx64.r.cp311/omni/kit/test/__init__.py", line 7, in <module>
    from . import unittests
  File "/root/miniforge3/envs/coordex/lib/python3.11/site-packages/isaacsim/extscache/omni.kit.test-2.0.1+8131b85d.lx64.r.cp311/omni/kit/test/unittests.py", line 21, in <module>
    from .async_unittest import AsyncTestSuite, AsyncTextTestRunner, OmniTestResult, AsyncTestCase
  File "/root/miniforge3/envs/coordex/lib/python3.11/site-packages/isaacsim/extscache/omni.kit.test-2.0.1+8131b85d.lx64.r.cp311/omni/kit/test/async_unittest.py", line 25, in <module>
    from .reporter import TestReporter
  File "/root/miniforge3/envs/coordex/lib/python3.11/site-packages/isaacsim/extscache/omni.kit.test-2.0.1+8131b85d.lx64.r.cp311/omni/kit/test/reporter.py", line 27, in <module>
    from .test_coverage import generate_coverage_report
  File "/root/miniforge3/envs/coordex/lib/python3.11/site-packages/isaacsim/extscache/omni.kit.test-2.0.1+8131b85d.lx64.r.cp311/omni/kit/test/test_coverage.py", line 10, in <module>
    import coverage
  File "/root/miniforge3/envs/coordex/lib/python3.11/site-packages/coverage/__init__.py", line 24, in <module>
    from coverage.control import (
  File "/root/miniforge3/envs/coordex/lib/python3.11/site-packages/coverage/control.py", line 28, in <module>
    from coverage.collector import Collector, HAS_CTRACER
  File "/root/miniforge3/envs/coordex/lib/python3.11/site-packages/coverage/collector.py", line 19, in <module>
    from coverage.data import CoverageData
  File "/root/miniforge3/envs/coordex/lib/python3.11/site-packages/coverage/data.py", line 24, in <module>
    from coverage.sqldata import CoverageData
  File "/root/miniforge3/envs/coordex/lib/python3.11/site-packages/coverage/sqldata.py", line 16, in <module>
    import sqlite3
  File "/root/miniforge3/envs/coordex/lib/python3.11/sqlite3/__init__.py", line 57, in <module>
    from sqlite3.dbapi2 import *
  File "/root/miniforge3/envs/coordex/lib/python3.11/sqlite3/dbapi2.py", line 27, in <module>
    from _sqlite3 import *
ImportError: /lib/x86_64-linux-gnu/libstdc++.so.6: version `CXXABI_1.3.15' not found (required by /root/miniforge3/envs/coordex/lib/python3.11/lib-dynload/../.././libicui18n.so.78)

2026-08-15T02:02:24Z [8,874ms] [Error] [omni.graph.tools._impl.internal.extension_contents_1_18] Exception while importing test omni.replicator.core.ogn.tests.TestOgnAugConv2dExp: Traceback (most recent call last):
  File "/root/miniforge3/envs/coordex/lib/python3.11/site-packages/isaacsim/extscache/omni.graph.tools-1.79.2+8131b85d/omni/graph/tools/_impl/internal/extension_contents_1_18.py", line 394, in do_import_test_definition
    test_module = load_module_from_file(test_module_name, test_file)
                  ^^^^^^^^^^^^^^^^^^^^^^^^^^^^^^^^^^^^^^^^^^^^^^^^^^
  File "/root/miniforge3/envs/coordex/lib/python3.11/site-packages/isaacsim/extscache/omni.graph.tools-1.79.2+8131b85d/omni/graph/tools/_impl/internal/file_utils.py", line 239, in load_module_from_file
    spec.loader.exec_module(module)
  File "<frozen importlib._bootstrap_external>", line 940, in exec_module
  File "<frozen importlib._bootstrap>", line 241, in _call_with_frames_removed
  File "/root/miniforge3/envs/coordex/lib/python3.11/site-packages/isaacsim/extscache/omni.replicator.core-1.12.16+107.3.1.lx64.r.cp311/omni/replicator/core/ogn/tests/TestOgnAugConv2dExp.py", line 2, in <module>
    import omni.kit.test
  File "/root/miniforge3/envs/coordex/lib/python3.11/site-packages/isaacsim/extscache/omni.kit.test-2.0.1+8131b85d.lx64.r.cp311/omni/kit/test/__init__.py", line 7, in <module>
    from . import unittests
  File "/root/miniforge3/envs/coordex/lib/python3.11/site-packages/isaacsim/extscache/omni.kit.test-2.0.1+8131b85d.lx64.r.cp311/omni/kit/test/unittests.py", line 21, in <module>
    from .async_unittest import AsyncTestSuite, AsyncTextTestRunner, OmniTestResult, AsyncTestCase
  File "/root/miniforge3/envs/coordex/lib/python3.11/site-packages/isaacsim/extscache/omni.kit.test-2.0.1+8131b85d.lx64.r.cp311/omni/kit/test/async_unittest.py", line 25, in <module>
    from .reporter import TestReporter
  File "/root/miniforge3/envs/coordex/lib/python3.11/site-packages/isaacsim/extscache/omni.kit.test-2.0.1+8131b85d.lx64.r.cp311/omni/kit/test/reporter.py", line 27, in <module>
    from .test_coverage import generate_coverage_report
  File "/root/miniforge3/envs/coordex/lib/python3.11/site-packages/isaacsim/extscache/omni.kit.test-2.0.1+8131b85d.lx64.r.cp311/omni/kit/test/test_coverage.py", line 10, in <module>
    import coverage
  File "/root/miniforge3/envs/coordex/lib/python3.11/site-packages/coverage/__init__.py", line 24, in <module>
    from coverage.control import (
  File "/root/miniforge3/envs/coordex/lib/python3.11/site-packages/coverage/control.py", line 28, in <module>
    from coverage.collector import Collector, HAS_CTRACER
  File "/root/miniforge3/envs/coordex/lib/python3.11/site-packages/coverage/collector.py", line 19, in <module>
    from coverage.data import CoverageData
  File "/root/miniforge3/envs/coordex/lib/python3.11/site-packages/coverage/data.py", line 24, in <module>
    from coverage.sqldata import CoverageData
  File "/root/miniforge3/envs/coordex/lib/python3.11/site-packages/coverage/sqldata.py", line 16, in <module>
    import sqlite3
  File "/root/miniforge3/envs/coordex/lib/python3.11/sqlite3/__init__.py", line 57, in <module>
    from sqlite3.dbapi2 import *
  File "/root/miniforge3/envs/coordex/lib/python3.11/sqlite3/dbapi2.py", line 27, in <module>
    from _sqlite3 import *
ImportError: /lib/x86_64-linux-gnu/libstdc++.so.6: version `CXXABI_1.3.15' not found (required by /root/miniforge3/envs/coordex/lib/python3.11/lib-dynload/../.././libicui18n.so.78)

2026-08-15T02:02:24Z [8,898ms] [Error] [omni.graph.tools._impl.internal.extension_contents_1_18] Exception while importing test omni.replicator.core.ogn.tests.TestOgnAugImgBlendExp: Traceback (most recent call last):
  File "/root/miniforge3/envs/coordex/lib/python3.11/site-packages/isaacsim/extscache/omni.graph.tools-1.79.2+8131b85d/omni/graph/tools/_impl/internal/extension_contents_1_18.py", line 394, in do_import_test_definition
    test_module = load_module_from_file(test_module_name, test_file)
                  ^^^^^^^^^^^^^^^^^^^^^^^^^^^^^^^^^^^^^^^^^^^^^^^^^^
  File "/root/miniforge3/envs/coordex/lib/python3.11/site-packages/isaacsim/extscache/omni.graph.tools-1.79.2+8131b85d/omni/graph/tools/_impl/internal/file_utils.py", line 239, in load_module_from_file
    spec.loader.exec_module(module)
  File "<frozen importlib._bootstrap_external>", line 940, in exec_module
  File "<frozen importlib._bootstrap>", line 241, in _call_with_frames_removed
  File "/root/miniforge3/envs/coordex/lib/python3.11/site-packages/isaacsim/extscache/omni.replicator.core-1.12.16+107.3.1.lx64.r.cp311/omni/replicator/core/ogn/tests/TestOgnAugImgBlendExp.py", line 2, in <module>
    import omni.kit.test
  File "/root/miniforge3/envs/coordex/lib/python3.11/site-packages/isaacsim/extscache/omni.kit.test-2.0.1+8131b85d.lx64.r.cp311/omni/kit/test/__init__.py", line 7, in <module>
    from . import unittests
  File "/root/miniforge3/envs/coordex/lib/python3.11/site-packages/isaacsim/extscache/omni.kit.test-2.0.1+8131b85d.lx64.r.cp311/omni/kit/test/unittests.py", line 21, in <module>
    from .async_unittest import AsyncTestSuite, AsyncTextTestRunner, OmniTestResult, AsyncTestCase
  File "/root/miniforge3/envs/coordex/lib/python3.11/site-packages/isaacsim/extscache/omni.kit.test-2.0.1+8131b85d.lx64.r.cp311/omni/kit/test/async_unittest.py", line 25, in <module>
    from .reporter import TestReporter
  File "/root/miniforge3/envs/coordex/lib/python3.11/site-packages/isaacsim/extscache/omni.kit.test-2.0.1+8131b85d.lx64.r.cp311/omni/kit/test/reporter.py", line 27, in <module>
    from .test_coverage import generate_coverage_report
  File "/root/miniforge3/envs/coordex/lib/python3.11/site-packages/isaacsim/extscache/omni.kit.test-2.0.1+8131b85d.lx64.r.cp311/omni/kit/test/test_coverage.py", line 10, in <module>
    import coverage
  File "/root/miniforge3/envs/coordex/lib/python3.11/site-packages/coverage/__init__.py", line 24, in <module>
    from coverage.control import (
  File "/root/miniforge3/envs/coordex/lib/python3.11/site-packages/coverage/control.py", line 28, in <module>
    from coverage.collector import Collector, HAS_CTRACER
  File "/root/miniforge3/envs/coordex/lib/python3.11/site-packages/coverage/collector.py", line 19, in <module>
    from coverage.data import CoverageData
  File "/root/miniforge3/envs/coordex/lib/python3.11/site-packages/coverage/data.py", line 24, in <module>
    from coverage.sqldata import CoverageData
  File "/root/miniforge3/envs/coordex/lib/python3.11/site-packages/coverage/sqldata.py", line 16, in <module>
    import sqlite3
  File "/root/miniforge3/envs/coordex/lib/python3.11/sqlite3/__init__.py", line 57, in <module>
    from sqlite3.dbapi2 import *
  File "/root/miniforge3/envs/coordex/lib/python3.11/sqlite3/dbapi2.py", line 27, in <module>
    from _sqlite3 import *
ImportError: /lib/x86_64-linux-gnu/libstdc++.so.6: version `CXXABI_1.3.15' not found (required by /root/miniforge3/envs/coordex/lib/python3.11/lib-dynload/../.././libicui18n.so.78)

2026-08-15T02:02:24Z [8,909ms] [Error] [omni.graph.tools._impl.internal.extension_contents_1_18] Exception while importing test omni.replicator.core.ogn.tests.TestOgnSampleSequence: Traceback (most recent call last):
  File "/root/miniforge3/envs/coordex/lib/python3.11/site-packages/isaacsim/extscache/omni.graph.tools-1.79.2+8131b85d/omni/graph/tools/_impl/internal/extension_contents_1_18.py", line 394, in do_import_test_definition
    test_module = load_module_from_file(test_module_name, test_file)
                  ^^^^^^^^^^^^^^^^^^^^^^^^^^^^^^^^^^^^^^^^^^^^^^^^^^
  File "/root/miniforge3/envs/coordex/lib/python3.11/site-packages/isaacsim/extscache/omni.graph.tools-1.79.2+8131b85d/omni/graph/tools/_impl/internal/file_utils.py", line 239, in load_module_from_file
    spec.loader.exec_module(module)
  File "<frozen importlib._bootstrap_external>", line 940, in exec_module
  File "<frozen importlib._bootstrap>", line 241, in _call_with_frames_removed
  File "/root/miniforge3/envs/coordex/lib/python3.11/site-packages/isaacsim/extscache/omni.replicator.core-1.12.16+107.3.1.lx64.r.cp311/omni/replicator/core/ogn/tests/TestOgnSampleSequence.py", line 2, in <module>
    import omni.kit.test
  File "/root/miniforge3/envs/coordex/lib/python3.11/site-packages/isaacsim/extscache/omni.kit.test-2.0.1+8131b85d.lx64.r.cp311/omni/kit/test/__init__.py", line 7, in <module>
    from . import unittests
  File "/root/miniforge3/envs/coordex/lib/python3.11/site-packages/isaacsim/extscache/omni.kit.test-2.0.1+8131b85d.lx64.r.cp311/omni/kit/test/unittests.py", line 21, in <module>
    from .async_unittest import AsyncTestSuite, AsyncTextTestRunner, OmniTestResult, AsyncTestCase
  File "/root/miniforge3/envs/coordex/lib/python3.11/site-packages/isaacsim/extscache/omni.kit.test-2.0.1+8131b85d.lx64.r.cp311/omni/kit/test/async_unittest.py", line 25, in <module>
    from .reporter import TestReporter
  File "/root/miniforge3/envs/coordex/lib/python3.11/site-packages/isaacsim/extscache/omni.kit.test-2.0.1+8131b85d.lx64.r.cp311/omni/kit/test/reporter.py", line 27, in <module>
    from .test_coverage import generate_coverage_report
  File "/root/miniforge3/envs/coordex/lib/python3.11/site-packages/isaacsim/extscache/omni.kit.test-2.0.1+8131b85d.lx64.r.cp311/omni/kit/test/test_coverage.py", line 10, in <module>
    import coverage
  File "/root/miniforge3/envs/coordex/lib/python3.11/site-packages/coverage/__init__.py", line 24, in <module>
    from coverage.control import (
  File "/root/miniforge3/envs/coordex/lib/python3.11/site-packages/coverage/control.py", line 28, in <module>
    from coverage.collector import Collector, HAS_CTRACER
  File "/root/miniforge3/envs/coordex/lib/python3.11/site-packages/coverage/collector.py", line 19, in <module>
    from coverage.data import CoverageData
  File "/root/miniforge3/envs/coordex/lib/python3.11/site-packages/coverage/data.py", line 24, in <module>
    from coverage.sqldata import CoverageData
  File "/root/miniforge3/envs/coordex/lib/python3.11/site-packages/coverage/sqldata.py", line 16, in <module>
    import sqlite3
  File "/root/miniforge3/envs/coordex/lib/python3.11/sqlite3/__init__.py", line 57, in <module>
    from sqlite3.dbapi2 import *
  File "/root/miniforge3/envs/coordex/lib/python3.11/sqlite3/dbapi2.py", line 27, in <module>
    from _sqlite3 import *
ImportError: /lib/x86_64-linux-gnu/libstdc++.so.6: version `CXXABI_1.3.15' not found (required by /root/miniforge3/envs/coordex/lib/python3.11/lib-dynload/../.././libicui18n.so.78)

2026-08-15T02:02:24Z [8,924ms] [Error] [omni.graph.tools._impl.internal.extension_contents_1_18] Exception while importing test omni.replicator.core.ogn.tests.TestOgnWriteCarbSetting: Traceback (most recent call last):
  File "/root/miniforge3/envs/coordex/lib/python3.11/site-packages/isaacsim/extscache/omni.graph.tools-1.79.2+8131b85d/omni/graph/tools/_impl/internal/extension_contents_1_18.py", line 394, in do_import_test_definition
    test_module = load_module_from_file(test_module_name, test_file)
                  ^^^^^^^^^^^^^^^^^^^^^^^^^^^^^^^^^^^^^^^^^^^^^^^^^^
  File "/root/miniforge3/envs/coordex/lib/python3.11/site-packages/isaacsim/extscache/omni.graph.tools-1.79.2+8131b85d/omni/graph/tools/_impl/internal/file_utils.py", line 239, in load_module_from_file
    spec.loader.exec_module(module)
  File "<frozen importlib._bootstrap_external>", line 940, in exec_module
  File "<frozen importlib._bootstrap>", line 241, in _call_with_frames_removed
  File "/root/miniforge3/envs/coordex/lib/python3.11/site-packages/isaacsim/extscache/omni.replicator.core-1.12.16+107.3.1.lx64.r.cp311/omni/replicator/core/ogn/tests/TestOgnWriteCarbSetting.py", line 2, in <module>
    import omni.kit.test
  File "/root/miniforge3/envs/coordex/lib/python3.11/site-packages/isaacsim/extscache/omni.kit.test-2.0.1+8131b85d.lx64.r.cp311/omni/kit/test/__init__.py", line 7, in <module>
    from . import unittests
  File "/root/miniforge3/envs/coordex/lib/python3.11/site-packages/isaacsim/extscache/omni.kit.test-2.0.1+8131b85d.lx64.r.cp311/omni/kit/test/unittests.py", line 21, in <module>
    from .async_unittest import AsyncTestSuite, AsyncTextTestRunner, OmniTestResult, AsyncTestCase
  File "/root/miniforge3/envs/coordex/lib/python3.11/site-packages/isaacsim/extscache/omni.kit.test-2.0.1+8131b85d.lx64.r.cp311/omni/kit/test/async_unittest.py", line 25, in <module>
    from .reporter import TestReporter
  File "/root/miniforge3/envs/coordex/lib/python3.11/site-packages/isaacsim/extscache/omni.kit.test-2.0.1+8131b85d.lx64.r.cp311/omni/kit/test/reporter.py", line 27, in <module>
    from .test_coverage import generate_coverage_report
  File "/root/miniforge3/envs/coordex/lib/python3.11/site-packages/isaacsim/extscache/omni.kit.test-2.0.1+8131b85d.lx64.r.cp311/omni/kit/test/test_coverage.py", line 10, in <module>
    import coverage
  File "/root/miniforge3/envs/coordex/lib/python3.11/site-packages/coverage/__init__.py", line 24, in <module>
    from coverage.control import (
  File "/root/miniforge3/envs/coordex/lib/python3.11/site-packages/coverage/control.py", line 28, in <module>
    from coverage.collector import Collector, HAS_CTRACER
  File "/root/miniforge3/envs/coordex/lib/python3.11/site-packages/coverage/collector.py", line 19, in <module>
    from coverage.data import CoverageData
  File "/root/miniforge3/envs/coordex/lib/python3.11/site-packages/coverage/data.py", line 24, in <module>
    from coverage.sqldata import CoverageData
  File "/root/miniforge3/envs/coordex/lib/python3.11/site-packages/coverage/sqldata.py", line 16, in <module>
    import sqlite3
  File "/root/miniforge3/envs/coordex/lib/python3.11/sqlite3/__init__.py", line 57, in <module>
    from sqlite3.dbapi2 import *
  File "/root/miniforge3/envs/coordex/lib/python3.11/sqlite3/dbapi2.py", line 27, in <module>
    from _sqlite3 import *
ImportError: /lib/x86_64-linux-gnu/libstdc++.so.6: version `CXXABI_1.3.15' not found (required by /root/miniforge3/envs/coordex/lib/python3.11/lib-dynload/../.././libicui18n.so.78)

2026-08-15T02:02:24Z [8,939ms] [Error] [omni.graph.tools._impl.internal.extension_contents_1_18] Exception while importing test omni.replicator.core.ogn.tests.TestOgnSampleSequencePrim: Traceback (most recent call last):
  File "/root/miniforge3/envs/coordex/lib/python3.11/site-packages/isaacsim/extscache/omni.graph.tools-1.79.2+8131b85d/omni/graph/tools/_impl/internal/extension_contents_1_18.py", line 394, in do_import_test_definition
    test_module = load_module_from_file(test_module_name, test_file)
                  ^^^^^^^^^^^^^^^^^^^^^^^^^^^^^^^^^^^^^^^^^^^^^^^^^^
  File "/root/miniforge3/envs/coordex/lib/python3.11/site-packages/isaacsim/extscache/omni.graph.tools-1.79.2+8131b85d/omni/graph/tools/_impl/internal/file_utils.py", line 239, in load_module_from_file
    spec.loader.exec_module(module)
  File "<frozen importlib._bootstrap_external>", line 940, in exec_module
  File "<frozen importlib._bootstrap>", line 241, in _call_with_frames_removed
  File "/root/miniforge3/envs/coordex/lib/python3.11/site-packages/isaacsim/extscache/omni.replicator.core-1.12.16+107.3.1.lx64.r.cp311/omni/replicator/core/ogn/tests/TestOgnSampleSequencePrim.py", line 2, in <module>
    import omni.kit.test
  File "/root/miniforge3/envs/coordex/lib/python3.11/site-packages/isaacsim/extscache/omni.kit.test-2.0.1+8131b85d.lx64.r.cp311/omni/kit/test/__init__.py", line 7, in <module>
    from . import unittests
  File "/root/miniforge3/envs/coordex/lib/python3.11/site-packages/isaacsim/extscache/omni.kit.test-2.0.1+8131b85d.lx64.r.cp311/omni/kit/test/unittests.py", line 21, in <module>
    from .async_unittest import AsyncTestSuite, AsyncTextTestRunner, OmniTestResult, AsyncTestCase
  File "/root/miniforge3/envs/coordex/lib/python3.11/site-packages/isaacsim/extscache/omni.kit.test-2.0.1+8131b85d.lx64.r.cp311/omni/kit/test/async_unittest.py", line 25, in <module>
    from .reporter import TestReporter
  File "/root/miniforge3/envs/coordex/lib/python3.11/site-packages/isaacsim/extscache/omni.kit.test-2.0.1+8131b85d.lx64.r.cp311/omni/kit/test/reporter.py", line 27, in <module>
    from .test_coverage import generate_coverage_report
  File "/root/miniforge3/envs/coordex/lib/python3.11/site-packages/isaacsim/extscache/omni.kit.test-2.0.1+8131b85d.lx64.r.cp311/omni/kit/test/test_coverage.py", line 10, in <module>
    import coverage
  File "/root/miniforge3/envs/coordex/lib/python3.11/site-packages/coverage/__init__.py", line 24, in <module>
    from coverage.control import (
  File "/root/miniforge3/envs/coordex/lib/python3.11/site-packages/coverage/control.py", line 28, in <module>
    from coverage.collector import Collector, HAS_CTRACER
  File "/root/miniforge3/envs/coordex/lib/python3.11/site-packages/coverage/collector.py", line 19, in <module>
    from coverage.data import CoverageData
  File "/root/miniforge3/envs/coordex/lib/python3.11/site-packages/coverage/data.py", line 24, in <module>
    from coverage.sqldata import CoverageData
  File "/root/miniforge3/envs/coordex/lib/python3.11/site-packages/coverage/sqldata.py", line 16, in <module>
    import sqlite3
  File "/root/miniforge3/envs/coordex/lib/python3.11/sqlite3/__init__.py", line 57, in <module>
    from sqlite3.dbapi2 import *
  File "/root/miniforge3/envs/coordex/lib/python3.11/sqlite3/dbapi2.py", line 27, in <module>
    from _sqlite3 import *
ImportError: /lib/x86_64-linux-gnu/libstdc++.so.6: version `CXXABI_1.3.15' not found (required by /root/miniforge3/envs/coordex/lib/python3.11/lib-dynload/../.././libicui18n.so.78)

2026-08-15T02:02:24Z [8,951ms] [Error] [omni.graph.tools._impl.internal.extension_contents_1_18] Exception while importing test omni.replicator.core.ogn.tests.TestOgnScatter3D: Traceback (most recent call last):
  File "/root/miniforge3/envs/coordex/lib/python3.11/site-packages/isaacsim/extscache/omni.graph.tools-1.79.2+8131b85d/omni/graph/tools/_impl/internal/extension_contents_1_18.py", line 394, in do_import_test_definition
    test_module = load_module_from_file(test_module_name, test_file)
                  ^^^^^^^^^^^^^^^^^^^^^^^^^^^^^^^^^^^^^^^^^^^^^^^^^^
  File "/root/miniforge3/envs/coordex/lib/python3.11/site-packages/isaacsim/extscache/omni.graph.tools-1.79.2+8131b85d/omni/graph/tools/_impl/internal/file_utils.py", line 239, in load_module_from_file
    spec.loader.exec_module(module)
  File "<frozen importlib._bootstrap_external>", line 940, in exec_module
  File "<frozen importlib._bootstrap>", line 241, in _call_with_frames_removed
  File "/root/miniforge3/envs/coordex/lib/python3.11/site-packages/isaacsim/extscache/omni.replicator.core-1.12.16+107.3.1.lx64.r.cp311/omni/replicator/core/ogn/tests/TestOgnScatter3D.py", line 2, in <module>
    import omni.kit.test
  File "/root/miniforge3/envs/coordex/lib/python3.11/site-packages/isaacsim/extscache/omni.kit.test-2.0.1+8131b85d.lx64.r.cp311/omni/kit/test/__init__.py", line 7, in <module>
    from . import unittests
  File "/root/miniforge3/envs/coordex/lib/python3.11/site-packages/isaacsim/extscache/omni.kit.test-2.0.1+8131b85d.lx64.r.cp311/omni/kit/test/unittests.py", line 21, in <module>
    from .async_unittest import AsyncTestSuite, AsyncTextTestRunner, OmniTestResult, AsyncTestCase
  File "/root/miniforge3/envs/coordex/lib/python3.11/site-packages/isaacsim/extscache/omni.kit.test-2.0.1+8131b85d.lx64.r.cp311/omni/kit/test/async_unittest.py", line 25, in <module>
    from .reporter import TestReporter
  File "/root/miniforge3/envs/coordex/lib/python3.11/site-packages/isaacsim/extscache/omni.kit.test-2.0.1+8131b85d.lx64.r.cp311/omni/kit/test/reporter.py", line 27, in <module>
    from .test_coverage import generate_coverage_report
  File "/root/miniforge3/envs/coordex/lib/python3.11/site-packages/isaacsim/extscache/omni.kit.test-2.0.1+8131b85d.lx64.r.cp311/omni/kit/test/test_coverage.py", line 10, in <module>
    import coverage
  File "/root/miniforge3/envs/coordex/lib/python3.11/site-packages/coverage/__init__.py", line 24, in <module>
    from coverage.control import (
  File "/root/miniforge3/envs/coordex/lib/python3.11/site-packages/coverage/control.py", line 28, in <module>
    from coverage.collector import Collector, HAS_CTRACER
  File "/root/miniforge3/envs/coordex/lib/python3.11/site-packages/coverage/collector.py", line 19, in <module>
    from coverage.data import CoverageData
  File "/root/miniforge3/envs/coordex/lib/python3.11/site-packages/coverage/data.py", line 24, in <module>
    from coverage.sqldata import CoverageData
  File "/root/miniforge3/envs/coordex/lib/python3.11/site-packages/coverage/sqldata.py", line 16, in <module>
    import sqlite3
  File "/root/miniforge3/envs/coordex/lib/python3.11/sqlite3/__init__.py", line 57, in <module>
    from sqlite3.dbapi2 import *
  File "/root/miniforge3/envs/coordex/lib/python3.11/sqlite3/dbapi2.py", line 27, in <module>
    from _sqlite3 import *
ImportError: /lib/x86_64-linux-gnu/libstdc++.so.6: version `CXXABI_1.3.15' not found (required by /root/miniforge3/envs/coordex/lib/python3.11/lib-dynload/../.././libicui18n.so.78)

2026-08-15T02:02:24Z [8,964ms] [Error] [omni.graph.tools._impl.internal.extension_contents_1_18] Exception while importing test omni.replicator.core.ogn.tests.TestOgnOnTime: Traceback (most recent call last):
  File "/root/miniforge3/envs/coordex/lib/python3.11/site-packages/isaacsim/extscache/omni.graph.tools-1.79.2+8131b85d/omni/graph/tools/_impl/internal/extension_contents_1_18.py", line 394, in do_import_test_definition
    test_module = load_module_from_file(test_module_name, test_file)
                  ^^^^^^^^^^^^^^^^^^^^^^^^^^^^^^^^^^^^^^^^^^^^^^^^^^
  File "/root/miniforge3/envs/coordex/lib/python3.11/site-packages/isaacsim/extscache/omni.graph.tools-1.79.2+8131b85d/omni/graph/tools/_impl/internal/file_utils.py", line 239, in load_module_from_file
    spec.loader.exec_module(module)
  File "<frozen importlib._bootstrap_external>", line 940, in exec_module
  File "<frozen importlib._bootstrap>", line 241, in _call_with_frames_removed
  File "/root/miniforge3/envs/coordex/lib/python3.11/site-packages/isaacsim/extscache/omni.replicator.core-1.12.16+107.3.1.lx64.r.cp311/omni/replicator/core/ogn/tests/TestOgnOnTime.py", line 2, in <module>
    import omni.kit.test
  File "/root/miniforge3/envs/coordex/lib/python3.11/site-packages/isaacsim/extscache/omni.kit.test-2.0.1+8131b85d.lx64.r.cp311/omni/kit/test/__init__.py", line 7, in <module>
    from . import unittests
  File "/root/miniforge3/envs/coordex/lib/python3.11/site-packages/isaacsim/extscache/omni.kit.test-2.0.1+8131b85d.lx64.r.cp311/omni/kit/test/unittests.py", line 21, in <module>
    from .async_unittest import AsyncTestSuite, AsyncTextTestRunner, OmniTestResult, AsyncTestCase
  File "/root/miniforge3/envs/coordex/lib/python3.11/site-packages/isaacsim/extscache/omni.kit.test-2.0.1+8131b85d.lx64.r.cp311/omni/kit/test/async_unittest.py", line 25, in <module>
    from .reporter import TestReporter
  File "/root/miniforge3/envs/coordex/lib/python3.11/site-packages/isaacsim/extscache/omni.kit.test-2.0.1+8131b85d.lx64.r.cp311/omni/kit/test/reporter.py", line 27, in <module>
    from .test_coverage import generate_coverage_report
  File "/root/miniforge3/envs/coordex/lib/python3.11/site-packages/isaacsim/extscache/omni.kit.test-2.0.1+8131b85d.lx64.r.cp311/omni/kit/test/test_coverage.py", line 10, in <module>
    import coverage
  File "/root/miniforge3/envs/coordex/lib/python3.11/site-packages/coverage/__init__.py", line 24, in <module>
    from coverage.control import (
  File "/root/miniforge3/envs/coordex/lib/python3.11/site-packages/coverage/control.py", line 28, in <module>
    from coverage.collector import Collector, HAS_CTRACER
  File "/root/miniforge3/envs/coordex/lib/python3.11/site-packages/coverage/collector.py", line 19, in <module>
    from coverage.data import CoverageData
  File "/root/miniforge3/envs/coordex/lib/python3.11/site-packages/coverage/data.py", line 24, in <module>
    from coverage.sqldata import CoverageData
  File "/root/miniforge3/envs/coordex/lib/python3.11/site-packages/coverage/sqldata.py", line 16, in <module>
    import sqlite3
  File "/root/miniforge3/envs/coordex/lib/python3.11/sqlite3/__init__.py", line 57, in <module>
    from sqlite3.dbapi2 import *
  File "/root/miniforge3/envs/coordex/lib/python3.11/sqlite3/dbapi2.py", line 27, in <module>
    from _sqlite3 import *
ImportError: /lib/x86_64-linux-gnu/libstdc++.so.6: version `CXXABI_1.3.15' not found (required by /root/miniforge3/envs/coordex/lib/python3.11/lib-dynload/../.././libicui18n.so.78)

2026-08-15T02:02:24Z [8,974ms] [Error] [omni.graph.tools._impl.internal.extension_contents_1_18] Exception while importing test omni.replicator.core.ogn.tests.TestOgnAugmentCPU: Traceback (most recent call last):
  File "/root/miniforge3/envs/coordex/lib/python3.11/site-packages/isaacsim/extscache/omni.graph.tools-1.79.2+8131b85d/omni/graph/tools/_impl/internal/extension_contents_1_18.py", line 394, in do_import_test_definition
    test_module = load_module_from_file(test_module_name, test_file)
                  ^^^^^^^^^^^^^^^^^^^^^^^^^^^^^^^^^^^^^^^^^^^^^^^^^^
  File "/root/miniforge3/envs/coordex/lib/python3.11/site-packages/isaacsim/extscache/omni.graph.tools-1.79.2+8131b85d/omni/graph/tools/_impl/internal/file_utils.py", line 239, in load_module_from_file
    spec.loader.exec_module(module)
  File "<frozen importlib._bootstrap_external>", line 940, in exec_module
  File "<frozen importlib._bootstrap>", line 241, in _call_with_frames_removed
  File "/root/miniforge3/envs/coordex/lib/python3.11/site-packages/isaacsim/extscache/omni.replicator.core-1.12.16+107.3.1.lx64.r.cp311/omni/replicator/core/ogn/tests/TestOgnAugmentCPU.py", line 2, in <module>
    import omni.kit.test
  File "/root/miniforge3/envs/coordex/lib/python3.11/site-packages/isaacsim/extscache/omni.kit.test-2.0.1+8131b85d.lx64.r.cp311/omni/kit/test/__init__.py", line 7, in <module>
    from . import unittests
  File "/root/miniforge3/envs/coordex/lib/python3.11/site-packages/isaacsim/extscache/omni.kit.test-2.0.1+8131b85d.lx64.r.cp311/omni/kit/test/unittests.py", line 21, in <module>
    from .async_unittest import AsyncTestSuite, AsyncTextTestRunner, OmniTestResult, AsyncTestCase
  File "/root/miniforge3/envs/coordex/lib/python3.11/site-packages/isaacsim/extscache/omni.kit.test-2.0.1+8131b85d.lx64.r.cp311/omni/kit/test/async_unittest.py", line 25, in <module>
    from .reporter import TestReporter
  File "/root/miniforge3/envs/coordex/lib/python3.11/site-packages/isaacsim/extscache/omni.kit.test-2.0.1+8131b85d.lx64.r.cp311/omni/kit/test/reporter.py", line 27, in <module>
    from .test_coverage import generate_coverage_report
  File "/root/miniforge3/envs/coordex/lib/python3.11/site-packages/isaacsim/extscache/omni.kit.test-2.0.1+8131b85d.lx64.r.cp311/omni/kit/test/test_coverage.py", line 10, in <module>
    import coverage
  File "/root/miniforge3/envs/coordex/lib/python3.11/site-packages/coverage/__init__.py", line 24, in <module>
    from coverage.control import (
  File "/root/miniforge3/envs/coordex/lib/python3.11/site-packages/coverage/control.py", line 28, in <module>
    from coverage.collector import Collector, HAS_CTRACER
  File "/root/miniforge3/envs/coordex/lib/python3.11/site-packages/coverage/collector.py", line 19, in <module>
    from coverage.data import CoverageData
  File "/root/miniforge3/envs/coordex/lib/python3.11/site-packages/coverage/data.py", line 24, in <module>
    from coverage.sqldata import CoverageData
  File "/root/miniforge3/envs/coordex/lib/python3.11/site-packages/coverage/sqldata.py", line 16, in <module>
    import sqlite3
  File "/root/miniforge3/envs/coordex/lib/python3.11/sqlite3/__init__.py", line 57, in <module>
    from sqlite3.dbapi2 import *
  File "/root/miniforge3/envs/coordex/lib/python3.11/sqlite3/dbapi2.py", line 27, in <module>
    from _sqlite3 import *
ImportError: /lib/x86_64-linux-gnu/libstdc++.so.6: version `CXXABI_1.3.15' not found (required by /root/miniforge3/envs/coordex/lib/python3.11/lib-dynload/../.././libicui18n.so.78)

2026-08-15T02:02:24Z [8,998ms] [Error] [omni.graph.tools._impl.internal.extension_contents_1_18] Exception while importing test omni.replicator.core.ogn.tests.TestOgnCameraRelativePosition: Traceback (most recent call last):
  File "/root/miniforge3/envs/coordex/lib/python3.11/site-packages/isaacsim/extscache/omni.graph.tools-1.79.2+8131b85d/omni/graph/tools/_impl/internal/extension_contents_1_18.py", line 394, in do_import_test_definition
    test_module = load_module_from_file(test_module_name, test_file)
                  ^^^^^^^^^^^^^^^^^^^^^^^^^^^^^^^^^^^^^^^^^^^^^^^^^^
  File "/root/miniforge3/envs/coordex/lib/python3.11/site-packages/isaacsim/extscache/omni.graph.tools-1.79.2+8131b85d/omni/graph/tools/_impl/internal/file_utils.py", line 239, in load_module_from_file
    spec.loader.exec_module(module)
  File "<frozen importlib._bootstrap_external>", line 940, in exec_module
  File "<frozen importlib._bootstrap>", line 241, in _call_with_frames_removed
  File "/root/miniforge3/envs/coordex/lib/python3.11/site-packages/isaacsim/extscache/omni.replicator.core-1.12.16+107.3.1.lx64.r.cp311/omni/replicator/core/ogn/tests/TestOgnCameraRelativePosition.py", line 2, in <module>
    import omni.kit.test
  File "/root/miniforge3/envs/coordex/lib/python3.11/site-packages/isaacsim/extscache/omni.kit.test-2.0.1+8131b85d.lx64.r.cp311/omni/kit/test/__init__.py", line 7, in <module>
    from . import unittests
  File "/root/miniforge3/envs/coordex/lib/python3.11/site-packages/isaacsim/extscache/omni.kit.test-2.0.1+8131b85d.lx64.r.cp311/omni/kit/test/unittests.py", line 21, in <module>
    from .async_unittest import AsyncTestSuite, AsyncTextTestRunner, OmniTestResult, AsyncTestCase
  File "/root/miniforge3/envs/coordex/lib/python3.11/site-packages/isaacsim/extscache/omni.kit.test-2.0.1+8131b85d.lx64.r.cp311/omni/kit/test/async_unittest.py", line 25, in <module>
    from .reporter import TestReporter
  File "/root/miniforge3/envs/coordex/lib/python3.11/site-packages/isaacsim/extscache/omni.kit.test-2.0.1+8131b85d.lx64.r.cp311/omni/kit/test/reporter.py", line 27, in <module>
    from .test_coverage import generate_coverage_report
  File "/root/miniforge3/envs/coordex/lib/python3.11/site-packages/isaacsim/extscache/omni.kit.test-2.0.1+8131b85d.lx64.r.cp311/omni/kit/test/test_coverage.py", line 10, in <module>
    import coverage
  File "/root/miniforge3/envs/coordex/lib/python3.11/site-packages/coverage/__init__.py", line 24, in <module>
    from coverage.control import (
  File "/root/miniforge3/envs/coordex/lib/python3.11/site-packages/coverage/control.py", line 28, in <module>
    from coverage.collector import Collector, HAS_CTRACER
  File "/root/miniforge3/envs/coordex/lib/python3.11/site-packages/coverage/collector.py", line 19, in <module>
    from coverage.data import CoverageData
  File "/root/miniforge3/envs/coordex/lib/python3.11/site-packages/coverage/data.py", line 24, in <module>
    from coverage.sqldata import CoverageData
  File "/root/miniforge3/envs/coordex/lib/python3.11/site-packages/coverage/sqldata.py", line 16, in <module>
    import sqlite3
  File "/root/miniforge3/envs/coordex/lib/python3.11/sqlite3/__init__.py", line 57, in <module>
    from sqlite3.dbapi2 import *
  File "/root/miniforge3/envs/coordex/lib/python3.11/sqlite3/dbapi2.py", line 27, in <module>
    from _sqlite3 import *
ImportError: /lib/x86_64-linux-gnu/libstdc++.so.6: version `CXXABI_1.3.15' not found (required by /root/miniforge3/envs/coordex/lib/python3.11/lib-dynload/../.././libicui18n.so.78)

2026-08-15T02:02:24Z [9,013ms] [Error] [omni.graph.tools._impl.internal.extension_contents_1_18] Exception while importing test omni.replicator.core.ogn.tests.TestOgnInstanceIdSegmentationLegacy: Traceback (most recent call last):
  File "/root/miniforge3/envs/coordex/lib/python3.11/site-packages/isaacsim/extscache/omni.graph.tools-1.79.2+8131b85d/omni/graph/tools/_impl/internal/extension_contents_1_18.py", line 394, in do_import_test_definition
    test_module = load_module_from_file(test_module_name, test_file)
                  ^^^^^^^^^^^^^^^^^^^^^^^^^^^^^^^^^^^^^^^^^^^^^^^^^^
  File "/root/miniforge3/envs/coordex/lib/python3.11/site-packages/isaacsim/extscache/omni.graph.tools-1.79.2+8131b85d/omni/graph/tools/_impl/internal/file_utils.py", line 239, in load_module_from_file
    spec.loader.exec_module(module)
  File "<frozen importlib._bootstrap_external>", line 940, in exec_module
  File "<frozen importlib._bootstrap>", line 241, in _call_with_frames_removed
  File "/root/miniforge3/envs/coordex/lib/python3.11/site-packages/isaacsim/extscache/omni.replicator.core-1.12.16+107.3.1.lx64.r.cp311/omni/replicator/core/ogn/tests/TestOgnInstanceIdSegmentationLegacy.py", line 2, in <module>
    import omni.kit.test
  File "/root/miniforge3/envs/coordex/lib/python3.11/site-packages/isaacsim/extscache/omni.kit.test-2.0.1+8131b85d.lx64.r.cp311/omni/kit/test/__init__.py", line 7, in <module>
    from . import unittests
  File "/root/miniforge3/envs/coordex/lib/python3.11/site-packages/isaacsim/extscache/omni.kit.test-2.0.1+8131b85d.lx64.r.cp311/omni/kit/test/unittests.py", line 21, in <module>
    from .async_unittest import AsyncTestSuite, AsyncTextTestRunner, OmniTestResult, AsyncTestCase
  File "/root/miniforge3/envs/coordex/lib/python3.11/site-packages/isaacsim/extscache/omni.kit.test-2.0.1+8131b85d.lx64.r.cp311/omni/kit/test/async_unittest.py", line 25, in <module>
    from .reporter import TestReporter
  File "/root/miniforge3/envs/coordex/lib/python3.11/site-packages/isaacsim/extscache/omni.kit.test-2.0.1+8131b85d.lx64.r.cp311/omni/kit/test/reporter.py", line 27, in <module>
    from .test_coverage import generate_coverage_report
  File "/root/miniforge3/envs/coordex/lib/python3.11/site-packages/isaacsim/extscache/omni.kit.test-2.0.1+8131b85d.lx64.r.cp311/omni/kit/test/test_coverage.py", line 10, in <module>
    import coverage
  File "/root/miniforge3/envs/coordex/lib/python3.11/site-packages/coverage/__init__.py", line 24, in <module>
    from coverage.control import (
  File "/root/miniforge3/envs/coordex/lib/python3.11/site-packages/coverage/control.py", line 28, in <module>
    from coverage.collector import Collector, HAS_CTRACER
  File "/root/miniforge3/envs/coordex/lib/python3.11/site-packages/coverage/collector.py", line 19, in <module>
    from coverage.data import CoverageData
  File "/root/miniforge3/envs/coordex/lib/python3.11/site-packages/coverage/data.py", line 24, in <module>
    from coverage.sqldata import CoverageData
  File "/root/miniforge3/envs/coordex/lib/python3.11/site-packages/coverage/sqldata.py", line 16, in <module>
    import sqlite3
  File "/root/miniforge3/envs/coordex/lib/python3.11/sqlite3/__init__.py", line 57, in <module>
    from sqlite3.dbapi2 import *
  File "/root/miniforge3/envs/coordex/lib/python3.11/sqlite3/dbapi2.py", line 27, in <module>
    from _sqlite3 import *
ImportError: /lib/x86_64-linux-gnu/libstdc++.so.6: version `CXXABI_1.3.15' not found (required by /root/miniforge3/envs/coordex/lib/python3.11/lib-dynload/../.././libicui18n.so.78)

2026-08-15T02:02:24Z [9,031ms] [Error] [omni.graph.tools._impl.internal.extension_contents_1_18] Exception while importing test omni.replicator.core.ogn.tests.TestOgnPointCloudGenerator: Traceback (most recent call last):
  File "/root/miniforge3/envs/coordex/lib/python3.11/site-packages/isaacsim/extscache/omni.graph.tools-1.79.2+8131b85d/omni/graph/tools/_impl/internal/extension_contents_1_18.py", line 394, in do_import_test_definition
    test_module = load_module_from_file(test_module_name, test_file)
                  ^^^^^^^^^^^^^^^^^^^^^^^^^^^^^^^^^^^^^^^^^^^^^^^^^^
  File "/root/miniforge3/envs/coordex/lib/python3.11/site-packages/isaacsim/extscache/omni.graph.tools-1.79.2+8131b85d/omni/graph/tools/_impl/internal/file_utils.py", line 239, in load_module_from_file
    spec.loader.exec_module(module)
  File "<frozen importlib._bootstrap_external>", line 940, in exec_module
  File "<frozen importlib._bootstrap>", line 241, in _call_with_frames_removed
  File "/root/miniforge3/envs/coordex/lib/python3.11/site-packages/isaacsim/extscache/omni.replicator.core-1.12.16+107.3.1.lx64.r.cp311/omni/replicator/core/ogn/tests/TestOgnPointCloudGenerator.py", line 2, in <module>
    import omni.kit.test
  File "/root/miniforge3/envs/coordex/lib/python3.11/site-packages/isaacsim/extscache/omni.kit.test-2.0.1+8131b85d.lx64.r.cp311/omni/kit/test/__init__.py", line 7, in <module>
    from . import unittests
  File "/root/miniforge3/envs/coordex/lib/python3.11/site-packages/isaacsim/extscache/omni.kit.test-2.0.1+8131b85d.lx64.r.cp311/omni/kit/test/unittests.py", line 21, in <module>
    from .async_unittest import AsyncTestSuite, AsyncTextTestRunner, OmniTestResult, AsyncTestCase
  File "/root/miniforge3/envs/coordex/lib/python3.11/site-packages/isaacsim/extscache/omni.kit.test-2.0.1+8131b85d.lx64.r.cp311/omni/kit/test/async_unittest.py", line 25, in <module>
    from .reporter import TestReporter
  File "/root/miniforge3/envs/coordex/lib/python3.11/site-packages/isaacsim/extscache/omni.kit.test-2.0.1+8131b85d.lx64.r.cp311/omni/kit/test/reporter.py", line 27, in <module>
    from .test_coverage import generate_coverage_report
  File "/root/miniforge3/envs/coordex/lib/python3.11/site-packages/isaacsim/extscache/omni.kit.test-2.0.1+8131b85d.lx64.r.cp311/omni/kit/test/test_coverage.py", line 10, in <module>
    import coverage
  File "/root/miniforge3/envs/coordex/lib/python3.11/site-packages/coverage/__init__.py", line 24, in <module>
    from coverage.control import (
  File "/root/miniforge3/envs/coordex/lib/python3.11/site-packages/coverage/control.py", line 28, in <module>
    from coverage.collector import Collector, HAS_CTRACER
  File "/root/miniforge3/envs/coordex/lib/python3.11/site-packages/coverage/collector.py", line 19, in <module>
    from coverage.data import CoverageData
  File "/root/miniforge3/envs/coordex/lib/python3.11/site-packages/coverage/data.py", line 24, in <module>
    from coverage.sqldata import CoverageData
  File "/root/miniforge3/envs/coordex/lib/python3.11/site-packages/coverage/sqldata.py", line 16, in <module>
    import sqlite3
  File "/root/miniforge3/envs/coordex/lib/python3.11/sqlite3/__init__.py", line 57, in <module>
    from sqlite3.dbapi2 import *
  File "/root/miniforge3/envs/coordex/lib/python3.11/sqlite3/dbapi2.py", line 27, in <module>
    from _sqlite3 import *
ImportError: /lib/x86_64-linux-gnu/libstdc++.so.6: version `CXXABI_1.3.15' not found (required by /root/miniforge3/envs/coordex/lib/python3.11/lib-dynload/../.././libicui18n.so.78)

2026-08-15T02:02:24Z [9,065ms] [Error] [omni.graph.tools._impl.internal.extension_contents_1_18] Exception while importing test omni.replicator.core.ogn.tests.TestOgnSampleOmniPBR: Traceback (most recent call last):
  File "/root/miniforge3/envs/coordex/lib/python3.11/site-packages/isaacsim/extscache/omni.graph.tools-1.79.2+8131b85d/omni/graph/tools/_impl/internal/extension_contents_1_18.py", line 394, in do_import_test_definition
    test_module = load_module_from_file(test_module_name, test_file)
                  ^^^^^^^^^^^^^^^^^^^^^^^^^^^^^^^^^^^^^^^^^^^^^^^^^^
  File "/root/miniforge3/envs/coordex/lib/python3.11/site-packages/isaacsim/extscache/omni.graph.tools-1.79.2+8131b85d/omni/graph/tools/_impl/internal/file_utils.py", line 239, in load_module_from_file
    spec.loader.exec_module(module)
  File "<frozen importlib._bootstrap_external>", line 940, in exec_module
  File "<frozen importlib._bootstrap>", line 241, in _call_with_frames_removed
  File "/root/miniforge3/envs/coordex/lib/python3.11/site-packages/isaacsim/extscache/omni.replicator.core-1.12.16+107.3.1.lx64.r.cp311/omni/replicator/core/ogn/tests/TestOgnSampleOmniPBR.py", line 2, in <module>
    import omni.kit.test
  File "/root/miniforge3/envs/coordex/lib/python3.11/site-packages/isaacsim/extscache/omni.kit.test-2.0.1+8131b85d.lx64.r.cp311/omni/kit/test/__init__.py", line 7, in <module>
    from . import unittests
  File "/root/miniforge3/envs/coordex/lib/python3.11/site-packages/isaacsim/extscache/omni.kit.test-2.0.1+8131b85d.lx64.r.cp311/omni/kit/test/unittests.py", line 21, in <module>
    from .async_unittest import AsyncTestSuite, AsyncTextTestRunner, OmniTestResult, AsyncTestCase
  File "/root/miniforge3/envs/coordex/lib/python3.11/site-packages/isaacsim/extscache/omni.kit.test-2.0.1+8131b85d.lx64.r.cp311/omni/kit/test/async_unittest.py", line 25, in <module>
    from .reporter import TestReporter
  File "/root/miniforge3/envs/coordex/lib/python3.11/site-packages/isaacsim/extscache/omni.kit.test-2.0.1+8131b85d.lx64.r.cp311/omni/kit/test/reporter.py", line 27, in <module>
    from .test_coverage import generate_coverage_report
  File "/root/miniforge3/envs/coordex/lib/python3.11/site-packages/isaacsim/extscache/omni.kit.test-2.0.1+8131b85d.lx64.r.cp311/omni/kit/test/test_coverage.py", line 10, in <module>
    import coverage
  File "/root/miniforge3/envs/coordex/lib/python3.11/site-packages/coverage/__init__.py", line 24, in <module>
    from coverage.control import (
  File "/root/miniforge3/envs/coordex/lib/python3.11/site-packages/coverage/control.py", line 28, in <module>
    from coverage.collector import Collector, HAS_CTRACER
  File "/root/miniforge3/envs/coordex/lib/python3.11/site-packages/coverage/collector.py", line 19, in <module>
    from coverage.data import CoverageData
  File "/root/miniforge3/envs/coordex/lib/python3.11/site-packages/coverage/data.py", line 24, in <module>
    from coverage.sqldata import CoverageData
  File "/root/miniforge3/envs/coordex/lib/python3.11/site-packages/coverage/sqldata.py", line 16, in <module>
    import sqlite3
  File "/root/miniforge3/envs/coordex/lib/python3.11/sqlite3/__init__.py", line 57, in <module>
    from sqlite3.dbapi2 import *
  File "/root/miniforge3/envs/coordex/lib/python3.11/sqlite3/dbapi2.py", line 27, in <module>
    from _sqlite3 import *
ImportError: /lib/x86_64-linux-gnu/libstdc++.so.6: version `CXXABI_1.3.15' not found (required by /root/miniforge3/envs/coordex/lib/python3.11/lib-dynload/../.././libicui18n.so.78)

2026-08-15T02:02:24Z [9,080ms] [Error] [omni.graph.tools._impl.internal.extension_contents_1_18] Exception while importing test omni.replicator.core.ogn.tests.TestOgnAugShadeSegmentation: Traceback (most recent call last):
  File "/root/miniforge3/envs/coordex/lib/python3.11/site-packages/isaacsim/extscache/omni.graph.tools-1.79.2+8131b85d/omni/graph/tools/_impl/internal/extension_contents_1_18.py", line 394, in do_import_test_definition
    test_module = load_module_from_file(test_module_name, test_file)
                  ^^^^^^^^^^^^^^^^^^^^^^^^^^^^^^^^^^^^^^^^^^^^^^^^^^
  File "/root/miniforge3/envs/coordex/lib/python3.11/site-packages/isaacsim/extscache/omni.graph.tools-1.79.2+8131b85d/omni/graph/tools/_impl/internal/file_utils.py", line 239, in load_module_from_file
    spec.loader.exec_module(module)
  File "<frozen importlib._bootstrap_external>", line 940, in exec_module
  File "<frozen importlib._bootstrap>", line 241, in _call_with_frames_removed
  File "/root/miniforge3/envs/coordex/lib/python3.11/site-packages/isaacsim/extscache/omni.replicator.core-1.12.16+107.3.1.lx64.r.cp311/omni/replicator/core/ogn/tests/TestOgnAugShadeSegmentation.py", line 2, in <module>
    import omni.kit.test
  File "/root/miniforge3/envs/coordex/lib/python3.11/site-packages/isaacsim/extscache/omni.kit.test-2.0.1+8131b85d.lx64.r.cp311/omni/kit/test/__init__.py", line 7, in <module>
    from . import unittests
  File "/root/miniforge3/envs/coordex/lib/python3.11/site-packages/isaacsim/extscache/omni.kit.test-2.0.1+8131b85d.lx64.r.cp311/omni/kit/test/unittests.py", line 21, in <module>
    from .async_unittest import AsyncTestSuite, AsyncTextTestRunner, OmniTestResult, AsyncTestCase
  File "/root/miniforge3/envs/coordex/lib/python3.11/site-packages/isaacsim/extscache/omni.kit.test-2.0.1+8131b85d.lx64.r.cp311/omni/kit/test/async_unittest.py", line 25, in <module>
    from .reporter import TestReporter
  File "/root/miniforge3/envs/coordex/lib/python3.11/site-packages/isaacsim/extscache/omni.kit.test-2.0.1+8131b85d.lx64.r.cp311/omni/kit/test/reporter.py", line 27, in <module>
    from .test_coverage import generate_coverage_report
  File "/root/miniforge3/envs/coordex/lib/python3.11/site-packages/isaacsim/extscache/omni.kit.test-2.0.1+8131b85d.lx64.r.cp311/omni/kit/test/test_coverage.py", line 10, in <module>
    import coverage
  File "/root/miniforge3/envs/coordex/lib/python3.11/site-packages/coverage/__init__.py", line 24, in <module>
    from coverage.control import (
  File "/root/miniforge3/envs/coordex/lib/python3.11/site-packages/coverage/control.py", line 28, in <module>
    from coverage.collector import Collector, HAS_CTRACER
  File "/root/miniforge3/envs/coordex/lib/python3.11/site-packages/coverage/collector.py", line 19, in <module>
    from coverage.data import CoverageData
  File "/root/miniforge3/envs/coordex/lib/python3.11/site-packages/coverage/data.py", line 24, in <module>
    from coverage.sqldata import CoverageData
  File "/root/miniforge3/envs/coordex/lib/python3.11/site-packages/coverage/sqldata.py", line 16, in <module>
    import sqlite3
  File "/root/miniforge3/envs/coordex/lib/python3.11/sqlite3/__init__.py", line 57, in <module>
    from sqlite3.dbapi2 import *
  File "/root/miniforge3/envs/coordex/lib/python3.11/sqlite3/dbapi2.py", line 27, in <module>
    from _sqlite3 import *
ImportError: /lib/x86_64-linux-gnu/libstdc++.so.6: version `CXXABI_1.3.15' not found (required by /root/miniforge3/envs/coordex/lib/python3.11/lib-dynload/../.././libicui18n.so.78)

2026-08-15T02:02:24Z [9,114ms] [Error] [omni.graph.tools._impl.internal.extension_contents_1_18] Exception while importing test omni.replicator.core.ogn.tests.TestOgnAugMotionBlurExp: Traceback (most recent call last):
  File "/root/miniforge3/envs/coordex/lib/python3.11/site-packages/isaacsim/extscache/omni.graph.tools-1.79.2+8131b85d/omni/graph/tools/_impl/internal/extension_contents_1_18.py", line 394, in do_import_test_definition
    test_module = load_module_from_file(test_module_name, test_file)
                  ^^^^^^^^^^^^^^^^^^^^^^^^^^^^^^^^^^^^^^^^^^^^^^^^^^
  File "/root/miniforge3/envs/coordex/lib/python3.11/site-packages/isaacsim/extscache/omni.graph.tools-1.79.2+8131b85d/omni/graph/tools/_impl/internal/file_utils.py", line 239, in load_module_from_file
    spec.loader.exec_module(module)
  File "<frozen importlib._bootstrap_external>", line 940, in exec_module
  File "<frozen importlib._bootstrap>", line 241, in _call_with_frames_removed
  File "/root/miniforge3/envs/coordex/lib/python3.11/site-packages/isaacsim/extscache/omni.replicator.core-1.12.16+107.3.1.lx64.r.cp311/omni/replicator/core/ogn/tests/TestOgnAugMotionBlurExp.py", line 2, in <module>
    import omni.kit.test
  File "/root/miniforge3/envs/coordex/lib/python3.11/site-packages/isaacsim/extscache/omni.kit.test-2.0.1+8131b85d.lx64.r.cp311/omni/kit/test/__init__.py", line 7, in <module>
    from . import unittests
  File "/root/miniforge3/envs/coordex/lib/python3.11/site-packages/isaacsim/extscache/omni.kit.test-2.0.1+8131b85d.lx64.r.cp311/omni/kit/test/unittests.py", line 21, in <module>
    from .async_unittest import AsyncTestSuite, AsyncTextTestRunner, OmniTestResult, AsyncTestCase
  File "/root/miniforge3/envs/coordex/lib/python3.11/site-packages/isaacsim/extscache/omni.kit.test-2.0.1+8131b85d.lx64.r.cp311/omni/kit/test/async_unittest.py", line 25, in <module>
    from .reporter import TestReporter
  File "/root/miniforge3/envs/coordex/lib/python3.11/site-packages/isaacsim/extscache/omni.kit.test-2.0.1+8131b85d.lx64.r.cp311/omni/kit/test/reporter.py", line 27, in <module>
    from .test_coverage import generate_coverage_report
  File "/root/miniforge3/envs/coordex/lib/python3.11/site-packages/isaacsim/extscache/omni.kit.test-2.0.1+8131b85d.lx64.r.cp311/omni/kit/test/test_coverage.py", line 10, in <module>
    import coverage
  File "/root/miniforge3/envs/coordex/lib/python3.11/site-packages/coverage/__init__.py", line 24, in <module>
    from coverage.control import (
  File "/root/miniforge3/envs/coordex/lib/python3.11/site-packages/coverage/control.py", line 28, in <module>
    from coverage.collector import Collector, HAS_CTRACER
  File "/root/miniforge3/envs/coordex/lib/python3.11/site-packages/coverage/collector.py", line 19, in <module>
    from coverage.data import CoverageData
  File "/root/miniforge3/envs/coordex/lib/python3.11/site-packages/coverage/data.py", line 24, in <module>
    from coverage.sqldata import CoverageData
  File "/root/miniforge3/envs/coordex/lib/python3.11/site-packages/coverage/sqldata.py", line 16, in <module>
    import sqlite3
  File "/root/miniforge3/envs/coordex/lib/python3.11/sqlite3/__init__.py", line 57, in <module>
    from sqlite3.dbapi2 import *
  File "/root/miniforge3/envs/coordex/lib/python3.11/sqlite3/dbapi2.py", line 27, in <module>
    from _sqlite3 import *
ImportError: /lib/x86_64-linux-gnu/libstdc++.so.6: version `CXXABI_1.3.15' not found (required by /root/miniforge3/envs/coordex/lib/python3.11/lib-dynload/../.././libicui18n.so.78)

2026-08-15T02:02:24Z [9,130ms] [Error] [omni.graph.tools._impl.internal.extension_contents_1_18] Exception while importing test omni.replicator.core.ogn.tests.TestOgnAugCropResizeExp: Traceback (most recent call last):
  File "/root/miniforge3/envs/coordex/lib/python3.11/site-packages/isaacsim/extscache/omni.graph.tools-1.79.2+8131b85d/omni/graph/tools/_impl/internal/extension_contents_1_18.py", line 394, in do_import_test_definition
    test_module = load_module_from_file(test_module_name, test_file)
                  ^^^^^^^^^^^^^^^^^^^^^^^^^^^^^^^^^^^^^^^^^^^^^^^^^^
  File "/root/miniforge3/envs/coordex/lib/python3.11/site-packages/isaacsim/extscache/omni.graph.tools-1.79.2+8131b85d/omni/graph/tools/_impl/internal/file_utils.py", line 239, in load_module_from_file
    spec.loader.exec_module(module)
  File "<frozen importlib._bootstrap_external>", line 940, in exec_module
  File "<frozen importlib._bootstrap>", line 241, in _call_with_frames_removed
  File "/root/miniforge3/envs/coordex/lib/python3.11/site-packages/isaacsim/extscache/omni.replicator.core-1.12.16+107.3.1.lx64.r.cp311/omni/replicator/core/ogn/tests/TestOgnAugCropResizeExp.py", line 2, in <module>
    import omni.kit.test
  File "/root/miniforge3/envs/coordex/lib/python3.11/site-packages/isaacsim/extscache/omni.kit.test-2.0.1+8131b85d.lx64.r.cp311/omni/kit/test/__init__.py", line 7, in <module>
    from . import unittests
  File "/root/miniforge3/envs/coordex/lib/python3.11/site-packages/isaacsim/extscache/omni.kit.test-2.0.1+8131b85d.lx64.r.cp311/omni/kit/test/unittests.py", line 21, in <module>
    from .async_unittest import AsyncTestSuite, AsyncTextTestRunner, OmniTestResult, AsyncTestCase
  File "/root/miniforge3/envs/coordex/lib/python3.11/site-packages/isaacsim/extscache/omni.kit.test-2.0.1+8131b85d.lx64.r.cp311/omni/kit/test/async_unittest.py", line 25, in <module>
    from .reporter import TestReporter
  File "/root/miniforge3/envs/coordex/lib/python3.11/site-packages/isaacsim/extscache/omni.kit.test-2.0.1+8131b85d.lx64.r.cp311/omni/kit/test/reporter.py", line 27, in <module>
    from .test_coverage import generate_coverage_report
  File "/root/miniforge3/envs/coordex/lib/python3.11/site-packages/isaacsim/extscache/omni.kit.test-2.0.1+8131b85d.lx64.r.cp311/omni/kit/test/test_coverage.py", line 10, in <module>
    import coverage
  File "/root/miniforge3/envs/coordex/lib/python3.11/site-packages/coverage/__init__.py", line 24, in <module>
    from coverage.control import (
  File "/root/miniforge3/envs/coordex/lib/python3.11/site-packages/coverage/control.py", line 28, in <module>
    from coverage.collector import Collector, HAS_CTRACER
  File "/root/miniforge3/envs/coordex/lib/python3.11/site-packages/coverage/collector.py", line 19, in <module>
    from coverage.data import CoverageData
  File "/root/miniforge3/envs/coordex/lib/python3.11/site-packages/coverage/data.py", line 24, in <module>
    from coverage.sqldata import CoverageData
  File "/root/miniforge3/envs/coordex/lib/python3.11/site-packages/coverage/sqldata.py", line 16, in <module>
    import sqlite3
  File "/root/miniforge3/envs/coordex/lib/python3.11/sqlite3/__init__.py", line 57, in <module>
    from sqlite3.dbapi2 import *
  File "/root/miniforge3/envs/coordex/lib/python3.11/sqlite3/dbapi2.py", line 27, in <module>
    from _sqlite3 import *
ImportError: /lib/x86_64-linux-gnu/libstdc++.so.6: version `CXXABI_1.3.15' not found (required by /root/miniforge3/envs/coordex/lib/python3.11/lib-dynload/../.././libicui18n.so.78)

2026-08-15T02:02:24Z [9,148ms] [Error] [omni.graph.tools._impl.internal.extension_contents_1_18] Exception while importing test omni.replicator.core.ogn.tests.TestOgnWriteSemantics: Traceback (most recent call last):
  File "/root/miniforge3/envs/coordex/lib/python3.11/site-packages/isaacsim/extscache/omni.graph.tools-1.79.2+8131b85d/omni/graph/tools/_impl/internal/extension_contents_1_18.py", line 394, in do_import_test_definition
    test_module = load_module_from_file(test_module_name, test_file)
                  ^^^^^^^^^^^^^^^^^^^^^^^^^^^^^^^^^^^^^^^^^^^^^^^^^^
  File "/root/miniforge3/envs/coordex/lib/python3.11/site-packages/isaacsim/extscache/omni.graph.tools-1.79.2+8131b85d/omni/graph/tools/_impl/internal/file_utils.py", line 239, in load_module_from_file
    spec.loader.exec_module(module)
  File "<frozen importlib._bootstrap_external>", line 940, in exec_module
  File "<frozen importlib._bootstrap>", line 241, in _call_with_frames_removed
  File "/root/miniforge3/envs/coordex/lib/python3.11/site-packages/isaacsim/extscache/omni.replicator.core-1.12.16+107.3.1.lx64.r.cp311/omni/replicator/core/ogn/tests/TestOgnWriteSemantics.py", line 2, in <module>
    import omni.kit.test
  File "/root/miniforge3/envs/coordex/lib/python3.11/site-packages/isaacsim/extscache/omni.kit.test-2.0.1+8131b85d.lx64.r.cp311/omni/kit/test/__init__.py", line 7, in <module>
    from . import unittests
  File "/root/miniforge3/envs/coordex/lib/python3.11/site-packages/isaacsim/extscache/omni.kit.test-2.0.1+8131b85d.lx64.r.cp311/omni/kit/test/unittests.py", line 21, in <module>
    from .async_unittest import AsyncTestSuite, AsyncTextTestRunner, OmniTestResult, AsyncTestCase
  File "/root/miniforge3/envs/coordex/lib/python3.11/site-packages/isaacsim/extscache/omni.kit.test-2.0.1+8131b85d.lx64.r.cp311/omni/kit/test/async_unittest.py", line 25, in <module>
    from .reporter import TestReporter
  File "/root/miniforge3/envs/coordex/lib/python3.11/site-packages/isaacsim/extscache/omni.kit.test-2.0.1+8131b85d.lx64.r.cp311/omni/kit/test/reporter.py", line 27, in <module>
    from .test_coverage import generate_coverage_report
  File "/root/miniforge3/envs/coordex/lib/python3.11/site-packages/isaacsim/extscache/omni.kit.test-2.0.1+8131b85d.lx64.r.cp311/omni/kit/test/test_coverage.py", line 10, in <module>
    import coverage
  File "/root/miniforge3/envs/coordex/lib/python3.11/site-packages/coverage/__init__.py", line 24, in <module>
    from coverage.control import (
  File "/root/miniforge3/envs/coordex/lib/python3.11/site-packages/coverage/control.py", line 28, in <module>
    from coverage.collector import Collector, HAS_CTRACER
  File "/root/miniforge3/envs/coordex/lib/python3.11/site-packages/coverage/collector.py", line 19, in <module>
    from coverage.data import CoverageData
  File "/root/miniforge3/envs/coordex/lib/python3.11/site-packages/coverage/data.py", line 24, in <module>
    from coverage.sqldata import CoverageData
  File "/root/miniforge3/envs/coordex/lib/python3.11/site-packages/coverage/sqldata.py", line 16, in <module>
    import sqlite3
  File "/root/miniforge3/envs/coordex/lib/python3.11/sqlite3/__init__.py", line 57, in <module>
    from sqlite3.dbapi2 import *
  File "/root/miniforge3/envs/coordex/lib/python3.11/sqlite3/dbapi2.py", line 27, in <module>
    from _sqlite3 import *
ImportError: /lib/x86_64-linux-gnu/libstdc++.so.6: version `CXXABI_1.3.15' not found (required by /root/miniforge3/envs/coordex/lib/python3.11/lib-dynload/../.././libicui18n.so.78)

2026-08-15T02:02:24Z [9,201ms] [Error] [omni.graph.tools._impl.internal.extension_contents_1_18] Exception while importing test omni.replicator.core.ogn.tests.TestOgnOnCondition: Traceback (most recent call last):
  File "/root/miniforge3/envs/coordex/lib/python3.11/site-packages/isaacsim/extscache/omni.graph.tools-1.79.2+8131b85d/omni/graph/tools/_impl/internal/extension_contents_1_18.py", line 394, in do_import_test_definition
    test_module = load_module_from_file(test_module_name, test_file)
                  ^^^^^^^^^^^^^^^^^^^^^^^^^^^^^^^^^^^^^^^^^^^^^^^^^^
  File "/root/miniforge3/envs/coordex/lib/python3.11/site-packages/isaacsim/extscache/omni.graph.tools-1.79.2+8131b85d/omni/graph/tools/_impl/internal/file_utils.py", line 239, in load_module_from_file
    spec.loader.exec_module(module)
  File "<frozen importlib._bootstrap_external>", line 940, in exec_module
  File "<frozen importlib._bootstrap>", line 241, in _call_with_frames_removed
  File "/root/miniforge3/envs/coordex/lib/python3.11/site-packages/isaacsim/extscache/omni.replicator.core-1.12.16+107.3.1.lx64.r.cp311/omni/replicator/core/ogn/tests/TestOgnOnCondition.py", line 2, in <module>
    import omni.kit.test
  File "/root/miniforge3/envs/coordex/lib/python3.11/site-packages/isaacsim/extscache/omni.kit.test-2.0.1+8131b85d.lx64.r.cp311/omni/kit/test/__init__.py", line 7, in <module>
    from . import unittests
  File "/root/miniforge3/envs/coordex/lib/python3.11/site-packages/isaacsim/extscache/omni.kit.test-2.0.1+8131b85d.lx64.r.cp311/omni/kit/test/unittests.py", line 21, in <module>
    from .async_unittest import AsyncTestSuite, AsyncTextTestRunner, OmniTestResult, AsyncTestCase
  File "/root/miniforge3/envs/coordex/lib/python3.11/site-packages/isaacsim/extscache/omni.kit.test-2.0.1+8131b85d.lx64.r.cp311/omni/kit/test/async_unittest.py", line 25, in <module>
    from .reporter import TestReporter
  File "/root/miniforge3/envs/coordex/lib/python3.11/site-packages/isaacsim/extscache/omni.kit.test-2.0.1+8131b85d.lx64.r.cp311/omni/kit/test/reporter.py", line 27, in <module>
    from .test_coverage import generate_coverage_report
  File "/root/miniforge3/envs/coordex/lib/python3.11/site-packages/isaacsim/extscache/omni.kit.test-2.0.1+8131b85d.lx64.r.cp311/omni/kit/test/test_coverage.py", line 10, in <module>
    import coverage
  File "/root/miniforge3/envs/coordex/lib/python3.11/site-packages/coverage/__init__.py", line 24, in <module>
    from coverage.control import (
  File "/root/miniforge3/envs/coordex/lib/python3.11/site-packages/coverage/control.py", line 28, in <module>
    from coverage.collector import Collector, HAS_CTRACER
  File "/root/miniforge3/envs/coordex/lib/python3.11/site-packages/coverage/collector.py", line 19, in <module>
    from coverage.data import CoverageData
  File "/root/miniforge3/envs/coordex/lib/python3.11/site-packages/coverage/data.py", line 24, in <module>
    from coverage.sqldata import CoverageData
  File "/root/miniforge3/envs/coordex/lib/python3.11/site-packages/coverage/sqldata.py", line 16, in <module>
    import sqlite3
  File "/root/miniforge3/envs/coordex/lib/python3.11/sqlite3/__init__.py", line 57, in <module>
    from sqlite3.dbapi2 import *
  File "/root/miniforge3/envs/coordex/lib/python3.11/sqlite3/dbapi2.py", line 27, in <module>
    from _sqlite3 import *
ImportError: /lib/x86_64-linux-gnu/libstdc++.so.6: version `CXXABI_1.3.15' not found (required by /root/miniforge3/envs/coordex/lib/python3.11/lib-dynload/../.././libicui18n.so.78)

2026-08-15T02:02:24Z [9,227ms] [Error] [omni.graph.tools._impl.internal.extension_contents_1_18] Exception while importing test omni.replicator.core.ogn.tests.TestOgnSizeToScale: Traceback (most recent call last):
  File "/root/miniforge3/envs/coordex/lib/python3.11/site-packages/isaacsim/extscache/omni.graph.tools-1.79.2+8131b85d/omni/graph/tools/_impl/internal/extension_contents_1_18.py", line 394, in do_import_test_definition
    test_module = load_module_from_file(test_module_name, test_file)
                  ^^^^^^^^^^^^^^^^^^^^^^^^^^^^^^^^^^^^^^^^^^^^^^^^^^
  File "/root/miniforge3/envs/coordex/lib/python3.11/site-packages/isaacsim/extscache/omni.graph.tools-1.79.2+8131b85d/omni/graph/tools/_impl/internal/file_utils.py", line 239, in load_module_from_file
    spec.loader.exec_module(module)
  File "<frozen importlib._bootstrap_external>", line 940, in exec_module
  File "<frozen importlib._bootstrap>", line 241, in _call_with_frames_removed
  File "/root/miniforge3/envs/coordex/lib/python3.11/site-packages/isaacsim/extscache/omni.replicator.core-1.12.16+107.3.1.lx64.r.cp311/omni/replicator/core/ogn/tests/TestOgnSizeToScale.py", line 2, in <module>
    import omni.kit.test
  File "/root/miniforge3/envs/coordex/lib/python3.11/site-packages/isaacsim/extscache/omni.kit.test-2.0.1+8131b85d.lx64.r.cp311/omni/kit/test/__init__.py", line 7, in <module>
    from . import unittests
  File "/root/miniforge3/envs/coordex/lib/python3.11/site-packages/isaacsim/extscache/omni.kit.test-2.0.1+8131b85d.lx64.r.cp311/omni/kit/test/unittests.py", line 21, in <module>
    from .async_unittest import AsyncTestSuite, AsyncTextTestRunner, OmniTestResult, AsyncTestCase
  File "/root/miniforge3/envs/coordex/lib/python3.11/site-packages/isaacsim/extscache/omni.kit.test-2.0.1+8131b85d.lx64.r.cp311/omni/kit/test/async_unittest.py", line 25, in <module>
    from .reporter import TestReporter
  File "/root/miniforge3/envs/coordex/lib/python3.11/site-packages/isaacsim/extscache/omni.kit.test-2.0.1+8131b85d.lx64.r.cp311/omni/kit/test/reporter.py", line 27, in <module>
    from .test_coverage import generate_coverage_report
  File "/root/miniforge3/envs/coordex/lib/python3.11/site-packages/isaacsim/extscache/omni.kit.test-2.0.1+8131b85d.lx64.r.cp311/omni/kit/test/test_coverage.py", line 10, in <module>
    import coverage
  File "/root/miniforge3/envs/coordex/lib/python3.11/site-packages/coverage/__init__.py", line 24, in <module>
    from coverage.control import (
  File "/root/miniforge3/envs/coordex/lib/python3.11/site-packages/coverage/control.py", line 28, in <module>
    from coverage.collector import Collector, HAS_CTRACER
  File "/root/miniforge3/envs/coordex/lib/python3.11/site-packages/coverage/collector.py", line 19, in <module>
    from coverage.data import CoverageData
  File "/root/miniforge3/envs/coordex/lib/python3.11/site-packages/coverage/data.py", line 24, in <module>
    from coverage.sqldata import CoverageData
  File "/root/miniforge3/envs/coordex/lib/python3.11/site-packages/coverage/sqldata.py", line 16, in <module>
    import sqlite3
  File "/root/miniforge3/envs/coordex/lib/python3.11/sqlite3/__init__.py", line 57, in <module>
    from sqlite3.dbapi2 import *
  File "/root/miniforge3/envs/coordex/lib/python3.11/sqlite3/dbapi2.py", line 27, in <module>
    from _sqlite3 import *
ImportError: /lib/x86_64-linux-gnu/libstdc++.so.6: version `CXXABI_1.3.15' not found (required by /root/miniforge3/envs/coordex/lib/python3.11/lib-dynload/../.././libicui18n.so.78)

2026-08-15T02:02:24Z [9,255ms] [Error] [omni.graph.tools._impl.internal.extension_contents_1_18] Exception while importing test omni.replicator.core.ogn.tests.TestOgnTriggerGate: Traceback (most recent call last):
  File "/root/miniforge3/envs/coordex/lib/python3.11/site-packages/isaacsim/extscache/omni.graph.tools-1.79.2+8131b85d/omni/graph/tools/_impl/internal/extension_contents_1_18.py", line 394, in do_import_test_definition
    test_module = load_module_from_file(test_module_name, test_file)
                  ^^^^^^^^^^^^^^^^^^^^^^^^^^^^^^^^^^^^^^^^^^^^^^^^^^
  File "/root/miniforge3/envs/coordex/lib/python3.11/site-packages/isaacsim/extscache/omni.graph.tools-1.79.2+8131b85d/omni/graph/tools/_impl/internal/file_utils.py", line 239, in load_module_from_file
    spec.loader.exec_module(module)
  File "<frozen importlib._bootstrap_external>", line 940, in exec_module
  File "<frozen importlib._bootstrap>", line 241, in _call_with_frames_removed
  File "/root/miniforge3/envs/coordex/lib/python3.11/site-packages/isaacsim/extscache/omni.replicator.core-1.12.16+107.3.1.lx64.r.cp311/omni/replicator/core/ogn/tests/TestOgnTriggerGate.py", line 2, in <module>
    import omni.kit.test
  File "/root/miniforge3/envs/coordex/lib/python3.11/site-packages/isaacsim/extscache/omni.kit.test-2.0.1+8131b85d.lx64.r.cp311/omni/kit/test/__init__.py", line 7, in <module>
    from . import unittests
  File "/root/miniforge3/envs/coordex/lib/python3.11/site-packages/isaacsim/extscache/omni.kit.test-2.0.1+8131b85d.lx64.r.cp311/omni/kit/test/unittests.py", line 21, in <module>
    from .async_unittest import AsyncTestSuite, AsyncTextTestRunner, OmniTestResult, AsyncTestCase
  File "/root/miniforge3/envs/coordex/lib/python3.11/site-packages/isaacsim/extscache/omni.kit.test-2.0.1+8131b85d.lx64.r.cp311/omni/kit/test/async_unittest.py", line 25, in <module>
    from .reporter import TestReporter
  File "/root/miniforge3/envs/coordex/lib/python3.11/site-packages/isaacsim/extscache/omni.kit.test-2.0.1+8131b85d.lx64.r.cp311/omni/kit/test/reporter.py", line 27, in <module>
    from .test_coverage import generate_coverage_report
  File "/root/miniforge3/envs/coordex/lib/python3.11/site-packages/isaacsim/extscache/omni.kit.test-2.0.1+8131b85d.lx64.r.cp311/omni/kit/test/test_coverage.py", line 10, in <module>
    import coverage
  File "/root/miniforge3/envs/coordex/lib/python3.11/site-packages/coverage/__init__.py", line 24, in <module>
    from coverage.control import (
  File "/root/miniforge3/envs/coordex/lib/python3.11/site-packages/coverage/control.py", line 28, in <module>
    from coverage.collector import Collector, HAS_CTRACER
  File "/root/miniforge3/envs/coordex/lib/python3.11/site-packages/coverage/collector.py", line 19, in <module>
    from coverage.data import CoverageData
  File "/root/miniforge3/envs/coordex/lib/python3.11/site-packages/coverage/data.py", line 24, in <module>
    from coverage.sqldata import CoverageData
  File "/root/miniforge3/envs/coordex/lib/python3.11/site-packages/coverage/sqldata.py", line 16, in <module>
    import sqlite3
  File "/root/miniforge3/envs/coordex/lib/python3.11/sqlite3/__init__.py", line 57, in <module>
    from sqlite3.dbapi2 import *
  File "/root/miniforge3/envs/coordex/lib/python3.11/sqlite3/dbapi2.py", line 27, in <module>
    from _sqlite3 import *
ImportError: /lib/x86_64-linux-gnu/libstdc++.so.6: version `CXXABI_1.3.15' not found (required by /root/miniforge3/envs/coordex/lib/python3.11/lib-dynload/../.././libicui18n.so.78)

2026-08-15T02:02:24Z [9,280ms] [Error] [omni.graph.tools._impl.internal.extension_contents_1_18] Exception while importing test omni.replicator.core.ogn.tests.TestOgnAugCutMixExp: Traceback (most recent call last):
  File "/root/miniforge3/envs/coordex/lib/python3.11/site-packages/isaacsim/extscache/omni.graph.tools-1.79.2+8131b85d/omni/graph/tools/_impl/internal/extension_contents_1_18.py", line 394, in do_import_test_definition
    test_module = load_module_from_file(test_module_name, test_file)
                  ^^^^^^^^^^^^^^^^^^^^^^^^^^^^^^^^^^^^^^^^^^^^^^^^^^
  File "/root/miniforge3/envs/coordex/lib/python3.11/site-packages/isaacsim/extscache/omni.graph.tools-1.79.2+8131b85d/omni/graph/tools/_impl/internal/file_utils.py", line 239, in load_module_from_file
    spec.loader.exec_module(module)
  File "<frozen importlib._bootstrap_external>", line 940, in exec_module
  File "<frozen importlib._bootstrap>", line 241, in _call_with_frames_removed
  File "/root/miniforge3/envs/coordex/lib/python3.11/site-packages/isaacsim/extscache/omni.replicator.core-1.12.16+107.3.1.lx64.r.cp311/omni/replicator/core/ogn/tests/TestOgnAugCutMixExp.py", line 2, in <module>
    import omni.kit.test
  File "/root/miniforge3/envs/coordex/lib/python3.11/site-packages/isaacsim/extscache/omni.kit.test-2.0.1+8131b85d.lx64.r.cp311/omni/kit/test/__init__.py", line 7, in <module>
    from . import unittests
  File "/root/miniforge3/envs/coordex/lib/python3.11/site-packages/isaacsim/extscache/omni.kit.test-2.0.1+8131b85d.lx64.r.cp311/omni/kit/test/unittests.py", line 21, in <module>
    from .async_unittest import AsyncTestSuite, AsyncTextTestRunner, OmniTestResult, AsyncTestCase
  File "/root/miniforge3/envs/coordex/lib/python3.11/site-packages/isaacsim/extscache/omni.kit.test-2.0.1+8131b85d.lx64.r.cp311/omni/kit/test/async_unittest.py", line 25, in <module>
    from .reporter import TestReporter
  File "/root/miniforge3/envs/coordex/lib/python3.11/site-packages/isaacsim/extscache/omni.kit.test-2.0.1+8131b85d.lx64.r.cp311/omni/kit/test/reporter.py", line 27, in <module>
    from .test_coverage import generate_coverage_report
  File "/root/miniforge3/envs/coordex/lib/python3.11/site-packages/isaacsim/extscache/omni.kit.test-2.0.1+8131b85d.lx64.r.cp311/omni/kit/test/test_coverage.py", line 10, in <module>
    import coverage
  File "/root/miniforge3/envs/coordex/lib/python3.11/site-packages/coverage/__init__.py", line 24, in <module>
    from coverage.control import (
  File "/root/miniforge3/envs/coordex/lib/python3.11/site-packages/coverage/control.py", line 28, in <module>
    from coverage.collector import Collector, HAS_CTRACER
  File "/root/miniforge3/envs/coordex/lib/python3.11/site-packages/coverage/collector.py", line 19, in <module>
    from coverage.data import CoverageData
  File "/root/miniforge3/envs/coordex/lib/python3.11/site-packages/coverage/data.py", line 24, in <module>
    from coverage.sqldata import CoverageData
  File "/root/miniforge3/envs/coordex/lib/python3.11/site-packages/coverage/sqldata.py", line 16, in <module>
    import sqlite3
  File "/root/miniforge3/envs/coordex/lib/python3.11/sqlite3/__init__.py", line 57, in <module>
    from sqlite3.dbapi2 import *
  File "/root/miniforge3/envs/coordex/lib/python3.11/sqlite3/dbapi2.py", line 27, in <module>
    from _sqlite3 import *
ImportError: /lib/x86_64-linux-gnu/libstdc++.so.6: version `CXXABI_1.3.15' not found (required by /root/miniforge3/envs/coordex/lib/python3.11/lib-dynload/../.././libicui18n.so.78)

2026-08-15T02:02:24Z [9,289ms] [Error] [omni.graph.tools._impl.internal.extension_contents_1_18] Exception while importing test omni.replicator.core.ogn.tests.TestOgnSampleChoicePrim: Traceback (most recent call last):
  File "/root/miniforge3/envs/coordex/lib/python3.11/site-packages/isaacsim/extscache/omni.graph.tools-1.79.2+8131b85d/omni/graph/tools/_impl/internal/extension_contents_1_18.py", line 394, in do_import_test_definition
    test_module = load_module_from_file(test_module_name, test_file)
                  ^^^^^^^^^^^^^^^^^^^^^^^^^^^^^^^^^^^^^^^^^^^^^^^^^^
  File "/root/miniforge3/envs/coordex/lib/python3.11/site-packages/isaacsim/extscache/omni.graph.tools-1.79.2+8131b85d/omni/graph/tools/_impl/internal/file_utils.py", line 239, in load_module_from_file
    spec.loader.exec_module(module)
  File "<frozen importlib._bootstrap_external>", line 940, in exec_module
  File "<frozen importlib._bootstrap>", line 241, in _call_with_frames_removed
  File "/root/miniforge3/envs/coordex/lib/python3.11/site-packages/isaacsim/extscache/omni.replicator.core-1.12.16+107.3.1.lx64.r.cp311/omni/replicator/core/ogn/tests/TestOgnSampleChoicePrim.py", line 2, in <module>
    import omni.kit.test
  File "/root/miniforge3/envs/coordex/lib/python3.11/site-packages/isaacsim/extscache/omni.kit.test-2.0.1+8131b85d.lx64.r.cp311/omni/kit/test/__init__.py", line 7, in <module>
    from . import unittests
  File "/root/miniforge3/envs/coordex/lib/python3.11/site-packages/isaacsim/extscache/omni.kit.test-2.0.1+8131b85d.lx64.r.cp311/omni/kit/test/unittests.py", line 21, in <module>
    from .async_unittest import AsyncTestSuite, AsyncTextTestRunner, OmniTestResult, AsyncTestCase
  File "/root/miniforge3/envs/coordex/lib/python3.11/site-packages/isaacsim/extscache/omni.kit.test-2.0.1+8131b85d.lx64.r.cp311/omni/kit/test/async_unittest.py", line 25, in <module>
    from .reporter import TestReporter
  File "/root/miniforge3/envs/coordex/lib/python3.11/site-packages/isaacsim/extscache/omni.kit.test-2.0.1+8131b85d.lx64.r.cp311/omni/kit/test/reporter.py", line 27, in <module>
    from .test_coverage import generate_coverage_report
  File "/root/miniforge3/envs/coordex/lib/python3.11/site-packages/isaacsim/extscache/omni.kit.test-2.0.1+8131b85d.lx64.r.cp311/omni/kit/test/test_coverage.py", line 10, in <module>
    import coverage
  File "/root/miniforge3/envs/coordex/lib/python3.11/site-packages/coverage/__init__.py", line 24, in <module>
    from coverage.control import (
  File "/root/miniforge3/envs/coordex/lib/python3.11/site-packages/coverage/control.py", line 28, in <module>
    from coverage.collector import Collector, HAS_CTRACER
  File "/root/miniforge3/envs/coordex/lib/python3.11/site-packages/coverage/collector.py", line 19, in <module>
    from coverage.data import CoverageData
  File "/root/miniforge3/envs/coordex/lib/python3.11/site-packages/coverage/data.py", line 24, in <module>
    from coverage.sqldata import CoverageData
  File "/root/miniforge3/envs/coordex/lib/python3.11/site-packages/coverage/sqldata.py", line 16, in <module>
    import sqlite3
  File "/root/miniforge3/envs/coordex/lib/python3.11/sqlite3/__init__.py", line 57, in <module>
    from sqlite3.dbapi2 import *
  File "/root/miniforge3/envs/coordex/lib/python3.11/sqlite3/dbapi2.py", line 27, in <module>
    from _sqlite3 import *
ImportError: /lib/x86_64-linux-gnu/libstdc++.so.6: version `CXXABI_1.3.15' not found (required by /root/miniforge3/envs/coordex/lib/python3.11/lib-dynload/../.././libicui18n.so.78)

2026-08-15T02:02:24Z [9,309ms] [Error] [omni.graph.tools._impl.internal.extension_contents_1_18] Exception while importing test omni.replicator.core.ogn.tests.TestOgnAugment: Traceback (most recent call last):
  File "/root/miniforge3/envs/coordex/lib/python3.11/site-packages/isaacsim/extscache/omni.graph.tools-1.79.2+8131b85d/omni/graph/tools/_impl/internal/extension_contents_1_18.py", line 394, in do_import_test_definition
    test_module = load_module_from_file(test_module_name, test_file)
                  ^^^^^^^^^^^^^^^^^^^^^^^^^^^^^^^^^^^^^^^^^^^^^^^^^^
  File "/root/miniforge3/envs/coordex/lib/python3.11/site-packages/isaacsim/extscache/omni.graph.tools-1.79.2+8131b85d/omni/graph/tools/_impl/internal/file_utils.py", line 239, in load_module_from_file
    spec.loader.exec_module(module)
  File "<frozen importlib._bootstrap_external>", line 940, in exec_module
  File "<frozen importlib._bootstrap>", line 241, in _call_with_frames_removed
  File "/root/miniforge3/envs/coordex/lib/python3.11/site-packages/isaacsim/extscache/omni.replicator.core-1.12.16+107.3.1.lx64.r.cp311/omni/replicator/core/ogn/tests/TestOgnAugment.py", line 2, in <module>
    import omni.kit.test
  File "/root/miniforge3/envs/coordex/lib/python3.11/site-packages/isaacsim/extscache/omni.kit.test-2.0.1+8131b85d.lx64.r.cp311/omni/kit/test/__init__.py", line 7, in <module>
    from . import unittests
  File "/root/miniforge3/envs/coordex/lib/python3.11/site-packages/isaacsim/extscache/omni.kit.test-2.0.1+8131b85d.lx64.r.cp311/omni/kit/test/unittests.py", line 21, in <module>
    from .async_unittest import AsyncTestSuite, AsyncTextTestRunner, OmniTestResult, AsyncTestCase
  File "/root/miniforge3/envs/coordex/lib/python3.11/site-packages/isaacsim/extscache/omni.kit.test-2.0.1+8131b85d.lx64.r.cp311/omni/kit/test/async_unittest.py", line 25, in <module>
    from .reporter import TestReporter
  File "/root/miniforge3/envs/coordex/lib/python3.11/site-packages/isaacsim/extscache/omni.kit.test-2.0.1+8131b85d.lx64.r.cp311/omni/kit/test/reporter.py", line 27, in <module>
    from .test_coverage import generate_coverage_report
  File "/root/miniforge3/envs/coordex/lib/python3.11/site-packages/isaacsim/extscache/omni.kit.test-2.0.1+8131b85d.lx64.r.cp311/omni/kit/test/test_coverage.py", line 10, in <module>
    import coverage
  File "/root/miniforge3/envs/coordex/lib/python3.11/site-packages/coverage/__init__.py", line 24, in <module>
    from coverage.control import (
  File "/root/miniforge3/envs/coordex/lib/python3.11/site-packages/coverage/control.py", line 28, in <module>
    from coverage.collector import Collector, HAS_CTRACER
  File "/root/miniforge3/envs/coordex/lib/python3.11/site-packages/coverage/collector.py", line 19, in <module>
    from coverage.data import CoverageData
  File "/root/miniforge3/envs/coordex/lib/python3.11/site-packages/coverage/data.py", line 24, in <module>
    from coverage.sqldata import CoverageData
  File "/root/miniforge3/envs/coordex/lib/python3.11/site-packages/coverage/sqldata.py", line 16, in <module>
    import sqlite3
  File "/root/miniforge3/envs/coordex/lib/python3.11/sqlite3/__init__.py", line 57, in <module>
    from sqlite3.dbapi2 import *
  File "/root/miniforge3/envs/coordex/lib/python3.11/sqlite3/dbapi2.py", line 27, in <module>
    from _sqlite3 import *
ImportError: /lib/x86_64-linux-gnu/libstdc++.so.6: version `CXXABI_1.3.15' not found (required by /root/miniforge3/envs/coordex/lib/python3.11/lib-dynload/../.././libicui18n.so.78)

2026-08-15T02:02:24Z [9,331ms] [Error] [omni.graph.tools._impl.internal.extension_contents_1_18] Exception while importing test omni.replicator.core.ogn.tests.TestOgnSetTimeline: Traceback (most recent call last):
  File "/root/miniforge3/envs/coordex/lib/python3.11/site-packages/isaacsim/extscache/omni.graph.tools-1.79.2+8131b85d/omni/graph/tools/_impl/internal/extension_contents_1_18.py", line 394, in do_import_test_definition
    test_module = load_module_from_file(test_module_name, test_file)
                  ^^^^^^^^^^^^^^^^^^^^^^^^^^^^^^^^^^^^^^^^^^^^^^^^^^
  File "/root/miniforge3/envs/coordex/lib/python3.11/site-packages/isaacsim/extscache/omni.graph.tools-1.79.2+8131b85d/omni/graph/tools/_impl/internal/file_utils.py", line 239, in load_module_from_file
    spec.loader.exec_module(module)
  File "<frozen importlib._bootstrap_external>", line 940, in exec_module
  File "<frozen importlib._bootstrap>", line 241, in _call_with_frames_removed
  File "/root/miniforge3/envs/coordex/lib/python3.11/site-packages/isaacsim/extscache/omni.replicator.core-1.12.16+107.3.1.lx64.r.cp311/omni/replicator/core/ogn/tests/TestOgnSetTimeline.py", line 2, in <module>
    import omni.kit.test
  File "/root/miniforge3/envs/coordex/lib/python3.11/site-packages/isaacsim/extscache/omni.kit.test-2.0.1+8131b85d.lx64.r.cp311/omni/kit/test/__init__.py", line 7, in <module>
    from . import unittests
  File "/root/miniforge3/envs/coordex/lib/python3.11/site-packages/isaacsim/extscache/omni.kit.test-2.0.1+8131b85d.lx64.r.cp311/omni/kit/test/unittests.py", line 21, in <module>
    from .async_unittest import AsyncTestSuite, AsyncTextTestRunner, OmniTestResult, AsyncTestCase
  File "/root/miniforge3/envs/coordex/lib/python3.11/site-packages/isaacsim/extscache/omni.kit.test-2.0.1+8131b85d.lx64.r.cp311/omni/kit/test/async_unittest.py", line 25, in <module>
    from .reporter import TestReporter
  File "/root/miniforge3/envs/coordex/lib/python3.11/site-packages/isaacsim/extscache/omni.kit.test-2.0.1+8131b85d.lx64.r.cp311/omni/kit/test/reporter.py", line 27, in <module>
    from .test_coverage import generate_coverage_report
  File "/root/miniforge3/envs/coordex/lib/python3.11/site-packages/isaacsim/extscache/omni.kit.test-2.0.1+8131b85d.lx64.r.cp311/omni/kit/test/test_coverage.py", line 10, in <module>
    import coverage
  File "/root/miniforge3/envs/coordex/lib/python3.11/site-packages/coverage/__init__.py", line 24, in <module>
    from coverage.control import (
  File "/root/miniforge3/envs/coordex/lib/python3.11/site-packages/coverage/control.py", line 28, in <module>
    from coverage.collector import Collector, HAS_CTRACER
  File "/root/miniforge3/envs/coordex/lib/python3.11/site-packages/coverage/collector.py", line 19, in <module>
    from coverage.data import CoverageData
  File "/root/miniforge3/envs/coordex/lib/python3.11/site-packages/coverage/data.py", line 24, in <module>
    from coverage.sqldata import CoverageData
  File "/root/miniforge3/envs/coordex/lib/python3.11/site-packages/coverage/sqldata.py", line 16, in <module>
    import sqlite3
  File "/root/miniforge3/envs/coordex/lib/python3.11/sqlite3/__init__.py", line 57, in <module>
    from sqlite3.dbapi2 import *
  File "/root/miniforge3/envs/coordex/lib/python3.11/sqlite3/dbapi2.py", line 27, in <module>
    from _sqlite3 import *
ImportError: /lib/x86_64-linux-gnu/libstdc++.so.6: version `CXXABI_1.3.15' not found (required by /root/miniforge3/envs/coordex/lib/python3.11/lib-dynload/../.././libicui18n.so.78)

2026-08-15T02:02:24Z [9,339ms] [Error] [omni.graph.tools._impl.internal.extension_contents_1_18] Exception while importing test omni.replicator.core.ogn.tests.TestOgnSetVariant: Traceback (most recent call last):
  File "/root/miniforge3/envs/coordex/lib/python3.11/site-packages/isaacsim/extscache/omni.graph.tools-1.79.2+8131b85d/omni/graph/tools/_impl/internal/extension_contents_1_18.py", line 394, in do_import_test_definition
    test_module = load_module_from_file(test_module_name, test_file)
                  ^^^^^^^^^^^^^^^^^^^^^^^^^^^^^^^^^^^^^^^^^^^^^^^^^^
  File "/root/miniforge3/envs/coordex/lib/python3.11/site-packages/isaacsim/extscache/omni.graph.tools-1.79.2+8131b85d/omni/graph/tools/_impl/internal/file_utils.py", line 239, in load_module_from_file
    spec.loader.exec_module(module)
  File "<frozen importlib._bootstrap_external>", line 940, in exec_module
  File "<frozen importlib._bootstrap>", line 241, in _call_with_frames_removed
  File "/root/miniforge3/envs/coordex/lib/python3.11/site-packages/isaacsim/extscache/omni.replicator.core-1.12.16+107.3.1.lx64.r.cp311/omni/replicator/core/ogn/tests/TestOgnSetVariant.py", line 2, in <module>
    import omni.kit.test
  File "/root/miniforge3/envs/coordex/lib/python3.11/site-packages/isaacsim/extscache/omni.kit.test-2.0.1+8131b85d.lx64.r.cp311/omni/kit/test/__init__.py", line 7, in <module>
    from . import unittests
  File "/root/miniforge3/envs/coordex/lib/python3.11/site-packages/isaacsim/extscache/omni.kit.test-2.0.1+8131b85d.lx64.r.cp311/omni/kit/test/unittests.py", line 21, in <module>
    from .async_unittest import AsyncTestSuite, AsyncTextTestRunner, OmniTestResult, AsyncTestCase
  File "/root/miniforge3/envs/coordex/lib/python3.11/site-packages/isaacsim/extscache/omni.kit.test-2.0.1+8131b85d.lx64.r.cp311/omni/kit/test/async_unittest.py", line 25, in <module>
    from .reporter import TestReporter
  File "/root/miniforge3/envs/coordex/lib/python3.11/site-packages/isaacsim/extscache/omni.kit.test-2.0.1+8131b85d.lx64.r.cp311/omni/kit/test/reporter.py", line 27, in <module>
    from .test_coverage import generate_coverage_report
  File "/root/miniforge3/envs/coordex/lib/python3.11/site-packages/isaacsim/extscache/omni.kit.test-2.0.1+8131b85d.lx64.r.cp311/omni/kit/test/test_coverage.py", line 10, in <module>
    import coverage
  File "/root/miniforge3/envs/coordex/lib/python3.11/site-packages/coverage/__init__.py", line 24, in <module>
    from coverage.control import (
  File "/root/miniforge3/envs/coordex/lib/python3.11/site-packages/coverage/control.py", line 28, in <module>
    from coverage.collector import Collector, HAS_CTRACER
  File "/root/miniforge3/envs/coordex/lib/python3.11/site-packages/coverage/collector.py", line 19, in <module>
    from coverage.data import CoverageData
  File "/root/miniforge3/envs/coordex/lib/python3.11/site-packages/coverage/data.py", line 24, in <module>
    from coverage.sqldata import CoverageData
  File "/root/miniforge3/envs/coordex/lib/python3.11/site-packages/coverage/sqldata.py", line 16, in <module>
    import sqlite3
  File "/root/miniforge3/envs/coordex/lib/python3.11/sqlite3/__init__.py", line 57, in <module>
    from sqlite3.dbapi2 import *
  File "/root/miniforge3/envs/coordex/lib/python3.11/sqlite3/dbapi2.py", line 27, in <module>
    from _sqlite3 import *
ImportError: /lib/x86_64-linux-gnu/libstdc++.so.6: version `CXXABI_1.3.15' not found (required by /root/miniforge3/envs/coordex/lib/python3.11/lib-dynload/../.././libicui18n.so.78)

2026-08-15T02:02:24Z [9,348ms] [Error] [omni.graph.tools._impl.internal.extension_contents_1_18] Exception while importing test omni.replicator.core.ogn.tests.TestOgnAugBgRandExp: Traceback (most recent call last):
  File "/root/miniforge3/envs/coordex/lib/python3.11/site-packages/isaacsim/extscache/omni.graph.tools-1.79.2+8131b85d/omni/graph/tools/_impl/internal/extension_contents_1_18.py", line 394, in do_import_test_definition
    test_module = load_module_from_file(test_module_name, test_file)
                  ^^^^^^^^^^^^^^^^^^^^^^^^^^^^^^^^^^^^^^^^^^^^^^^^^^
  File "/root/miniforge3/envs/coordex/lib/python3.11/site-packages/isaacsim/extscache/omni.graph.tools-1.79.2+8131b85d/omni/graph/tools/_impl/internal/file_utils.py", line 239, in load_module_from_file
    spec.loader.exec_module(module)
  File "<frozen importlib._bootstrap_external>", line 940, in exec_module
  File "<frozen importlib._bootstrap>", line 241, in _call_with_frames_removed
  File "/root/miniforge3/envs/coordex/lib/python3.11/site-packages/isaacsim/extscache/omni.replicator.core-1.12.16+107.3.1.lx64.r.cp311/omni/replicator/core/ogn/tests/TestOgnAugBgRandExp.py", line 2, in <module>
    import omni.kit.test
  File "/root/miniforge3/envs/coordex/lib/python3.11/site-packages/isaacsim/extscache/omni.kit.test-2.0.1+8131b85d.lx64.r.cp311/omni/kit/test/__init__.py", line 7, in <module>
    from . import unittests
  File "/root/miniforge3/envs/coordex/lib/python3.11/site-packages/isaacsim/extscache/omni.kit.test-2.0.1+8131b85d.lx64.r.cp311/omni/kit/test/unittests.py", line 21, in <module>
    from .async_unittest import AsyncTestSuite, AsyncTextTestRunner, OmniTestResult, AsyncTestCase
  File "/root/miniforge3/envs/coordex/lib/python3.11/site-packages/isaacsim/extscache/omni.kit.test-2.0.1+8131b85d.lx64.r.cp311/omni/kit/test/async_unittest.py", line 25, in <module>
    from .reporter import TestReporter
  File "/root/miniforge3/envs/coordex/lib/python3.11/site-packages/isaacsim/extscache/omni.kit.test-2.0.1+8131b85d.lx64.r.cp311/omni/kit/test/reporter.py", line 27, in <module>
    from .test_coverage import generate_coverage_report
  File "/root/miniforge3/envs/coordex/lib/python3.11/site-packages/isaacsim/extscache/omni.kit.test-2.0.1+8131b85d.lx64.r.cp311/omni/kit/test/test_coverage.py", line 10, in <module>
    import coverage
  File "/root/miniforge3/envs/coordex/lib/python3.11/site-packages/coverage/__init__.py", line 24, in <module>
    from coverage.control import (
  File "/root/miniforge3/envs/coordex/lib/python3.11/site-packages/coverage/control.py", line 28, in <module>
    from coverage.collector import Collector, HAS_CTRACER
  File "/root/miniforge3/envs/coordex/lib/python3.11/site-packages/coverage/collector.py", line 19, in <module>
    from coverage.data import CoverageData
  File "/root/miniforge3/envs/coordex/lib/python3.11/site-packages/coverage/data.py", line 24, in <module>
    from coverage.sqldata import CoverageData
  File "/root/miniforge3/envs/coordex/lib/python3.11/site-packages/coverage/sqldata.py", line 16, in <module>
    import sqlite3
  File "/root/miniforge3/envs/coordex/lib/python3.11/sqlite3/__init__.py", line 57, in <module>
    from sqlite3.dbapi2 import *
  File "/root/miniforge3/envs/coordex/lib/python3.11/sqlite3/dbapi2.py", line 27, in <module>
    from _sqlite3 import *
ImportError: /lib/x86_64-linux-gnu/libstdc++.so.6: version `CXXABI_1.3.15' not found (required by /root/miniforge3/envs/coordex/lib/python3.11/lib-dynload/../.././libicui18n.so.78)

[INFO][AppLauncher]: Using device: cuda:0
[INFO][AppLauncher]: Loading experience file: /root/IsaacLab/apps/isaaclab.python.headless.rendering.kit
[INFO]: Parsing configuration from: coordex.tasks.locomanip.walkpickturn_env_cfg:WalkPickTurnEnvCfg
[INFO]: Parsing configuration from: coordex.tasks.locomanip.config.g1_wuji.agents.rsl_rl_ppo_cfg:LocomanipCoordResidualPPORunnerCfg
2026-08-15T02:02:25Z [9,906ms] [Warning] [usdrt.population.plugin] using high frequency span is disabled
2026-08-15T02:02:25Z [10,076ms] [Warning] [carb] Acquiring non optional plugin interface which is not listed as dependency: [carb::dictionary::ISerializer v1.1] (plugin: carb.dictionary.serializer-json.plugin), by client: carb.scenerenderer-rtx.plugin. Add it to CARB_PLUGIN_IMPL_DEPS() macro of a client.
2026-08-15T02:02:28Z [13,315ms] [Warning] [usdrt.hydra.fabric_scene_delegate.plugin] using high frequency span is disabled
2026-08-15T02:02:28Z [13,316ms] [Warning] [usdrt.hydra.fabric_scene_delegate.plugin] using high frequency span is disabled
2026-08-15T02:02:28Z [13,316ms] [Warning] [usdrt.hydra.fabric_scene_delegate.plugin] using high frequency span with attrs is disabled
2026-08-15T02:02:28Z [13,326ms] [Warning] [omni.fabric.plugin] Warning: attribute viewportHandle not found for bucket id 7

2026-08-15T02:02:28Z [13,337ms] [Warning] [usdrt.hydra.fabric_scene_delegate.plugin] using high frequency span is disabled
2026-08-15T02:02:28Z [13,337ms] [Warning] [usdrt.hydra.fabric_scene_delegate.plugin] using high frequency span is disabled
2026-08-15T02:02:31Z [16,235ms] [Warning] [isaaclab.envs.manager_based_env] Seed not set for the environment. The environment creation may not be deterministic.
2026-08-15T02:02:31Z [16,646ms] [Warning] [isaaclab.terrains.terrain_importer] Visual material specified for ground plane but no diffuse color found. Using default color: (0.0, 0.0, 0.0)
2026-08-15T02:02:35Z [19,688ms] [Warning] [usdrt.hydra.fabric_scene_delegate.plugin] using high frequency span with attrs is disabled
2026-08-15T02:02:35Z [19,736ms] [Warning] [usdrt.hydra.fabric_scene_delegate.plugin] using high frequency span with attrs is disabled
2026-08-15T02:02:35Z [19,737ms] [Warning] [omni.fabric.plugin] getAttributeCount called on non-existent path /World/envs/env_0/Robot/waist_yaw_link/visuals/waist_yaw_link_rev_1_0
2026-08-15T02:02:35Z [19,737ms] [Warning] [omni.fabric.plugin] getTypes called on non-existent path /World/envs/env_0/Robot/waist_yaw_link/visuals/waist_yaw_link_rev_1_0
2026-08-15T02:02:35Z [19,797ms] [Warning] [omni.usd] USD_MDL: in ResolveResource at line 557 of ../../source/plugins/omni.usdMdl/neuray.cpp -- module: /root/astra_workspace/assets/Isaac/Props/Conveyors/Material Library/Plastic/Misc/Plastic_Blue_A.mdl	function: Plastic_Blue_A(color,texture_2d,float,float,float,color,float,float,texture_2d,float,float,texture_2d,float,bool,texture_2d,float,texture_2d,bool,color,texture_2d,texture_2d,float,bool,texture_2d,float,bool,::base::mono_mode,float,float,float,texture_2d,float,texture_2d,bool,bool,bool,bool,int,float2,float,float2,float2,float,float2,float,float,bool)	parameter: diffuse_texture	Unable to resolve MDL resource for: '/Z73file_3A/root/astra_workspace/assets/Isaac/Props/Conveyors/Z2CMaterial_2520Library/Plastic/Textures/T_Plastic_Blue_A_Albedo.png'.

2026-08-15T02:02:35Z [19,798ms] [Warning] [omni.usd] USD_MDL: in ResolveResource at line 557 of ../../source/plugins/omni.usdMdl/neuray.cpp -- module: /root/astra_workspace/assets/Isaac/Props/Conveyors/Material Library/Plastic/Misc/Plastic_Blue_A.mdl	function: Plastic_Blue_A(color,texture_2d,float,float,float,color,float,float,texture_2d,float,float,texture_2d,float,bool,texture_2d,float,texture_2d,bool,color,texture_2d,texture_2d,float,bool,texture_2d,float,bool,::base::mono_mode,float,float,float,texture_2d,float,texture_2d,bool,bool,bool,bool,int,float2,float,float2,float2,float,float2,float,float,bool)	parameter: ORM_texture	Unable to resolve MDL resource for: '/Z73file_3A/root/astra_workspace/assets/Isaac/Props/Conveyors/Z2CMaterial_2520Library/Plastic/Textures/T_Plastic_Blue_A_ORM.png'.

2026-08-15T02:02:35Z [19,799ms] [Warning] [omni.usd] USD_MDL: in ResolveResource at line 557 of ../../source/plugins/omni.usdMdl/neuray.cpp -- module: /root/astra_workspace/assets/Isaac/Props/Conveyors/Material Library/Plastic/Misc/Plastic_Blue_A.mdl	function: Plastic_Blue_A(color,texture_2d,float,float,float,color,float,float,texture_2d,float,float,texture_2d,float,bool,texture_2d,float,texture_2d,bool,color,texture_2d,texture_2d,float,bool,texture_2d,float,bool,::base::mono_mode,float,float,float,texture_2d,float,texture_2d,bool,bool,bool,bool,int,float2,float,float2,float2,float,float2,float,float,bool)	parameter: normalmap_texture	Unable to resolve MDL resource for: '/Z73file_3A/root/astra_workspace/assets/Isaac/Props/Conveyors/Z2CMaterial_2520Library/Plastic/Textures/T_Plastic_Blue_A_Normal.png'.

2026-08-15T02:02:35Z [20,189ms] [Error] [rtx.mdltranslator.plugin] Texture file referenced in the material parameter defaults wasn't resolved properly: 'file:/root/astra_workspace/assets/Isaac/Props/Conveyors/Material%20Library/Plastic/Textures/T_Plastic_Blue_A_ORM.png'
2026-08-15T02:02:35Z [20,189ms] [Error] [rtx.mdltranslator.plugin] Texture file referenced in the material parameter defaults wasn't resolved properly: 'file:/root/astra_workspace/assets/Isaac/Props/Conveyors/Material%20Library/Plastic/Textures/T_Plastic_Blue_A_Albedo.png'
2026-08-15T02:02:35Z [20,190ms] [Error] [rtx.mdltranslator.plugin] Texture file referenced in the material parameter defaults wasn't resolved properly: 'file:/root/astra_workspace/assets/Isaac/Props/Conveyors/Material%20Library/Plastic/Textures/T_Plastic_Blue_A_Normal.png'
2026-08-15T02:02:35Z [20,192ms] [Error] [rtx.mdltranslator.plugin] Texture file referenced in the material parameter defaults wasn't resolved properly: 'file:/root/astra_workspace/assets/Isaac/Props/Conveyors/Material%20Library/Plastic/Textures/T_Plastic_Blue_A_ORM.png'
2026-08-15T02:02:35Z [20,192ms] [Error] [rtx.mdltranslator.plugin] Texture file referenced in the material parameter defaults wasn't resolved properly: 'file:/root/astra_workspace/assets/Isaac/Props/Conveyors/Material%20Library/Plastic/Textures/T_Plastic_Blue_A_Albedo.png'
2026-08-15T02:02:35Z [20,193ms] [Error] [rtx.mdltranslator.plugin] Texture file referenced in the material parameter defaults wasn't resolved properly: 'file:/root/astra_workspace/assets/Isaac/Props/Conveyors/Material%20Library/Plastic/Textures/T_Plastic_Blue_A_Normal.png'
2026-08-15T02:02:35Z [20,624ms] [Error] [rtx.mdltranslator.plugin] Texture file referenced in the material parameter defaults wasn't resolved properly: 'file:/root/astra_workspace/assets/Isaac/Props/Conveyors/Material%20Library/Plastic/Textures/T_Plastic_Blue_A_ORM.png'
2026-08-15T02:02:35Z [20,624ms] [Error] [rtx.mdltranslator.plugin] Texture file referenced in the material parameter defaults wasn't resolved properly: 'file:/root/astra_workspace/assets/Isaac/Props/Conveyors/Material%20Library/Plastic/Textures/T_Plastic_Blue_A_Albedo.png'
2026-08-15T02:02:35Z [20,624ms] [Error] [rtx.mdltranslator.plugin] Texture file referenced in the material parameter defaults wasn't resolved properly: 'file:/root/astra_workspace/assets/Isaac/Props/Conveyors/Material%20Library/Plastic/Textures/T_Plastic_Blue_A_Normal.png'
2026-08-15T02:02:35Z [20,626ms] [Error] [rtx.mdltranslator.plugin] Texture file referenced in the material parameter defaults wasn't resolved properly: 'file:/root/astra_workspace/assets/Isaac/Props/Conveyors/Material%20Library/Plastic/Textures/T_Plastic_Blue_A_ORM.png'
2026-08-15T02:02:35Z [20,627ms] [Error] [rtx.mdltranslator.plugin] Texture file referenced in the material parameter defaults wasn't resolved properly: 'file:/root/astra_workspace/assets/Isaac/Props/Conveyors/Material%20Library/Plastic/Textures/T_Plastic_Blue_A_Albedo.png'
2026-08-15T02:02:35Z [20,627ms] [Error] [rtx.mdltranslator.plugin] Texture file referenced in the material parameter defaults wasn't resolved properly: 'file:/root/astra_workspace/assets/Isaac/Props/Conveyors/Material%20Library/Plastic/Textures/T_Plastic_Blue_A_Normal.png'
2026-08-15T02:02:36Z [20,684ms] [Warning] [omni.usd] USD_MDL: in ResolveResource at line 557 of ../../source/plugins/omni.usdMdl/neuray.cpp -- module: /root/astra_workspace/assets/Isaac/Props/Conveyors/Material Library/Plastic/Misc/Plastic_Orange_A.mdl	function: Plastic_Orange_A(color,texture_2d,float,float,float,color,float,float,texture_2d,float,float,texture_2d,float,bool,texture_2d,float,texture_2d,bool,color,texture_2d,texture_2d,float,bool,texture_2d,float,bool,::base::mono_mode,float,float,float,texture_2d,float,texture_2d,bool,bool,bool,bool,int,float2,float,float2,float2,float,float2,float,float,bool)	parameter: diffuse_texture	Unable to resolve MDL resource for: '/Z73file_3A/root/astra_workspace/assets/Isaac/Props/Conveyors/Z2CMaterial_2520Library/Plastic/Textures/T_Plastic_Orange_A_Albedo.png'.

2026-08-15T02:02:36Z [20,685ms] [Warning] [omni.usd] USD_MDL: in ResolveResource at line 557 of ../../source/plugins/omni.usdMdl/neuray.cpp -- module: /root/astra_workspace/assets/Isaac/Props/Conveyors/Material Library/Plastic/Misc/Plastic_Orange_A.mdl	function: Plastic_Orange_A(color,texture_2d,float,float,float,color,float,float,texture_2d,float,float,texture_2d,float,bool,texture_2d,float,texture_2d,bool,color,texture_2d,texture_2d,float,bool,texture_2d,float,bool,::base::mono_mode,float,float,float,texture_2d,float,texture_2d,bool,bool,bool,bool,int,float2,float,float2,float2,float,float2,float,float,bool)	parameter: ORM_texture	Unable to resolve MDL resource for: '/Z73file_3A/root/astra_workspace/assets/Isaac/Props/Conveyors/Z2CMaterial_2520Library/Plastic/Textures/T_Plastic_Orange_A_ORM.png'.

2026-08-15T02:02:36Z [20,685ms] [Warning] [omni.usd] USD_MDL: in ResolveResource at line 557 of ../../source/plugins/omni.usdMdl/neuray.cpp -- module: /root/astra_workspace/assets/Isaac/Props/Conveyors/Material Library/Plastic/Misc/Plastic_Orange_A.mdl	function: Plastic_Orange_A(color,texture_2d,float,float,float,color,float,float,texture_2d,float,float,texture_2d,float,bool,texture_2d,float,texture_2d,bool,color,texture_2d,texture_2d,float,bool,texture_2d,float,bool,::base::mono_mode,float,float,float,texture_2d,float,texture_2d,bool,bool,bool,bool,int,float2,float,float2,float2,float,float2,float,float,bool)	parameter: normalmap_texture	Unable to resolve MDL resource for: '/Z73file_3A/root/astra_workspace/assets/Isaac/Props/Conveyors/Z2CMaterial_2520Library/Plastic/Textures/T_Plastic_Orange_A_Normal.png'.

2026-08-15T02:02:36Z [20,690ms] [Error] [rtx.mdltranslator.plugin] Texture file referenced in the material parameter defaults wasn't resolved properly: 'file:/root/astra_workspace/assets/Isaac/Props/Conveyors/Material%20Library/Plastic/Textures/T_Plastic_Orange_A_ORM.png'
2026-08-15T02:02:36Z [20,691ms] [Error] [rtx.mdltranslator.plugin] Texture file referenced in the material parameter defaults wasn't resolved properly: 'file:/root/astra_workspace/assets/Isaac/Props/Conveyors/Material%20Library/Plastic/Textures/T_Plastic_Orange_A_Albedo.png'
2026-08-15T02:02:36Z [20,691ms] [Error] [rtx.mdltranslator.plugin] Texture file referenced in the material parameter defaults wasn't resolved properly: 'file:/root/astra_workspace/assets/Isaac/Props/Conveyors/Material%20Library/Plastic/Textures/T_Plastic_Orange_A_Normal.png'
2026-08-15T02:02:36Z [20,701ms] [Error] [rtx.mdltranslator.plugin] Texture file referenced in the material parameter defaults wasn't resolved properly: 'file:/root/astra_workspace/assets/Isaac/Props/Conveyors/Material%20Library/Plastic/Textures/T_Plastic_Orange_A_ORM.png'
2026-08-15T02:02:36Z [20,701ms] [Error] [rtx.mdltranslator.plugin] Texture file referenced in the material parameter defaults wasn't resolved properly: 'file:/root/astra_workspace/assets/Isaac/Props/Conveyors/Material%20Library/Plastic/Textures/T_Plastic_Orange_A_Albedo.png'
2026-08-15T02:02:36Z [20,701ms] [Error] [rtx.mdltranslator.plugin] Texture file referenced in the material parameter defaults wasn't resolved properly: 'file:/root/astra_workspace/assets/Isaac/Props/Conveyors/Material%20Library/Plastic/Textures/T_Plastic_Orange_A_Normal.png'
2026-08-15T02:02:36Z [20,709ms] [Warning] [omni.usd] USD_MDL: in ResolveResource at line 557 of ../../source/plugins/omni.usdMdl/neuray.cpp -- module: /root/astra_workspace/assets/Isaac/Props/Conveyors/Material Library/Metal/Misc/Metal_Rough_A.mdl	function: Metal_Rough_A(color,texture_2d,float,float,float,color,float,float,texture_2d,float,float,texture_2d,float,bool,texture_2d,float,texture_2d,bool,color,texture_2d,texture_2d,float,bool,texture_2d,float,bool,::base::mono_mode,float,float,float,texture_2d,float,texture_2d,bool,bool,bool,bool,int,float2,float,float2,float2,float,float2,float,float,bool)	parameter: diffuse_texture	Unable to resolve MDL resource for: '/Z73file_3A/root/astra_workspace/assets/Isaac/Props/Conveyors/Z2CMaterial_2520Library/Metal/Textures/T_Metal_Rough_A_Albedo.png'.

2026-08-15T02:02:36Z [20,710ms] [Warning] [omni.usd] USD_MDL: in ResolveResource at line 557 of ../../source/plugins/omni.usdMdl/neuray.cpp -- module: /root/astra_workspace/assets/Isaac/Props/Conveyors/Material Library/Metal/Misc/Metal_Rough_A.mdl	function: Metal_Rough_A(color,texture_2d,float,float,float,color,float,float,texture_2d,float,float,texture_2d,float,bool,texture_2d,float,texture_2d,bool,color,texture_2d,texture_2d,float,bool,texture_2d,float,bool,::base::mono_mode,float,float,float,texture_2d,float,texture_2d,bool,bool,bool,bool,int,float2,float,float2,float2,float,float2,float,float,bool)	parameter: ORM_texture	Unable to resolve MDL resource for: '/Z73file_3A/root/astra_workspace/assets/Isaac/Props/Conveyors/Z2CMaterial_2520Library/Metal/Textures/T_Metal_Rough_A_ORM.png'.

2026-08-15T02:02:36Z [20,712ms] [Warning] [omni.usd] USD_MDL: in ResolveResource at line 557 of ../../source/plugins/omni.usdMdl/neuray.cpp -- module: /root/astra_workspace/assets/Isaac/Props/Conveyors/Material Library/Metal/Misc/Metal_Rough_A.mdl	function: Metal_Rough_A(color,texture_2d,float,float,float,color,float,float,texture_2d,float,float,texture_2d,float,bool,texture_2d,float,texture_2d,bool,color,texture_2d,texture_2d,float,bool,texture_2d,float,bool,::base::mono_mode,float,float,float,texture_2d,float,texture_2d,bool,bool,bool,bool,int,float2,float,float2,float2,float,float2,float,float,bool)	parameter: normalmap_texture	Unable to resolve MDL resource for: '/Z73file_3A/root/astra_workspace/assets/Isaac/Props/Conveyors/Z2CMaterial_2520Library/Metal/Textures/T_Metal_Rough_A_Normal.png'.

2026-08-15T02:02:36Z [20,716ms] [Error] [rtx.mdltranslator.plugin] Texture file referenced in the material parameter defaults wasn't resolved properly: 'file:/root/astra_workspace/assets/Isaac/Props/Conveyors/Material%20Library/Metal/Textures/T_Metal_Rough_A_ORM.png'
2026-08-15T02:02:36Z [20,717ms] [Error] [rtx.mdltranslator.plugin] Texture file referenced in the material parameter defaults wasn't resolved properly: 'file:/root/astra_workspace/assets/Isaac/Props/Conveyors/Material%20Library/Metal/Textures/T_Metal_Rough_A_Albedo.png'
2026-08-15T02:02:36Z [20,717ms] [Error] [rtx.mdltranslator.plugin] Texture file referenced in the material parameter defaults wasn't resolved properly: 'file:/root/astra_workspace/assets/Isaac/Props/Conveyors/Material%20Library/Metal/Textures/T_Metal_Rough_A_Normal.png'
2026-08-15T02:02:36Z [20,726ms] [Error] [rtx.mdltranslator.plugin] Texture file referenced in the material parameter defaults wasn't resolved properly: 'file:/root/astra_workspace/assets/Isaac/Props/Conveyors/Material%20Library/Metal/Textures/T_Metal_Rough_A_ORM.png'
2026-08-15T02:02:36Z [20,726ms] [Error] [rtx.mdltranslator.plugin] Texture file referenced in the material parameter defaults wasn't resolved properly: 'file:/root/astra_workspace/assets/Isaac/Props/Conveyors/Material%20Library/Metal/Textures/T_Metal_Rough_A_Albedo.png'
2026-08-15T02:02:36Z [20,726ms] [Error] [rtx.mdltranslator.plugin] Texture file referenced in the material parameter defaults wasn't resolved properly: 'file:/root/astra_workspace/assets/Isaac/Props/Conveyors/Material%20Library/Metal/Textures/T_Metal_Rough_A_Normal.png'
2026-08-15T02:02:36Z [20,780ms] [Warning] [omni.usd] USD_MDL: in ResolveResource at line 557 of ../../source/plugins/omni.usdMdl/neuray.cpp -- module: /root/astra_workspace/assets/Isaac/Props/Conveyors/Material Library/Metal/Aluminium/Aluminium_Brushed_A.mdl	function: Aluminium_Brushed_A(color,texture_2d,float,float,float,color,float,float,texture_2d,float,float,texture_2d,float,bool,texture_2d,float,texture_2d,bool,color,texture_2d,texture_2d,float,bool,texture_2d,float,bool,::base::mono_mode,float,float,float,texture_2d,float,texture_2d,bool,bool,bool,bool,int,float2,float,float2,float2,float,float2,float,float,bool)	parameter: diffuse_texture	Unable to resolve MDL resource for: '/Z73file_3A/root/astra_workspace/assets/Isaac/Props/Conveyors/Z2CMaterial_2520Library/Metal/Textures/T_Aluminium_Brushed_A1_Albedo.png'.

2026-08-15T02:02:36Z [20,780ms] [Warning] [omni.usd] USD_MDL: in ResolveResource at line 557 of ../../source/plugins/omni.usdMdl/neuray.cpp -- module: /root/astra_workspace/assets/Isaac/Props/Conveyors/Material Library/Metal/Aluminium/Aluminium_Brushed_A.mdl	function: Aluminium_Brushed_A(color,texture_2d,float,float,float,color,float,float,texture_2d,float,float,texture_2d,float,bool,texture_2d,float,texture_2d,bool,color,texture_2d,texture_2d,float,bool,texture_2d,float,bool,::base::mono_mode,float,float,float,texture_2d,float,texture_2d,bool,bool,bool,bool,int,float2,float,float2,float2,float,float2,float,float,bool)	parameter: ORM_texture	Unable to resolve MDL resource for: '/Z73file_3A/root/astra_workspace/assets/Isaac/Props/Conveyors/Z2CMaterial_2520Library/Metal/Textures/T_Aluminium_Brushed_A1_ORM.png'.

2026-08-15T02:02:36Z [20,781ms] [Warning] [omni.usd] USD_MDL: in ResolveResource at line 557 of ../../source/plugins/omni.usdMdl/neuray.cpp -- module: /root/astra_workspace/assets/Isaac/Props/Conveyors/Material Library/Metal/Aluminium/Aluminium_Brushed_A.mdl	function: Aluminium_Brushed_A(color,texture_2d,float,float,float,color,float,float,texture_2d,float,float,texture_2d,float,bool,texture_2d,float,texture_2d,bool,color,texture_2d,texture_2d,float,bool,texture_2d,float,bool,::base::mono_mode,float,float,float,texture_2d,float,texture_2d,bool,bool,bool,bool,int,float2,float,float2,float2,float,float2,float,float,bool)	parameter: normalmap_texture	Unable to resolve MDL resource for: '/Z73file_3A/root/astra_workspace/assets/Isaac/Props/Conveyors/Z2CMaterial_2520Library/Metal/Textures/T_Aluminium_Brushed_A1_Normal.png'.

2026-08-15T02:02:36Z [20,784ms] [Error] [rtx.mdltranslator.plugin] Texture file referenced in the material parameter defaults wasn't resolved properly: 'file:/root/astra_workspace/assets/Isaac/Props/Conveyors/Material%20Library/Metal/Textures/T_Aluminium_Brushed_A1_ORM.png'
2026-08-15T02:02:36Z [20,785ms] [Error] [rtx.mdltranslator.plugin] Texture file referenced in the material parameter defaults wasn't resolved properly: 'file:/root/astra_workspace/assets/Isaac/Props/Conveyors/Material%20Library/Metal/Textures/T_Aluminium_Brushed_A1_Albedo.png'
2026-08-15T02:02:36Z [20,785ms] [Error] [rtx.mdltranslator.plugin] Texture file referenced in the material parameter defaults wasn't resolved properly: 'file:/root/astra_workspace/assets/Isaac/Props/Conveyors/Material%20Library/Metal/Textures/T_Aluminium_Brushed_A1_Normal.png'
2026-08-15T02:02:36Z [20,794ms] [Error] [rtx.mdltranslator.plugin] Texture file referenced in the material parameter defaults wasn't resolved properly: 'file:/root/astra_workspace/assets/Isaac/Props/Conveyors/Material%20Library/Metal/Textures/T_Aluminium_Brushed_A1_ORM.png'
2026-08-15T02:02:36Z [20,795ms] [Error] [rtx.mdltranslator.plugin] Texture file referenced in the material parameter defaults wasn't resolved properly: 'file:/root/astra_workspace/assets/Isaac/Props/Conveyors/Material%20Library/Metal/Textures/T_Aluminium_Brushed_A1_Albedo.png'
2026-08-15T02:02:36Z [20,795ms] [Error] [rtx.mdltranslator.plugin] Texture file referenced in the material parameter defaults wasn't resolved properly: 'file:/root/astra_workspace/assets/Isaac/Props/Conveyors/Material%20Library/Metal/Textures/T_Aluminium_Brushed_A1_Normal.png'
2026-08-15T02:02:36Z [20,808ms] [Warning] [omni.usd] USD_MDL: in ResolveResource at line 557 of ../../source/plugins/omni.usdMdl/neuray.cpp -- module: /root/astra_workspace/assets/Isaac/Props/Conveyors/Material Library/Metal/Misc/Metal_Glossy_A.mdl	function: Metal_Glossy_A(color,texture_2d,float,float,float,color,float,float,texture_2d,float,float,texture_2d,float,bool,texture_2d,float,texture_2d,bool,color,texture_2d,texture_2d,float,bool,texture_2d,float,bool,::base::mono_mode,float,float,float,texture_2d,float,texture_2d,bool,bool,bool,bool,int,float2,float,float2,float2,float,float2,float,float,bool)	parameter: diffuse_texture	Unable to resolve MDL resource for: '/Z73file_3A/root/astra_workspace/assets/Isaac/Props/Conveyors/Z2CMaterial_2520Library/Metal/Textures/T_Metal_Glossy_A_Albedo.png'.

2026-08-15T02:02:36Z [20,809ms] [Warning] [omni.usd] USD_MDL: in ResolveResource at line 557 of ../../source/plugins/omni.usdMdl/neuray.cpp -- module: /root/astra_workspace/assets/Isaac/Props/Conveyors/Material Library/Metal/Misc/Metal_Glossy_A.mdl	function: Metal_Glossy_A(color,texture_2d,float,float,float,color,float,float,texture_2d,float,float,texture_2d,float,bool,texture_2d,float,texture_2d,bool,color,texture_2d,texture_2d,float,bool,texture_2d,float,bool,::base::mono_mode,float,float,float,texture_2d,float,texture_2d,bool,bool,bool,bool,int,float2,float,float2,float2,float,float2,float,float,bool)	parameter: ORM_texture	Unable to resolve MDL resource for: '/Z73file_3A/root/astra_workspace/assets/Isaac/Props/Conveyors/Z2CMaterial_2520Library/Metal/Textures/T_Metal_Glossy_A_ORM.png'.

2026-08-15T02:02:36Z [20,810ms] [Warning] [omni.usd] USD_MDL: in ResolveResource at line 557 of ../../source/plugins/omni.usdMdl/neuray.cpp -- module: /root/astra_workspace/assets/Isaac/Props/Conveyors/Material Library/Metal/Misc/Metal_Glossy_A.mdl	function: Metal_Glossy_A(color,texture_2d,float,float,float,color,float,float,texture_2d,float,float,texture_2d,float,bool,texture_2d,float,texture_2d,bool,color,texture_2d,texture_2d,float,bool,texture_2d,float,bool,::base::mono_mode,float,float,float,texture_2d,float,texture_2d,bool,bool,bool,bool,int,float2,float,float2,float2,float,float2,float,float,bool)	parameter: normalmap_texture	Unable to resolve MDL resource for: '/Z73file_3A/root/astra_workspace/assets/Isaac/Props/Conveyors/Z2CMaterial_2520Library/Metal/Textures/T_Metal_Glossy_A_Normal.png'.

2026-08-15T02:02:36Z [20,813ms] [Error] [rtx.mdltranslator.plugin] Texture file referenced in the material parameter defaults wasn't resolved properly: 'file:/root/astra_workspace/assets/Isaac/Props/Conveyors/Material%20Library/Metal/Textures/T_Metal_Glossy_A_ORM.png'
2026-08-15T02:02:36Z [20,814ms] [Error] [rtx.mdltranslator.plugin] Texture file referenced in the material parameter defaults wasn't resolved properly: 'file:/root/astra_workspace/assets/Isaac/Props/Conveyors/Material%20Library/Metal/Textures/T_Metal_Glossy_A_Albedo.png'
2026-08-15T02:02:36Z [20,814ms] [Error] [rtx.mdltranslator.plugin] Texture file referenced in the material parameter defaults wasn't resolved properly: 'file:/root/astra_workspace/assets/Isaac/Props/Conveyors/Material%20Library/Metal/Textures/T_Metal_Glossy_A_Normal.png'
2026-08-15T02:02:36Z [20,823ms] [Error] [rtx.mdltranslator.plugin] Texture file referenced in the material parameter defaults wasn't resolved properly: 'file:/root/astra_workspace/assets/Isaac/Props/Conveyors/Material%20Library/Metal/Textures/T_Metal_Glossy_A_ORM.png'
2026-08-15T02:02:36Z [20,823ms] [Error] [rtx.mdltranslator.plugin] Texture file referenced in the material parameter defaults wasn't resolved properly: 'file:/root/astra_workspace/assets/Isaac/Props/Conveyors/Material%20Library/Metal/Textures/T_Metal_Glossy_A_Albedo.png'
2026-08-15T02:02:36Z [20,823ms] [Error] [rtx.mdltranslator.plugin] Texture file referenced in the material parameter defaults wasn't resolved properly: 'file:/root/astra_workspace/assets/Isaac/Props/Conveyors/Material%20Library/Metal/Textures/T_Metal_Glossy_A_Normal.png'
2026-08-15T02:02:36Z [20,835ms] [Warning] [omni.usd] USD_MDL: in ResolveResource at line 557 of ../../source/plugins/omni.usdMdl/neuray.cpp -- module: /root/astra_workspace/assets/Isaac/Props/Conveyors/Material Library/Plastic/Misc/Plastic_Gray_A.mdl	function: Plastic_Gray_A(color,texture_2d,float,float,float,color,float,float,texture_2d,float,float,texture_2d,float,bool,texture_2d,float,texture_2d,bool,color,texture_2d,texture_2d,float,bool,texture_2d,float,bool,::base::mono_mode,float,float,float,texture_2d,float,texture_2d,bool,bool,bool,bool,int,float2,float,float2,float2,float,float2,float,float,bool)	parameter: diffuse_texture	Unable to resolve MDL resource for: '/Z73file_3A/root/astra_workspace/assets/Isaac/Props/Conveyors/Z2CMaterial_2520Library/Plastic/Textures/T_Plastic_Gray_A_Albedo.png'.

2026-08-15T02:02:36Z [20,835ms] [Warning] [omni.usd] USD_MDL: in ResolveResource at line 557 of ../../source/plugins/omni.usdMdl/neuray.cpp -- module: /root/astra_workspace/assets/Isaac/Props/Conveyors/Material Library/Plastic/Misc/Plastic_Gray_A.mdl	function: Plastic_Gray_A(color,texture_2d,float,float,float,color,float,float,texture_2d,float,float,texture_2d,float,bool,texture_2d,float,texture_2d,bool,color,texture_2d,texture_2d,float,bool,texture_2d,float,bool,::base::mono_mode,float,float,float,texture_2d,float,texture_2d,bool,bool,bool,bool,int,float2,float,float2,float2,float,float2,float,float,bool)	parameter: ORM_texture	Unable to resolve MDL resource for: '/Z73file_3A/root/astra_workspace/assets/Isaac/Props/Conveyors/Z2CMaterial_2520Library/Plastic/Textures/T_Plastic_Gray_A_ORM.png'.

2026-08-15T02:02:36Z [20,836ms] [Warning] [omni.usd] USD_MDL: in ResolveResource at line 557 of ../../source/plugins/omni.usdMdl/neuray.cpp -- module: /root/astra_workspace/assets/Isaac/Props/Conveyors/Material Library/Plastic/Misc/Plastic_Gray_A.mdl	function: Plastic_Gray_A(color,texture_2d,float,float,float,color,float,float,texture_2d,float,float,texture_2d,float,bool,texture_2d,float,texture_2d,bool,color,texture_2d,texture_2d,float,bool,texture_2d,float,bool,::base::mono_mode,float,float,float,texture_2d,float,texture_2d,bool,bool,bool,bool,int,float2,float,float2,float2,float,float2,float,float,bool)	parameter: normalmap_texture	Unable to resolve MDL resource for: '/Z73file_3A/root/astra_workspace/assets/Isaac/Props/Conveyors/Z2CMaterial_2520Library/Plastic/Textures/T_Plastic_Gray_A_Normal.png'.

2026-08-15T02:02:36Z [20,842ms] [Error] [rtx.mdltranslator.plugin] Texture file referenced in the material parameter defaults wasn't resolved properly: 'file:/root/astra_workspace/assets/Isaac/Props/Conveyors/Material%20Library/Plastic/Textures/T_Plastic_Gray_A_ORM.png'
2026-08-15T02:02:36Z [20,842ms] [Error] [rtx.mdltranslator.plugin] Texture file referenced in the material parameter defaults wasn't resolved properly: 'file:/root/astra_workspace/assets/Isaac/Props/Conveyors/Material%20Library/Plastic/Textures/T_Plastic_Gray_A_Albedo.png'
2026-08-15T02:02:36Z [20,842ms] [Error] [rtx.mdltranslator.plugin] Texture file referenced in the material parameter defaults wasn't resolved properly: 'file:/root/astra_workspace/assets/Isaac/Props/Conveyors/Material%20Library/Plastic/Textures/T_Plastic_Gray_A_Normal.png'
2026-08-15T02:02:36Z [20,853ms] [Error] [rtx.mdltranslator.plugin] Texture file referenced in the material parameter defaults wasn't resolved properly: 'file:/root/astra_workspace/assets/Isaac/Props/Conveyors/Material%20Library/Plastic/Textures/T_Plastic_Gray_A_ORM.png'
2026-08-15T02:02:36Z [20,853ms] [Error] [rtx.mdltranslator.plugin] Texture file referenced in the material parameter defaults wasn't resolved properly: 'file:/root/astra_workspace/assets/Isaac/Props/Conveyors/Material%20Library/Plastic/Textures/T_Plastic_Gray_A_Albedo.png'
2026-08-15T02:02:36Z [20,854ms] [Error] [rtx.mdltranslator.plugin] Texture file referenced in the material parameter defaults wasn't resolved properly: 'file:/root/astra_workspace/assets/Isaac/Props/Conveyors/Material%20Library/Plastic/Textures/T_Plastic_Gray_A_Normal.png'
2026-08-15T02:02:37Z [21,696ms] [Warning] [omni.usd] USD_MDL: in ResolveResource at line 557 of ../../source/plugins/omni.usdMdl/neuray.cpp -- module: /root/astra_workspace/assets/Isaac/Props/Conveyors/Material Library/Plastic/Misc/Plastic_Yellow_A.mdl	function: Plastic_Yellow_A(color,texture_2d,float,float,float,color,float,float,texture_2d,float,float,texture_2d,float,bool,texture_2d,float,texture_2d,bool,color,texture_2d,texture_2d,float,bool,texture_2d,float,bool,::base::mono_mode,float,float,float,texture_2d,float,texture_2d,bool,bool,bool,bool,int,float2,float,float2,float2,float,float2,float,float,bool)	parameter: diffuse_texture	Unable to resolve MDL resource for: '/Z73file_3A/root/astra_workspace/assets/Isaac/Props/Conveyors/Z2CMaterial_2520Library/Plastic/Textures/T_Plastic_Yellow_A_Albedo.png'.

2026-08-15T02:02:37Z [21,696ms] [Warning] [omni.usd] USD_MDL: in ResolveResource at line 557 of ../../source/plugins/omni.usdMdl/neuray.cpp -- module: /root/astra_workspace/assets/Isaac/Props/Conveyors/Material Library/Plastic/Misc/Plastic_Yellow_A.mdl	function: Plastic_Yellow_A(color,texture_2d,float,float,float,color,float,float,texture_2d,float,float,texture_2d,float,bool,texture_2d,float,texture_2d,bool,color,texture_2d,texture_2d,float,bool,texture_2d,float,bool,::base::mono_mode,float,float,float,texture_2d,float,texture_2d,bool,bool,bool,bool,int,float2,float,float2,float2,float,float2,float,float,bool)	parameter: ORM_texture	Unable to resolve MDL resource for: '/Z73file_3A/root/astra_workspace/assets/Isaac/Props/Conveyors/Z2CMaterial_2520Library/Plastic/Textures/T_Plastic_Yellow_A_ORM.png'.

2026-08-15T02:02:37Z [21,697ms] [Warning] [omni.usd] USD_MDL: in ResolveResource at line 557 of ../../source/plugins/omni.usdMdl/neuray.cpp -- module: /root/astra_workspace/assets/Isaac/Props/Conveyors/Material Library/Plastic/Misc/Plastic_Yellow_A.mdl	function: Plastic_Yellow_A(color,texture_2d,float,float,float,color,float,float,texture_2d,float,float,texture_2d,float,bool,texture_2d,float,texture_2d,bool,color,texture_2d,texture_2d,float,bool,texture_2d,float,bool,::base::mono_mode,float,float,float,texture_2d,float,texture_2d,bool,bool,bool,bool,int,float2,float,float2,float2,float,float2,float,float,bool)	parameter: normalmap_texture	Unable to resolve MDL resource for: '/Z73file_3A/root/astra_workspace/assets/Isaac/Props/Conveyors/Z2CMaterial_2520Library/Plastic/Textures/T_Plastic_Yellow_A_Normal.png'.

2026-08-15T02:02:37Z [21,701ms] [Error] [rtx.mdltranslator.plugin] Texture file referenced in the material parameter defaults wasn't resolved properly: 'file:/root/astra_workspace/assets/Isaac/Props/Conveyors/Material%20Library/Plastic/Textures/T_Plastic_Yellow_A_ORM.png'
2026-08-15T02:02:37Z [21,702ms] [Error] [rtx.mdltranslator.plugin] Texture file referenced in the material parameter defaults wasn't resolved properly: 'file:/root/astra_workspace/assets/Isaac/Props/Conveyors/Material%20Library/Plastic/Textures/T_Plastic_Yellow_A_Albedo.png'
2026-08-15T02:02:37Z [21,702ms] [Error] [rtx.mdltranslator.plugin] Texture file referenced in the material parameter defaults wasn't resolved properly: 'file:/root/astra_workspace/assets/Isaac/Props/Conveyors/Material%20Library/Plastic/Textures/T_Plastic_Yellow_A_Normal.png'
2026-08-15T02:02:37Z [21,712ms] [Error] [rtx.mdltranslator.plugin] Texture file referenced in the material parameter defaults wasn't resolved properly: 'file:/root/astra_workspace/assets/Isaac/Props/Conveyors/Material%20Library/Plastic/Textures/T_Plastic_Yellow_A_ORM.png'
2026-08-15T02:02:37Z [21,712ms] [Error] [rtx.mdltranslator.plugin] Texture file referenced in the material parameter defaults wasn't resolved properly: 'file:/root/astra_workspace/assets/Isaac/Props/Conveyors/Material%20Library/Plastic/Textures/T_Plastic_Yellow_A_Albedo.png'
2026-08-15T02:02:37Z [21,713ms] [Error] [rtx.mdltranslator.plugin] Texture file referenced in the material parameter defaults wasn't resolved properly: 'file:/root/astra_workspace/assets/Isaac/Props/Conveyors/Material%20Library/Plastic/Textures/T_Plastic_Yellow_A_Normal.png'
2026-08-15T02:02:37Z [21,722ms] [Warning] [omni.usd] USD_MDL: in ResolveResource at line 557 of ../../source/plugins/omni.usdMdl/neuray.cpp -- module: /root/astra_workspace/assets/Isaac/Props/Conveyors/Material Library/Plastic/Misc/Plastic_Rough_Black_A.mdl	function: Plastic_Rough_Black_A(color,texture_2d,float,float,float,color,float,float,texture_2d,float,float,texture_2d,float,bool,texture_2d,float,texture_2d,bool,color,texture_2d,texture_2d,float,bool,texture_2d,float,bool,::base::mono_mode,float,float,float,texture_2d,float,texture_2d,bool,bool,bool,bool,int,float2,float,float2,float2,float,float2,float,float,bool)	parameter: diffuse_texture	Unable to resolve MDL resource for: '/Z73file_3A/root/astra_workspace/assets/Isaac/Props/Conveyors/Z2CMaterial_2520Library/Plastic/Textures/T_Plastic_Rough_Black_A_Albedo.png'.

2026-08-15T02:02:37Z [21,723ms] [Warning] [omni.usd] USD_MDL: in ResolveResource at line 557 of ../../source/plugins/omni.usdMdl/neuray.cpp -- module: /root/astra_workspace/assets/Isaac/Props/Conveyors/Material Library/Plastic/Misc/Plastic_Rough_Black_A.mdl	function: Plastic_Rough_Black_A(color,texture_2d,float,float,float,color,float,float,texture_2d,float,float,texture_2d,float,bool,texture_2d,float,texture_2d,bool,color,texture_2d,texture_2d,float,bool,texture_2d,float,bool,::base::mono_mode,float,float,float,texture_2d,float,texture_2d,bool,bool,bool,bool,int,float2,float,float2,float2,float,float2,float,float,bool)	parameter: ORM_texture	Unable to resolve MDL resource for: '/Z73file_3A/root/astra_workspace/assets/Isaac/Props/Conveyors/Z2CMaterial_2520Library/Plastic/Textures/T_Plastic_Rough_Black_A_ORM.png'.

2026-08-15T02:02:37Z [21,728ms] [Error] [rtx.mdltranslator.plugin] Texture file referenced in the material parameter defaults wasn't resolved properly: 'file:/root/astra_workspace/assets/Isaac/Props/Conveyors/Material%20Library/Plastic/Textures/T_Plastic_Rough_Black_A_ORM.png'
2026-08-15T02:02:37Z [21,728ms] [Error] [rtx.mdltranslator.plugin] Texture file referenced in the material parameter defaults wasn't resolved properly: 'file:/root/astra_workspace/assets/Isaac/Props/Conveyors/Material%20Library/Plastic/Textures/T_Plastic_Rough_Black_A_Albedo.png'
2026-08-15T02:02:37Z [21,739ms] [Error] [rtx.mdltranslator.plugin] Texture file referenced in the material parameter defaults wasn't resolved properly: 'file:/root/astra_workspace/assets/Isaac/Props/Conveyors/Material%20Library/Plastic/Textures/T_Plastic_Rough_Black_A_ORM.png'
2026-08-15T02:02:37Z [21,739ms] [Error] [rtx.mdltranslator.plugin] Texture file referenced in the material parameter defaults wasn't resolved properly: 'file:/root/astra_workspace/assets/Isaac/Props/Conveyors/Material%20Library/Plastic/Textures/T_Plastic_Rough_Black_A_Albedo.png'
2026-08-15T02:02:37Z [21,756ms] [Warning] [omni.usd] USD_MDL: in ResolveResource at line 557 of ../../source/plugins/omni.usdMdl/neuray.cpp -- module: /root/astra_workspace/assets/Isaac/Props/Conveyors/Material Library/Plastic/Misc/Plastic_Red_A.mdl	function: Plastic_Red_A(color,texture_2d,float,float,float,color,float,float,texture_2d,float,float,texture_2d,float,bool,texture_2d,float,texture_2d,bool,color,texture_2d,texture_2d,float,bool,texture_2d,float,bool,::base::mono_mode,float,float,float,texture_2d,float,texture_2d,bool,bool,bool,bool,int,float2,float,float2,float2,float,float2,float,float,bool)	parameter: diffuse_texture	Unable to resolve MDL resource for: '/Z73file_3A/root/astra_workspace/assets/Isaac/Props/Conveyors/Z2CMaterial_2520Library/Plastic/Textures/T_Plastic_Red_A_Albedo.png'.

2026-08-15T02:02:37Z [21,757ms] [Warning] [omni.usd] USD_MDL: in ResolveResource at line 557 of ../../source/plugins/omni.usdMdl/neuray.cpp -- module: /root/astra_workspace/assets/Isaac/Props/Conveyors/Material Library/Plastic/Misc/Plastic_Red_A.mdl	function: Plastic_Red_A(color,texture_2d,float,float,float,color,float,float,texture_2d,float,float,texture_2d,float,bool,texture_2d,float,texture_2d,bool,color,texture_2d,texture_2d,float,bool,texture_2d,float,bool,::base::mono_mode,float,float,float,texture_2d,float,texture_2d,bool,bool,bool,bool,int,float2,float,float2,float2,float,float2,float,float,bool)	parameter: ORM_texture	Unable to resolve MDL resource for: '/Z73file_3A/root/astra_workspace/assets/Isaac/Props/Conveyors/Z2CMaterial_2520Library/Plastic/Textures/T_Plastic_Red_A_ORM.png'.

2026-08-15T02:02:37Z [21,758ms] [Warning] [omni.usd] USD_MDL: in ResolveResource at line 557 of ../../source/plugins/omni.usdMdl/neuray.cpp -- module: /root/astra_workspace/assets/Isaac/Props/Conveyors/Material Library/Plastic/Misc/Plastic_Red_A.mdl	function: Plastic_Red_A(color,texture_2d,float,float,float,color,float,float,texture_2d,float,float,texture_2d,float,bool,texture_2d,float,texture_2d,bool,color,texture_2d,texture_2d,float,bool,texture_2d,float,bool,::base::mono_mode,float,float,float,texture_2d,float,texture_2d,bool,bool,bool,bool,int,float2,float,float2,float2,float,float2,float,float,bool)	parameter: normalmap_texture	Unable to resolve MDL resource for: '/Z73file_3A/root/astra_workspace/assets/Isaac/Props/Conveyors/Z2CMaterial_2520Library/Plastic/Textures/T_Plastic_Red_A_Normal.png'.

2026-08-15T02:02:37Z [21,762ms] [Error] [rtx.mdltranslator.plugin] Texture file referenced in the material parameter defaults wasn't resolved properly: 'file:/root/astra_workspace/assets/Isaac/Props/Conveyors/Material%20Library/Plastic/Textures/T_Plastic_Red_A_ORM.png'
2026-08-15T02:02:37Z [21,763ms] [Error] [rtx.mdltranslator.plugin] Texture file referenced in the material parameter defaults wasn't resolved properly: 'file:/root/astra_workspace/assets/Isaac/Props/Conveyors/Material%20Library/Plastic/Textures/T_Plastic_Red_A_Albedo.png'
2026-08-15T02:02:37Z [21,763ms] [Error] [rtx.mdltranslator.plugin] Texture file referenced in the material parameter defaults wasn't resolved properly: 'file:/root/astra_workspace/assets/Isaac/Props/Conveyors/Material%20Library/Plastic/Textures/T_Plastic_Red_A_Normal.png'
2026-08-15T02:02:37Z [21,773ms] [Error] [rtx.mdltranslator.plugin] Texture file referenced in the material parameter defaults wasn't resolved properly: 'file:/root/astra_workspace/assets/Isaac/Props/Conveyors/Material%20Library/Plastic/Textures/T_Plastic_Red_A_ORM.png'
2026-08-15T02:02:37Z [21,773ms] [Error] [rtx.mdltranslator.plugin] Texture file referenced in the material parameter defaults wasn't resolved properly: 'file:/root/astra_workspace/assets/Isaac/Props/Conveyors/Material%20Library/Plastic/Textures/T_Plastic_Red_A_Albedo.png'
2026-08-15T02:02:37Z [21,774ms] [Error] [rtx.mdltranslator.plugin] Texture file referenced in the material parameter defaults wasn't resolved properly: 'file:/root/astra_workspace/assets/Isaac/Props/Conveyors/Material%20Library/Plastic/Textures/T_Plastic_Red_A_Normal.png'
2026-08-15T02:02:37Z [21,780ms] [Warning] [omni.usd] USD_MDL: in ResolveResource at line 557 of ../../source/plugins/omni.usdMdl/neuray.cpp -- module: /root/astra_workspace/assets/Isaac/Props/Conveyors/Material Library/Metal/Steel/Steel_A.mdl	function: Steel_A(color,texture_2d,float,float,float,color,float,float,texture_2d,float,float,texture_2d,float,bool,texture_2d,float,texture_2d,bool,color,texture_2d,texture_2d,float,bool,texture_2d,float,bool,::base::mono_mode,float,float,float,texture_2d,float,texture_2d,bool,bool,bool,bool,int,float2,float,float2,float2,float,float2,float,float,bool)	parameter: diffuse_texture	Unable to resolve MDL resource for: '/Z73file_3A/root/astra_workspace/assets/Isaac/Props/Conveyors/Z2CMaterial_2520Library/Metal/Textures/T_Steel_A1_Albedo.png'.

2026-08-15T02:02:37Z [21,781ms] [Warning] [omni.usd] USD_MDL: in ResolveResource at line 557 of ../../source/plugins/omni.usdMdl/neuray.cpp -- module: /root/astra_workspace/assets/Isaac/Props/Conveyors/Material Library/Metal/Steel/Steel_A.mdl	function: Steel_A(color,texture_2d,float,float,float,color,float,float,texture_2d,float,float,texture_2d,float,bool,texture_2d,float,texture_2d,bool,color,texture_2d,texture_2d,float,bool,texture_2d,float,bool,::base::mono_mode,float,float,float,texture_2d,float,texture_2d,bool,bool,bool,bool,int,float2,float,float2,float2,float,float2,float,float,bool)	parameter: ORM_texture	Unable to resolve MDL resource for: '/Z73file_3A/root/astra_workspace/assets/Isaac/Props/Conveyors/Z2CMaterial_2520Library/Metal/Textures/T_Steel_A1_ORM.png'.

2026-08-15T02:02:37Z [21,781ms] [Warning] [omni.usd] USD_MDL: in ResolveResource at line 557 of ../../source/plugins/omni.usdMdl/neuray.cpp -- module: /root/astra_workspace/assets/Isaac/Props/Conveyors/Material Library/Metal/Steel/Steel_A.mdl	function: Steel_A(color,texture_2d,float,float,float,color,float,float,texture_2d,float,float,texture_2d,float,bool,texture_2d,float,texture_2d,bool,color,texture_2d,texture_2d,float,bool,texture_2d,float,bool,::base::mono_mode,float,float,float,texture_2d,float,texture_2d,bool,bool,bool,bool,int,float2,float,float2,float2,float,float2,float,float,bool)	parameter: normalmap_texture	Unable to resolve MDL resource for: '/Z73file_3A/root/astra_workspace/assets/Isaac/Props/Conveyors/Z2CMaterial_2520Library/Metal/Textures/T_Steel_A1_Normal.png'.

2026-08-15T02:02:37Z [21,785ms] [Error] [rtx.mdltranslator.plugin] Texture file referenced in the material parameter defaults wasn't resolved properly: 'file:/root/astra_workspace/assets/Isaac/Props/Conveyors/Material%20Library/Metal/Textures/T_Steel_A1_ORM.png'
2026-08-15T02:02:37Z [21,786ms] [Error] [rtx.mdltranslator.plugin] Texture file referenced in the material parameter defaults wasn't resolved properly: 'file:/root/astra_workspace/assets/Isaac/Props/Conveyors/Material%20Library/Metal/Textures/T_Steel_A1_Albedo.png'
2026-08-15T02:02:37Z [21,786ms] [Error] [rtx.mdltranslator.plugin] Texture file referenced in the material parameter defaults wasn't resolved properly: 'file:/root/astra_workspace/assets/Isaac/Props/Conveyors/Material%20Library/Metal/Textures/T_Steel_A1_Normal.png'
2026-08-15T02:02:37Z [21,796ms] [Error] [rtx.mdltranslator.plugin] Texture file referenced in the material parameter defaults wasn't resolved properly: 'file:/root/astra_workspace/assets/Isaac/Props/Conveyors/Material%20Library/Metal/Textures/T_Steel_A1_ORM.png'
2026-08-15T02:02:37Z [21,796ms] [Error] [rtx.mdltranslator.plugin] Texture file referenced in the material parameter defaults wasn't resolved properly: 'file:/root/astra_workspace/assets/Isaac/Props/Conveyors/Material%20Library/Metal/Textures/T_Steel_A1_Albedo.png'
2026-08-15T02:02:37Z [21,797ms] [Error] [rtx.mdltranslator.plugin] Texture file referenced in the material parameter defaults wasn't resolved properly: 'file:/root/astra_workspace/assets/Isaac/Props/Conveyors/Material%20Library/Metal/Textures/T_Steel_A1_Normal.png'
/root/miniforge3/envs/coordex/lib/python3.11/site-packages/gymnasium/wrappers/rendering.py:296: UserWarning: [33mWARN: Overwriting existing videos at /root/coordex/videos/CoorDex-WalkPickTurn-Wuji-v0 folder (try specifying a different `video_folder` for the `RecordVideo` wrapper if this is not desired)[0m
  logger.warn(
[INFO] Task: CoorDex-WalkPickTurn-Wuji-v0
[INFO] Policy checkpoint: /root/coordex/ckpts/locomanip/walkpickturn_30k.pt
[INFO] Body prior: /root/coordex/ckpts/body_prior/walkpickturn_30k.pt
[INFO] Hand prior: /root/coordex/ckpts/hand_prior/active_wrist_20k.pt
[INFO]: Base environment:
	Environment device    : cuda:0
	Environment seed      : None
	Physics step-size     : 0.004166666666666667
	Rendering step-size   : 0.016666666666666666
	Environment step-size : 0.016666666666666666
[INFO]: Time taken for scene creation : 1.436402 seconds
[INFO]: Scene manager:  <class InteractiveScene>
	Number of environments: 1
	Environment spacing   : 5.0
	Source prim name      : /World/envs/env_0
	Global prim paths     : ['/World/ground']
	Replicate physics     : True
[INFO]: Starting the simulation. This may take a few seconds. Please wait...
[INFO]: Time taken for simulation start : 4.266264 seconds
[INFO] Command Manager:  <CommandManager> contains 1 active terms.
+------------------------------------------+
|           Active Command Terms           |
+-------+-------+--------------------------+
| Index | Name  |           Type           |
+-------+-------+--------------------------+
|   0   | stage | WalkPickTurnStageCommand |
+-------+-------+--------------------------+

[INFO] Event Manager:  <EventManager> contains 2 active terms.
+----------------------------------+
| Active Event Terms in Mode: 'reset' |
+-----------+----------------------+
|   Index   | Name                 |
+-----------+----------------------+
|     0     | reset_scene          |
+-----------+----------------------+
+--------------------------------------+
| Active Event Terms in Mode: 'startup' |
+----------+---------------------------+
|  Index   | Name                      |
+----------+---------------------------+
|    0     | physics_material          |
|    1     | base_com                  |
+----------+---------------------------+

[INFO] Recorder Manager:  <RecorderManager> contains 0 active terms.
+---------------------+
| Active Recorder Terms |
+-----------+---------+
|   Index   | Name    |
+-----------+---------+
+-----------+---------+

[INFO] Action Manager:  <ActionManager> contains 1 active terms.
+------------------------------------+
|  Active Action Terms (shape: 28)   |
+--------+-------------+-------------+
| Index  | Name        |   Dimension |
+--------+-------------+-------------+
|   0    | joint_pos   |          28 |
+--------+-------------+-------------+

[INFO] Observation Manager: <ObservationManager> contains 2 groups.
+------------------------------------------------------------+
| Active Observation Terms in Group: 'policy' (shape: (655,)) |
+----------+------------------------------------+------------+
|  Index   | Name                               |   Shape    |
+----------+------------------------------------+------------+
|    0     | stage                              |    (5,)    |
|    1     | projected_gravity                  |    (3,)    |
|    2     | humanoid_prior                     |   (465,)   |
|    3     | right_hand_prior                   |   (66,)    |
|    4     | last_latent                        |   (28,)    |
|    5     | fingertip_cube_forces              |   (15,)    |
|    6     | cube_pose                          |    (9,)    |
|    7     | source_table_pose                  |    (9,)    |
|    8     | target_table_pose                  |    (9,)    |
|    9     | target_region_pose                 |    (9,)    |
|    10    | cube_pose_in_hand                  |    (9,)    |
|    11    | body_prior_mean                    |   (16,)    |
|    12    | hand_prior_mean                    |   (12,)    |
+----------+------------------------------------+------------+
+------------------------------------------------------------+
| Active Observation Terms in Group: 'critic' (shape: (627,)) |
+----------+------------------------------------+------------+
|  Index   | Name                               |   Shape    |
+----------+------------------------------------+------------+
|    0     | stage                              |    (5,)    |
|    1     | projected_gravity                  |    (3,)    |
|    2     | humanoid_prior                     |   (465,)   |
|    3     | right_hand_prior                   |   (66,)    |
|    4     | last_latent                        |   (28,)    |
|    5     | fingertip_cube_forces              |   (15,)    |
|    6     | cube_pose                          |    (9,)    |
|    7     | source_table_pose                  |    (9,)    |
|    8     | target_table_pose                  |    (9,)    |
|    9     | target_region_pose                 |    (9,)    |
|    10    | cube_pose_in_hand                  |    (9,)    |
+----------+------------------------------------+------------+

[INFO] Termination Manager:  <TerminationManager> contains 6 active terms.
+------------------------------------------------+
|            Active Termination Terms            |
+-------+-----------------------------+----------+
| Index | Name                        | Time Out |
+-------+-----------------------------+----------+
|   0   | time_out                    |   True   |
|   1   | success                     |  False   |
|   2   | cube_dropped                |  False   |
|   3   | robot_root_state_blowup     |  False   |
|   4   | robot_joint_velocity_blowup |  False   |
|   5   | robot_fall                  |  False   |
+-------+-----------------------------+----------+

[INFO] Reward Manager:  <RewardManager> contains 28 active terms.
+-------------------------------------------------+
|               Active Reward Terms               |
+-------+--------------------------------+--------+
| Index | Name                           | Weight |
+-------+--------------------------------+--------+
|   0   | robot_object_distance          |   15.0 |
|   1   | stage_progress_bonus           |   50.0 |
|   2   | heading_to_object              |  -10.0 |
|   3   | right_hand_target_pose         |   15.0 |
|   4   | right_hand_prep_region_penalty |   -5.0 |
|   5   | right_hand_flat_stage0         |   -5.0 |
|   6   | keep_hand_origin               |    5.0 |
|   7   | hand_cube_distance             |   20.0 |
|   8   | fingertip_contact              |   10.0 |
|   9   | grasp_force                    |   10.0 |
|   10  | cube_lift_height               |   50.0 |
|   11  | hold_object                    |   20.0 |
|   12  | cube_not_lifted                |  -10.0 |
|   13  | cube_table_contact_move        |   -5.0 |
|   14  | cube_hand_rel_move             |   -5.0 |
|   15  | upright_orientation            |    5.0 |
|   16  | success_bonus                  | 1000.0 |
|   17  | action_rate_l2                 |  -0.01 |
|   18  | joint_action_rate_l2           |  -0.01 |
|   19  | left_arm_joint_velocity_l2     |  -0.01 |
|   20  | dof_velocity_l2                |  -0.01 |
|   21  | large_lin_vx                   |  -10.0 |
|   22  | large_lin_vy                   |  -10.0 |
|   23  | large_ang_vel                  |   -5.0 |
|   24  | feet_slip                      |   -5.0 |
|   25  | undesired_table_contacts       |  -10.0 |
|   26  | robot_fall_penalty             |  -10.0 |
|   27  | zero_vel_stage_1_4             |  -10.0 |
+-------+--------------------------------+--------+

[INFO] Curriculum Manager:  <CurriculumManager> contains 0 active terms.
+----------------------+
| Active Curriculum Terms |
+-----------+----------+
|   Index   | Name     |
+-----------+----------+
+-----------+----------+

[INFO]: Completed setting up the environment...
[INFO] Recording video.
        video_folder: /root/coordex/videos/CoorDex-WalkPickTurn-Wuji-v0
        step_trigger: lambda step: step == 0
        video_length: 900
        disable_logger: True
[W] object size=0.6,0.4,0.12 mass=2.0 ATTACH_DIST=0.3 (bimanual midpoint weld)
[W] s  25 attached=0/1 min_dist=0.979
[W] s  50 attached=0/1 min_dist=0.550
[W] step   63 env0 ATTACHED  dist=0.295  l_palm=[1.397153615951538, 3.445812940597534, 0.7323048114776611]  r_palm=[1.7097612619400024, 3.0894997119903564, 0.8856469392776489]
[W] s  75 attached=1/1 min_dist=0.334
[W] s 100 attached=1/1 min_dist=0.296
[W] s 125 attached=1/1 min_dist=0.266
[W] s 150 attached=1/1 min_dist=0.284
[W] s 175 attached=1/1 min_dist=0.268
[W] s 200 attached=1/1 min_dist=0.244
[W] s 225 attached=1/1 min_dist=0.284
[W] s 250 attached=1/1 min_dist=0.307
[W] s 275 attached=1/1 min_dist=0.333
[W] s 300 attached=1/1 min_dist=0.332
[W] s 325 attached=1/1 min_dist=0.295
[W] s 350 attached=1/1 min_dist=0.299
[W] s 375 attached=1/1 min_dist=0.289
[W] s 400 attached=1/1 min_dist=0.289
[W] s 425 attached=1/1 min_dist=0.310
[W] s 450 attached=1/1 min_dist=0.279
[W] s 475 attached=1/1 min_dist=0.266
[W] s 500 attached=1/1 min_dist=0.257
[W] s 525 attached=1/1 min_dist=0.261
[W] s 550 attached=1/1 min_dist=0.281
[W] s 575 attached=1/1 min_dist=0.284
[W] s 600 attached=0/1 min_dist=1.195
[W] step  601 env0 ATTACHED  dist=0.224  l_palm=[0.7779557704925537, 3.3233327865600586, 0.7212423086166382]  r_palm=[0.7785961627960205, 2.876894950866699, 0.7195889949798584]
[W] s 625 attached=1/1 min_dist=0.277
[W] s 650 attached=1/1 min_dist=0.315
[W] s 675 attached=1/1 min_dist=0.332
[W] s 700 attached=1/1 min_dist=0.360
[W] s 725 attached=1/1 min_dist=0.340
[W] s 750 attached=1/1 min_dist=0.332
[W] s 775 attached=1/1 min_dist=0.318
[W] s 800 attached=1/1 min_dist=0.311
[W] s 825 attached=1/1 min_dist=0.320
[W] s 850 attached=1/1 min_dist=0.315
[W] s 875 attached=1/1 min_dist=0.325
[W] s 900 attached=1/1 min_dist=0.305
[W] done. total attach events=2
2026-08-15T02:02:38Z [23,351ms] [Warning] [omni.syntheticdata.plugin] OgnSdPostRenderVarToHost : rendervar copy from texture directly to host buffer is counter-performant. Please use copy from texture to device buffer first.
2026-08-15T02:02:47Z [31,723ms] [Warning] [carb] Client gpu.foundation.plugin has acquired [gpu::unstable::IMemoryBudgetManagerFactory v0.1] 100 times. Consider accessing this interface with carb::getCachedInterface() (Performance warning)
